ICP_ENVIRONMENT=local bash scripts/ci/run-with-test-scratch.sh \
	bash scripts/ci/run-workspace-tests.sh targeted-pocketic "$CANIC_POCKETIC_CASE"
workspace test inventory guard passed (39 targets: 30 parallel, 9 serial PocketIC)
PocketIC version alignment passed (16.0.0)
==> using pinned PocketIC server binary: /home/adam/.cache/canic/pocket-ic-server-16.0.0/pocket-ic
==> prefetching locked dependency graph for offline metadata checks
==> native ICP CLI: /home/adam/.cargo/bin/icp (icp 1.4.0)
==> shared PocketIC server ready: http://127.0.0.1:33555/
==> targeted canic-testing-internal PocketIC proof
==> verifying exact test identity (listing only)
   Compiling canic v0.110.14 (/home/adam/projects/canic/crates/canic)
   Compiling canic-cli v0.110.14 (/home/adam/projects/canic/crates/canic-cli)
   Compiling canic-testing-internal v0.110.14 (/home/adam/projects/canic/crates/canic-testing-internal)
    Finished `test` profile [optimized + debuginfo] target(s) in 28.13s
     Running unittests src/lib.rs (target/debug/deps/canic_testing_internal-98f4db7d885c1122)
    Finished `test` profile [optimized + debuginfo] target(s) in 0.33s
     Running unittests src/lib.rs (target/debug/deps/canic_testing_internal-98f4db7d885c1122)

running 1 test
test pic::fleet_registry::baseline::tests::prepared_root_initial_shard_bootstrap_reaches_terminal_component_membership ... Build declaration cache root: miss (extracted current Wasm)
[WASM]       SIZE   root/candidate.wasm  code=8.54 MiB (8955708 B)  headroom=1.46 MiB (1530052 B)
Build phase finalization /home/adam/projects/canic/.canic/release-builds/a4c128728412f11837b79ce8562e3115451db387e17361b79b4f15d02cbb36ae/artifacts/root/root.wasm: shrink=1.68s candid=1.52s binaryen=0.00s gzip/validation=0.53s total=3.77s
[WASM]       DONE   Fleet Coordinator artifact                           1m 50s
[WASM]       RUN    canister_index_child (1/6)
[WASM]       RUN    canister_index_hub (2/6)
[WASM]       RUN    canister_scale_hub (3/6)
[WASM]       RUN    canister_scale (4/6)
[WASM]       RUN    canister_user_hub (5/6)
[WASM]       RUN    canister_user_shard (6/6)
[WASM]       DONE   canister_index_child                                 37.37s
[WASM]       DONE   canister_index_hub                                    6.10s
[WASM]       DONE   canister_scale_hub                                    6.06s
[WASM]       DONE   canister_scale                                        5.80s
[WASM]       DONE   canister_user_hub                                    38.71s
[WASM]       DONE   canister_user_shard                                  37.23s
[WASM]       DONE   batch: 6 built, 0 cached, 0 failed                   2m 11s
[FLEET]      RUN    starting PocketIC instance
[FLEET]      READY  PocketIC instance
[FLEET]      RUN    building bootstrap wasm_store artifact
[WASM]       DONE   bootstrap Store artifact                             37.25s
[FLEET]      RUN    building PIC root wasm artifact
[WASM]       RUN    delegation_root_stub (1/1)
[WASM]       DONE   delegation_root_stub                                 53.19s
[FLEET]      RUN    finished PIC wasm build
ok

test result: ok. 1 passed; 0 failed; 0 ignored; 0 measured; 64 filtered out; finished in 467.42s

==> shared PocketIC resources after targeted canic-testing-internal PocketIC proof: rss=477488 kB high_water=500172 kB threads=19
==> targeted canic-testing-internal PocketIC proof done in 496s

==> workspace timing summary
kind             elapsed  result label
----             -------  ------ -----
pocketic-serial  496s     PASS   targeted canic-testing-internal PocketIC proof
workspace runner wall time: 497s
WORKSPACE TESTS PASSED: all requested suites succeeded.
==> leaving Cargo build artifacts intact
==> clearing invocation-owned test scratch: test-runtime.E7cfnS

--- Revocation before recycling checkpoint ---
ICP_ENVIRONMENT=local bash scripts/ci/run-with-test-scratch.sh \
	bash scripts/ci/run-workspace-tests.sh targeted-pocketic "$CANIC_POCKETIC_CASE"
workspace test inventory guard passed (39 targets: 30 parallel, 9 serial PocketIC)
PocketIC version alignment passed (16.0.0)
==> using pinned PocketIC server binary: /home/adam/.cache/canic/pocket-ic-server-16.0.0/pocket-ic
==> prefetching locked dependency graph for offline metadata checks
==> native ICP CLI: /home/adam/.cargo/bin/icp (icp 1.4.0)
==> shared PocketIC server ready: http://127.0.0.1:43563/
==> targeted canic-testing-internal PocketIC proof
==> verifying exact test identity (listing only)
   Compiling canic-testing-internal v0.110.14 (/home/adam/projects/canic/crates/canic-testing-internal)
    Finished `test` profile [optimized + debuginfo] target(s) in 13.10s
     Running unittests src/lib.rs (target/debug/deps/canic_testing_internal-98f4db7d885c1122)
    Finished `test` profile [optimized + debuginfo] target(s) in 0.31s
     Running unittests src/lib.rs (target/debug/deps/canic_testing_internal-98f4db7d885c1122)

running 1 test
test pic::fleet_registry::baseline::tests::prepared_root_initial_shard_bootstrap_reaches_terminal_component_membership ... Build declaration cache root: miss (extracted current Wasm)
[WASM]       SIZE   root/candidate.wasm  code=8.57 MiB (8988987 B)  headroom=1.43 MiB (1496773 B)
Build phase finalization /home/adam/projects/canic/.canic/release-builds/a4c128728412f11837b79ce8562e3115451db387e17361b79b4f15d02cbb36ae/artifacts/root/root.wasm: shrink=1.55s candid=1.41s binaryen=0.00s gzip/validation=0.53s total=3.54s
[WASM]       CACHE  Fleet Coordinator artifact                            1.05s
[WASM]       RUN    canister_index_child (1/6)
[WASM]       RUN    canister_index_hub (2/6)
[WASM]       RUN    canister_scale_hub (3/6)
[WASM]       RUN    canister_scale (4/6)
[WASM]       RUN    canister_user_hub (5/6)
[WASM]       RUN    canister_user_shard (6/6)
[WASM]       CACHE  canister_index_child                                  0.50s
[WASM]       CACHE  canister_index_hub                                    0.01s
[WASM]       CACHE  canister_scale_hub                                    0.01s
[WASM]       CACHE  canister_scale                                        0.01s
[WASM]       CACHE  canister_user_hub                                     0.01s
[WASM]       CACHE  canister_user_shard                                   0.01s
[WASM]       DONE   batch: 0 built, 6 cached, 0 failed                    0.54s
[FLEET]      RUN    starting PocketIC instance
[FLEET]      READY  PocketIC instance
[FLEET]      RUN    building bootstrap wasm_store artifact
[WASM]       CACHE  bootstrap Store artifact                              1.04s
[FLEET]      RUN    building PIC root wasm artifact
[WASM]       RUN    delegation_root_stub (1/1)
[WASM]       CACHE  delegation_root_stub                                  0.45s
[FLEET]      RUN    finished PIC wasm build
ok

test result: ok. 1 passed; 0 failed; 0 ignored; 0 measured; 64 filtered out; finished in 52.34s

==> shared PocketIC resources after targeted canic-testing-internal PocketIC proof: rss=453812 kB high_water=476604 kB threads=19
==> targeted canic-testing-internal PocketIC proof done in 66s

==> workspace timing summary
kind             elapsed  result label
----             -------  ------ -----
pocketic-serial  66s      PASS   targeted canic-testing-internal PocketIC proof
workspace runner wall time: 67s
WORKSPACE TESTS PASSED: all requested suites succeeded.
==> leaving Cargo build artifacts intact
==> clearing invocation-owned test scratch: test-runtime.galsmw

=== Retained replacement grant and stopped-target startup checkpoint ===
ICP_ENVIRONMENT=local RUSTC_WRAPPER= CARGO_NET_OFFLINE=true make test-pocketic-case CASE=pic::fleet_registry::baseline::tests::prepared_root_initial_shard_bootstrap_reaches_terminal_component_membership
ICP_ENVIRONMENT=local bash scripts/ci/run-with-test-scratch.sh \
	bash scripts/ci/run-workspace-tests.sh targeted-pocketic "$CANIC_POCKETIC_CASE"
workspace test inventory guard passed (39 targets: 30 parallel, 9 serial PocketIC)
PocketIC version alignment passed (16.0.0)
==> using pinned PocketIC server binary: /home/adam/.cache/canic/pocket-ic-server-16.0.0/pocket-ic
==> prefetching locked dependency graph for offline metadata checks
==> native ICP CLI: /home/adam/.cargo/bin/icp (icp 1.4.0)
==> shared PocketIC server ready: http://127.0.0.1:37661/
==> targeted canic-testing-internal PocketIC proof
==> verifying exact test identity (listing only)
   Compiling canic-core v0.110.14 (/home/adam/projects/canic/crates/canic-core)
   Compiling canic-control-plane v0.110.14 (/home/adam/projects/canic/crates/canic-control-plane)
   Compiling canic v0.110.14 (/home/adam/projects/canic/crates/canic)
   Compiling canic-host v0.110.14 (/home/adam/projects/canic/crates/canic-host)
   Compiling canic-cli v0.110.14 (/home/adam/projects/canic/crates/canic-cli)
   Compiling canic-testing-internal v0.110.14 (/home/adam/projects/canic/crates/canic-testing-internal)
    Finished `test` profile [optimized + debuginfo] target(s) in 1m 00s
     Running unittests src/lib.rs (target/debug/deps/canic_testing_internal-98f4db7d885c1122)
    Finished `test` profile [optimized + debuginfo] target(s) in 0.31s
     Running unittests src/lib.rs (target/debug/deps/canic_testing_internal-98f4db7d885c1122)

running 1 test
test pic::fleet_registry::baseline::tests::prepared_root_initial_shard_bootstrap_reaches_terminal_component_membership ... Build declaration cache root: miss (extracted current Wasm)
[WASM]       SIZE   root/candidate.wasm  code=8.58 MiB (9000778 B)  headroom=1.42 MiB (1484982 B)
Build phase finalization /home/adam/projects/canic/.canic/release-builds/a4c128728412f11837b79ce8562e3115451db387e17361b79b4f15d02cbb36ae/artifacts/root/root.wasm: shrink=1.62s candid=1.50s binaryen=0.00s gzip/validation=0.54s total=3.70s
[WASM]       DONE   Fleet Coordinator artifact                           1m 40s
[WASM]       RUN    canister_index_child (1/6)
[WASM]       RUN    canister_index_hub (2/6)
[WASM]       RUN    canister_scale_hub (3/6)
[WASM]       RUN    canister_scale (4/6)
[WASM]       RUN    canister_user_hub (5/6)
[WASM]       RUN    canister_user_shard (6/6)
[WASM]       DONE   canister_index_child                                 34.98s
[WASM]       DONE   canister_index_hub                                    5.86s
[WASM]       DONE   canister_scale_hub                                    5.82s
[WASM]       DONE   canister_scale                                        5.55s
[WASM]       DONE   canister_user_hub                                    35.89s
[WASM]       DONE   canister_user_shard                                  34.96s
[WASM]       DONE   batch: 6 built, 0 cached, 0 failed                   2m 03s
[FLEET]      RUN    starting PocketIC instance
[FLEET]      READY  PocketIC instance
[FLEET]      RUN    building bootstrap wasm_store artifact
[WASM]       DONE   bootstrap Store artifact                             35.31s
[FLEET]      RUN    building PIC root wasm artifact
[WASM]       RUN    delegation_root_stub (1/1)
[WASM]       DONE   delegation_root_stub                                 49.56s
[FLEET]      RUN    finished PIC wasm build
ok

test result: ok. 1 passed; 0 failed; 0 ignored; 0 measured; 64 filtered out; finished in 436.53s

==> shared PocketIC resources after targeted canic-testing-internal PocketIC proof: rss=484980 kB high_water=531564 kB threads=19
==> targeted canic-testing-internal PocketIC proof done in 497s

==> workspace timing summary
kind             elapsed  result label
----             -------  ------ -----
pocketic-serial  497s     PASS   targeted canic-testing-internal PocketIC proof
workspace runner wall time: 498s
WORKSPACE TESTS PASSED: all requested suites succeeded.
==> leaving Cargo build artifacts intact
==> clearing invocation-owned test scratch: test-runtime.nuVO6B


CANIC-165 explicit Store retirement - 2026-09-12
ICP_ENVIRONMENT=local bash scripts/ci/run-with-test-scratch.sh \
	bash scripts/ci/run-workspace-tests.sh targeted-pocketic "$CANIC_POCKETIC_CASE"
workspace test inventory guard passed (39 targets: 30 parallel, 9 serial PocketIC)
PocketIC version alignment passed (16.0.0)
==> using pinned PocketIC server binary: /home/adam/.cache/canic/pocket-ic-server-16.0.0/pocket-ic
==> prefetching locked dependency graph for offline metadata checks
==> native ICP CLI: /home/adam/.cargo/bin/icp (icp 1.4.0)
==> shared PocketIC server ready: http://127.0.0.1:36531/
==> targeted canic-testing-internal PocketIC proof
==> verifying exact test identity (listing only)
   Compiling canic-control-plane v0.110.14 (/home/adam/projects/canic/crates/canic-control-plane)
   Compiling canic-host v0.110.14 (/home/adam/projects/canic/crates/canic-host)
   Compiling canic-cli v0.110.14 (/home/adam/projects/canic/crates/canic-cli)
   Compiling canic-testing-internal v0.110.14 (/home/adam/projects/canic/crates/canic-testing-internal)
    Finished `test` profile [optimized + debuginfo] target(s) in 34.44s
     Running unittests src/lib.rs (target/debug/deps/canic_testing_internal-a53636dabe5b59e7)
    Finished `test` profile [optimized + debuginfo] target(s) in 0.34s
     Running unittests src/lib.rs (target/debug/deps/canic_testing_internal-a53636dabe5b59e7)

running 1 test
test pic::fleet_registry::baseline::tests::published_draining_root_autonomously_reaches_external_deletion_readiness ... [FLEET]      RUN    building bootstrap wasm_store artifact
[WASM]       DONE   bootstrap Store artifact                             43.79s
[FLEET]      RUN    building PIC root wasm artifact
[WASM]       RUN    delegation_root_stub (1/1)
[WASM]       DONE   delegation_root_stub                                 26.06s
[FLEET]      RUN    finished PIC wasm build
[FLEET]      DONE   root artifacts ready                                 1m 11s
[WASM]       DONE   Fleet Coordinator artifact                            4.38s
[FLEET]      DONE   Coordinator artifact ready                            4.81s
[WASM]       RUN    delegation_issuer_stub (1/1)
[WASM]       DONE   delegation_issuer_stub                                5.93s
[FLEET]      DONE   Store and Component artifacts ready                   7.09s
[FLEET]      RUN    starting PocketIC instance
[FLEET]      READY  PocketIC instance
[FLEET]      DONE   PocketIC topology ready                               0.10s
[FLEET]      DONE   Root and Store installed                              4.10s
[FLEET]      DONE   Coordinator installed                                 1.52s
[FLEET]      DONE   Root joined and synchronized                          0.11s
[FLEET]      DONE   Component Registry activated                          2.85s
[FLEET]      DONE   fresh Fleet validated                                 0.01s
[FLEET]      DONE   fresh Fleet setup complete                           1m 32s
[WASM]       RUN    delegation_root_stub (1/2)
[WASM]       RUN    cycles_ledger_stub (2/2)
[WASM]       DONE   delegation_root_stub                                 25.96s
[WASM]       CACHE  cycles_ledger_stub                                    0.00s
[WASM]       DONE   batch: 1 built, 1 cached, 0 failed                   25.96s
ok

test result: ok. 1 passed; 0 failed; 0 ignored; 0 measured; 64 filtered out; finished in 122.35s

==> shared PocketIC resources after targeted canic-testing-internal PocketIC proof: rss=365640 kB high_water=382376 kB threads=21
==> targeted canic-testing-internal PocketIC proof done in 157s

==> workspace timing summary
kind             elapsed  result label
----             -------  ------ -----
pocketic-serial  157s     PASS   targeted canic-testing-internal PocketIC proof
workspace runner wall time: 158s
WORKSPACE TESTS PASSED: all requested suites succeeded.
==> leaving Cargo build artifacts intact
==> clearing invocation-owned test scratch: test-runtime.C2Esb7

=== Fixture-bearing retirement: make test-pocketic-case CASE=pic::fleet_registry::baseline::tests::prepared_root_initial_shard_bootstrap_reaches_terminal_component_membership [failed] ===
ICP_ENVIRONMENT=local bash scripts/ci/run-with-test-scratch.sh \
	bash scripts/ci/run-workspace-tests.sh targeted-pocketic "$CANIC_POCKETIC_CASE"
workspace test inventory guard passed (39 targets: 30 parallel, 9 serial PocketIC)
PocketIC version alignment passed (16.0.0)
==> using pinned PocketIC server binary: /home/adam/.cache/canic/pocket-ic-server-16.0.0/pocket-ic
==> prefetching locked dependency graph for offline metadata checks
==> native ICP CLI: /home/adam/.cargo/bin/icp (icp 1.4.0)
==> shared PocketIC server ready: http://127.0.0.1:37229/
==> targeted canic-testing-internal PocketIC proof
==> verifying exact test identity (listing only)
   Compiling canic-testing-internal v0.110.14 (/home/adam/projects/canic/crates/canic-testing-internal)
    Finished `test` profile [optimized + debuginfo] target(s) in 14.18s
     Running unittests src/lib.rs (target/debug/deps/canic_testing_internal-a53636dabe5b59e7)
    Finished `test` profile [optimized + debuginfo] target(s) in 0.31s
     Running unittests src/lib.rs (target/debug/deps/canic_testing_internal-a53636dabe5b59e7)

running 1 test
test pic::fleet_registry::baseline::tests::prepared_root_initial_shard_bootstrap_reaches_terminal_component_membership ... Build declaration cache root: miss (extracted current Wasm)
[WASM]       SIZE   root/candidate.wasm  code=8.56 MiB (8975100 B)  headroom=1.44 MiB (1510660 B)
Build phase finalization /home/adam/projects/canic/.canic/release-builds/a4c128728412f11837b79ce8562e3115451db387e17361b79b4f15d02cbb36ae/artifacts/root/root.wasm: shrink=1.61s candid=1.45s binaryen=0.00s gzip/validation=0.54s total=3.63s
[WASM]       CACHE  Fleet Coordinator artifact                            1.05s
[WASM]       RUN    canister_index_child (1/6)
[WASM]       RUN    canister_index_hub (2/6)
[WASM]       RUN    canister_scale_hub (3/6)
[WASM]       RUN    canister_scale (4/6)
[WASM]       RUN    canister_user_hub (5/6)
[WASM]       RUN    canister_user_shard (6/6)
[WASM]       DONE   canister_index_child                                 39.09s
[WASM]       DONE   canister_index_hub                                    5.95s
[WASM]       DONE   canister_scale_hub                                    6.01s
[WASM]       DONE   canister_scale                                        5.92s
[WASM]       DONE   canister_user_hub                                    42.49s
[WASM]       DONE   canister_user_shard                                  43.55s
[WASM]       DONE   batch: 6 built, 0 cached, 0 failed                   2m 23s
[FLEET]      RUN    starting PocketIC instance
[FLEET]      READY  PocketIC instance
[FLEET]      RUN    building bootstrap wasm_store artifact
[WASM]       CACHE  bootstrap Store artifact                              1.19s
[FLEET]      RUN    building PIC root wasm artifact
[WASM]       RUN    delegation_root_stub (1/1)
[WASM]       CACHE  delegation_root_stub                                  0.54s
[FLEET]      RUN    finished PIC wasm build
[WASM]       RUN    delegation_root_stub (1/2)
[WASM]       RUN    cycles_ledger_stub (2/2)
[WASM]       CACHE  delegation_root_stub                                  0.60s
[WASM]       CACHE  cycles_ledger_stub                                    0.01s
[WASM]       DONE   batch: 0 built, 2 cached, 0 failed                    0.61s

thread 'pic::fleet_registry::baseline::tests::prepared_root_initial_shard_bootstrap_reaches_terminal_component_membership' (25229) panicked at crates/canic-testing-internal/src/pic/fleet_registry/baseline.rs:13251:10:
submit autonomous root removal: Error { code: 132 }
note: run with `RUST_BACKTRACE=1` environment variable to display a backtrace
FAILED

failures:

failures:
    pic::fleet_registry::baseline::tests::prepared_root_initial_shard_bootstrap_reaches_terminal_component_membership

test result: FAILED. 0 passed; 1 failed; 0 ignored; 0 measured; 64 filtered out; finished in 296.23s

error: test failed, to rerun pass `-p canic-testing-internal --lib`
error: 1 target failed:
    `-p canic-testing-internal --lib`
==> shared PocketIC resources after targeted canic-testing-internal PocketIC proof: rss=484336 kB high_water=531760 kB threads=19
==> targeted canic-testing-internal PocketIC proof failed in 311s (exit 101)
==> shared PocketIC server stderr (last 40 lines)
2021-05-06 19:19:43.000000228 UTC: [Canister dmkut-c3777-77776-qaaaq-cai] [34mINFO [0m|    root    | [Rpc] root provision replay effect marked effect=provision_canister command_kind=root.allocate_placement_child caller=dxpiw-yd777-77776-qaaca-cai role=user_shard parent=dxpiw-yd777-77776-qaaca-cai
2021-05-06 19:19:43.000000229 UTC: [Canister dmkut-c3777-77776-qaaaq-cai] [31mERROR[0m|    root    | [Rpc] Component Child lifecycle failed stage=reserve diagnostic=E66
2021-05-06 19:19:43.000000229 UTC: [Canister dmkut-c3777-77776-qaaaq-cai] [31mERROR[0m|    root    | [Rpc] root provision replay recovery required effect=provision_canister command_kind=root.allocate_placement_child caller=dxpiw-yd777-77776-qaaca-cai role=user_shard parent=dxpiw-yd777-77776-qaaca-cai diagnostic=E66
2021-05-06 19:19:43.000000229 UTC: [Canister dmkut-c3777-77776-qaaaq-cai] [33mWARN [0m|    root    | [Rpc] execute_root_capability failed (capability=AllocatePlacementChild, caller=dxpiw-yd777-77776-qaaca-cai, subnet=dmkut-c3777-77776-qaaaq-cai, now=1620328783): E66
2021-05-06 19:19:43.000000231 UTC: [Canister dmkut-c3777-77776-qaaaq-cai] [34mINFO [0m|    root    | [Rpc] capability authorized (capability=AllocatePlacementChild, caller=dxpiw-yd777-77776-qaaca-cai, subnet=dmkut-c3777-77776-qaaaq-cai, now=1620328783)
2021-05-06 19:19:43.000000231 UTC: [Canister dmkut-c3777-77776-qaaaq-cai] [34mINFO [0m|    root    | [Rpc] root provision replay effect marked effect=provision_canister command_kind=root.allocate_placement_child caller=dxpiw-yd777-77776-qaaca-cai role=user_shard parent=dxpiw-yd777-77776-qaaca-cai
2021-05-06 19:19:43.000000234 UTC: [Canister ctche-bd777-77776-qaaea-cai] [34mINFO [0m|    ...     | [Init] 🏁 init: user_shard
2021-05-06 19:19:43.000000234 UTC: [Canister ctche-bd777-77776-qaaea-cai] [34mINFO [0m|    ...     | [Memory] 💾 memory.registry: bootstrapped
2021-05-06 19:19:43.000000235 UTC: [Canister dmkut-c3777-77776-qaaaq-cai] [32m OK  [0m|    root    | [CanisterLifecycle] install_chunked_code: ctche-bd777-77776-qaaea-cai store=dfj7p-ut777-77776-qaaba-cai chunks=1
2021-05-06 19:19:43.000000244 UTC: [Canister ctche-bd777-77776-qaaea-cai] [34mINFO [0m| user_shard | [Init] bootstrap (nonroot): init start
2021-05-06 19:19:43.000000244 UTC: [Canister ctche-bd777-77776-qaaea-cai] [34mINFO [0m| user_shard | [Init] bootstrap (nonroot): init complete
2021-05-06 19:19:43.000000244 UTC: [Canister ctche-bd777-77776-qaaea-cai] [34mINFO [0m| user_shard | [Init] canister marked READY
2021-05-06 19:19:43.000000247 UTC: [Canister dmkut-c3777-77776-qaaaq-cai] [31mERROR[0m|    root    | [Rpc] Component Child lifecycle failed stage=complete diagnostic=E140
2021-05-06 19:19:43.000000247 UTC: [Canister dmkut-c3777-77776-qaaaq-cai] [31mERROR[0m|    root    | [Rpc] root provision replay recovery required effect=provision_canister command_kind=root.allocate_placement_child caller=dxpiw-yd777-77776-qaaca-cai role=user_shard parent=dxpiw-yd777-77776-qaaca-cai diagnostic=E140
2021-05-06 19:19:43.000000247 UTC: [Canister dmkut-c3777-77776-qaaaq-cai] [33mWARN [0m|    root    | [Rpc] execute_root_capability failed (capability=AllocatePlacementChild, caller=dxpiw-yd777-77776-qaaca-cai, subnet=dmkut-c3777-77776-qaaaq-cai, now=1620328783): E140
2021-05-06 19:20:13.000000247 UTC: [Canister dmkut-c3777-77776-qaaaq-cai] [34mINFO [0m|    root    | [Rpc] capability authorized (capability=AcknowledgePlacementReceipt, caller=dciz3-zl777-77776-qaabq-cai, subnet=dmkut-c3777-77776-qaaaq-cai, now=1620328813)
2021-05-06 19:20:13.000000247 UTC: [Canister dmkut-c3777-77776-qaaaq-cai] [34mINFO [0m|    root    | [Rpc] capability authorized (capability=AcknowledgePlacementReceipt, caller=dxpiw-yd777-77776-qaaca-cai, subnet=dmkut-c3777-77776-qaaaq-cai, now=1620328813)
2021-05-06 19:20:13.000000248 UTC: [Canister dmkut-c3777-77776-qaaaq-cai] [34mINFO [0m|    root    | [Rpc] capability authorized (capability=AllocatePlacementChild, caller=dxpiw-yd777-77776-qaaca-cai, subnet=dmkut-c3777-77776-qaaaq-cai, now=1620328813)
2021-05-06 19:20:13.000000248 UTC: [Canister dmkut-c3777-77776-qaaaq-cai] [34mINFO [0m|    root    | [Rpc] root provision replay effect marked effect=provision_canister command_kind=root.allocate_placement_child caller=dxpiw-yd777-77776-qaaca-cai role=user_shard parent=dxpiw-yd777-77776-qaaca-cai
2021-05-06 19:20:13.000000250 UTC: [Canister dxpiw-yd777-77776-qaaca-cai] [32m OK  [0m|  user_hub  | [Sharding] ✨ shard.create: ctche-bd777-77776-qaaea-cai pool=user_shards slot=1
2021-05-06 19:20:13.000000250 UTC: [Canister dxpiw-yd777-77776-qaaca-cai] [32m OK  [0m|  user_hub  | [Sharding] ✨ partition_key=cghjm-npe4t-sojzh-e4tso-jzhe4-tsojz-he4ts-ojzhe-4tsoj-zhe4t-soi created+assigned shard=ctche-bd777-77776-qaaea-cai pool=user_shards slot=1
2021-05-06 19:20:13.000000251 UTC: [Canister dmkut-c3777-77776-qaaaq-cai] [32m OK  [0m|    root    | [CanisterLifecycle] 🗑️ uninstall_code: cudbq-m3777-77776-qaaeq-cai
2021-05-06 19:20:13.000000251 UTC: [Canister dxpiw-yd777-77776-qaaca-cai] [34mINFO [0m|  user_hub  | [Sharding] 📦 partition_key=cghjm-npe4t-sojzh-e4tso-jzhe4-tsojz-he4ts-ojzhe-4tsoj-zhe4t-soi already shard=ctche-bd777-77776-qaaea-cai pool=user_shards slot=Some(1)
2021-05-06 19:20:13.000000252 UTC: [Canister dmkut-c3777-77776-qaaaq-cai] [34mINFO [0m|    root    | [Rpc] capability authorized (capability=AcknowledgePlacementReceipt, caller=dxpiw-yd777-77776-qaaca-cai, subnet=dmkut-c3777-77776-qaaaq-cai, now=1620328813)
2021-05-06 19:20:20.000000257 UTC: [Canister dmkut-c3777-77776-qaaaq-cai] [32m OK  [0m|    root    | [CanisterLifecycle] stop_canister: ctche-bd777-77776-qaaea-cai
2021-05-06 19:20:28.000000257 UTC: [Canister dmkut-c3777-77776-qaaaq-cai] [32m OK  [0m|    root    | [CanisterLifecycle] 🗑️ uninstall_code: ctche-bd777-77776-qaaea-cai
2021-05-06 19:20:33.000000262 UTC: [Canister dmkut-c3777-77776-qaaaq-cai] [34mINFO [0m|    root    | [Rpc] capability authorized (capability=Provision, caller=dxpiw-yd777-77776-qaaca-cai, subnet=dmkut-c3777-77776-qaaaq-cai, now=1620328833)
2021-05-06 19:20:33.000000262 UTC: [Canister dmkut-c3777-77776-qaaaq-cai] [34mINFO [0m|    root    | [Rpc] root provision replay effect marked effect=provision_canister command_kind=root.provision caller=dxpiw-yd777-77776-qaaca-cai role=user_shard parent=dxpiw-yd777-77776-qaaca-cai
2021-05-06 19:20:33.000000265 UTC: [Canister ctche-bd777-77776-qaaea-cai] [34mINFO [0m|    ...     | [Init] 🏁 init: user_shard
2021-05-06 19:20:33.000000265 UTC: [Canister ctche-bd777-77776-qaaea-cai] [34mINFO [0m|    ...     | [Memory] 💾 memory.registry: bootstrapped
2021-05-06 19:20:33.000000266 UTC: [Canister dmkut-c3777-77776-qaaaq-cai] [32m OK  [0m|    root    | [CanisterLifecycle] install_chunked_code: ctche-bd777-77776-qaaea-cai store=dfj7p-ut777-77776-qaaba-cai chunks=1
2021-05-06 19:20:33.000000277 UTC: [Canister ctche-bd777-77776-qaaea-cai] [34mINFO [0m| user_shard | [Init] bootstrap (nonroot): init start
2021-05-06 19:20:33.000000277 UTC: [Canister ctche-bd777-77776-qaaea-cai] [34mINFO [0m| user_shard | [Init] bootstrap (nonroot): init complete
2021-05-06 19:20:33.000000277 UTC: [Canister ctche-bd777-77776-qaaea-cai] [34mINFO [0m| user_shard | [Init] canister marked READY
2021-05-06 19:20:33.000000280 UTC: [Canister dmkut-c3777-77776-qaaaq-cai] [31mERROR[0m|    root    | [Rpc] Component Child lifecycle failed stage=complete diagnostic=E140
2021-05-06 19:20:33.000000280 UTC: [Canister dmkut-c3777-77776-qaaaq-cai] [31mERROR[0m|    root    | [Rpc] root provision replay recovery required effect=provision_canister command_kind=root.provision caller=dxpiw-yd777-77776-qaaca-cai role=user_shard parent=dxpiw-yd777-77776-qaaca-cai diagnostic=E140
2021-05-06 19:20:33.000000280 UTC: [Canister dmkut-c3777-77776-qaaaq-cai] [33mWARN [0m|    root    | [Rpc] execute_root_capability failed (capability=Provision, caller=dxpiw-yd777-77776-qaaca-cai, subnet=dmkut-c3777-77776-qaaaq-cai, now=1620328833): E140
2021-05-06 19:21:03.000000281 UTC: [Canister dmkut-c3777-77776-qaaaq-cai] [34mINFO [0m|    root    | [Rpc] capability authorized (capability=Provision, caller=dxpiw-yd777-77776-qaaca-cai, subnet=dmkut-c3777-77776-qaaaq-cai, now=1620328863)
2021-05-06 19:21:03.000000281 UTC: [Canister dmkut-c3777-77776-qaaaq-cai] [34mINFO [0m|    root    | [Rpc] root provision replay effect marked effect=provision_canister command_kind=root.provision caller=dxpiw-yd777-77776-qaaca-cai role=user_shard parent=dxpiw-yd777-77776-qaaca-cai
2021-05-06 19:21:03.000000284 UTC: [Canister dmkut-c3777-77776-qaaaq-cai] [32m OK  [0m|    root    | [CanisterLifecycle] 🗑️ uninstall_code: c5akm-2t777-77776-qaafa-cai
==> shared PocketIC server stdout (last 40 lines)
2026-09-12T08:46:42.408957Z  INFO pocket_ic_server: The PocketIC server is listening on port 37229

==> workspace timing summary
kind             elapsed  result label
----             -------  ------ -----
pocketic-serial  311s     FAIL   targeted canic-testing-internal PocketIC proof
workspace runner wall time: 312s
WORKSPACE TESTS FAILED: targeted canic-testing-internal PocketIC proof
==> leaving Cargo build artifacts intact
==> clearing invocation-owned test scratch: test-runtime.aHSZbH
make: *** [Makefile:426: test-pocketic-case] Error 1

=== Fixture-bearing retirement: make test-pocketic-case CASE=pic::fleet_registry::baseline::tests::fixture_bearing_root_retirement_conserves_assets_and_cycles [failed] ===
ICP_ENVIRONMENT=local bash scripts/ci/run-with-test-scratch.sh \
	bash scripts/ci/run-workspace-tests.sh targeted-pocketic "$CANIC_POCKETIC_CASE"
workspace test inventory guard passed (39 targets: 30 parallel, 9 serial PocketIC)
PocketIC version alignment passed (16.0.0)
==> using pinned PocketIC server binary: /home/adam/.cache/canic/pocket-ic-server-16.0.0/pocket-ic
==> prefetching locked dependency graph for offline metadata checks
==> native ICP CLI: /home/adam/.cargo/bin/icp (icp 1.4.0)
==> shared PocketIC server ready: http://127.0.0.1:45973/
==> targeted canic-testing-internal PocketIC proof
==> verifying exact test identity (listing only)
   Compiling canic-testing-internal v0.110.14 (/home/adam/projects/canic/crates/canic-testing-internal)
    Finished `test` profile [optimized + debuginfo] target(s) in 21.08s
     Running unittests src/lib.rs (target/debug/deps/canic_testing_internal-a53636dabe5b59e7)
    Finished `test` profile [optimized + debuginfo] target(s) in 0.40s
     Running unittests src/lib.rs (target/debug/deps/canic_testing_internal-a53636dabe5b59e7)

running 1 test
test pic::fleet_registry::baseline::tests::fixture_bearing_root_retirement_conserves_assets_and_cycles ... [FLEET]      RUN    starting PocketIC instance
[FLEET]      READY  PocketIC instance
Build declaration cache root: miss (extracted current Wasm)
[WASM]       SIZE   root/candidate.wasm  code=8.56 MiB (8975100 B)  headroom=1.44 MiB (1510660 B)
Build phase finalization /home/adam/projects/canic/.canic/release-builds/a4c128728412f11837b79ce8562e3115451db387e17361b79b4f15d02cbb36ae/artifacts/root/root.wasm: shrink=1.72s candid=1.57s binaryen=0.00s gzip/validation=0.55s total=3.88s
[WASM]       CACHE  Fleet Coordinator artifact                            1.18s
[WASM]       RUN    canister_index_child (1/6)
[WASM]       RUN    canister_index_hub (2/6)
[WASM]       RUN    canister_scale_hub (3/6)
[WASM]       RUN    canister_scale (4/6)
[WASM]       RUN    canister_user_hub (5/6)
[WASM]       RUN    canister_user_shard (6/6)
[WASM]       CACHE  canister_index_child                                  0.56s
[WASM]       CACHE  canister_index_hub                                    0.01s
[WASM]       CACHE  canister_scale_hub                                    0.02s
[WASM]       CACHE  canister_scale                                        0.01s
[WASM]       CACHE  canister_user_hub                                     0.01s
[WASM]       CACHE  canister_user_shard                                   0.01s
[WASM]       DONE   batch: 0 built, 6 cached, 0 failed                    0.62s
[FLEET]      RUN    building bootstrap wasm_store artifact
[WASM]       CACHE  bootstrap Store artifact                              1.15s
[FLEET]      RUN    building PIC root wasm artifact
[WASM]       RUN    delegation_root_stub (1/1)
[WASM]       CACHE  delegation_root_stub                                  0.52s
[FLEET]      RUN    finished PIC wasm build
[WASM]       RUN    delegation_root_stub (1/2)
[WASM]       RUN    cycles_ledger_stub (2/2)
[WASM]       CACHE  delegation_root_stub                                  0.47s
[WASM]       CACHE  cycles_ledger_stub                                    0.01s
[WASM]       DONE   batch: 0 built, 2 cached, 0 failed                    0.48s
autonomous Root removal timeout: canister=dmkut-c3777-77776-qaaaq-cai status_sender=2vxsx-fae status=ok(state=Running version=15808 controllers=1 module_hash_bytes=32 memory_bytes=420_672_392 cycles=179_588_797_426_095) log_sender=2vxsx-fae logs=[55@1620328664000000182]="\u{1b}[31mERROR\u{1b}[0m|    root    | [Rpc] root provision replay recovery required effect=provision_canister command_kind=root.allocate_placement_child caller=dciz3-zl777-77776-qaabq-cai role=user_shard parent=dciz3-zl777-77776-qaabq-cai diagnostic=E140", [56@1620328664000000182]="\u{1b}[33mWARN \u{1b}[0m|    root    | [Rpc] execute_root_capability failed (capability=AllocatePlacementChild, caller=dciz3-zl777-77776-qaabq-cai, subnet=dmkut-c3777-77776-qaaaq-cai, now=1620328664): E140", [57@1620328668000000182]="\u{1b}[34mINFO \u{1b}[0m|    root    | [Rpc] capability authorized (capability=AllocatePlacementChild, caller=dciz3-zl777-77776-qaabq-cai, subnet=dmkut-c3777-77776-qaaaq-cai, now=1620328668)", [58@1620328668000000182]="\u{1b}[34mINFO \u{1b}[0m|    root    | [Rpc] root provision replay effect marked effect=provision_canister command_kind=root.allocate_placement_child caller=dciz3-zl777-77776-qaabq-cai role=user_shard parent=dciz3-zl777-77776-qaabq-cai", [59@1620328668000000182]="\u{1b}[31mERROR\u{1b}[0m|    root    | [Rpc] root provision replay recovery required effect=provision_canister command_kind=root.allocate_placement_child caller=dciz3-zl777-77776-qaabq-cai role=user_shard parent=dciz3-zl777-77776-qaabq-cai diagnostic=E140", [60@1620328668000000182]="\u{1b}[33mWARN \u{1b}[0m|    root    | [Rpc] execute_root_capability failed (capability=AllocatePlacementChild, caller=dciz3-zl777-77776-qaabq-cai, subnet=dmkut-c3777-77776-qaaaq-cai, now=1620328668): E140", [61@1620328672000000182]="\u{1b}[34mINFO \u{1b}[0m|    root    | [Rpc] capability authorized (capability=AllocatePlacementChild, caller=dciz3-zl777-77776-qaabq-cai, subnet=dmkut-c3777-77776-qaaaq-cai, now=1620328672)", [62@1620328672000000182]="\u{1b}[34mINFO \u{1b}[0m|    root    | [Rpc] root provision replay effect marked effect=provision_canister command_kind=root.allocate_placement_child caller=dciz3-zl777-77776-qaabq-cai role=user_shard parent=dciz3-zl777-77776-qaabq-cai", [63@1620328672000000182]="\u{1b}[31mERROR\u{1b}[0m|    root    | [Rpc] root provision replay recovery required effect=provision_canister command_kind=root.allocate_placement_child caller=dciz3-zl777-77776-qaabq-cai role=user_shard parent=dciz3-zl777-77776-qaabq-cai diagnostic=E140", [64@1620328672000000182]="\u{1b}[33mWARN \u{1b}[0m|    root    | [Rpc] execute_root_capability failed (capability=AllocatePlacementChild, caller=dciz3-zl777-77776-qaabq-cai, subnet=dmkut-c3777-77776-qaaaq-cai, now=1620328672): E140", [65@1620328676000000182]="\u{1b}[34mINFO \u{1b}[0m|    root    | [Rpc] capability authorized (capability=AllocatePlacementChild, caller=dciz3-zl777-77776-qaabq-cai, subnet=dmkut-c3777-77776-qaaaq-cai, now=1620328676)", [66@1620328676000000182]="\u{1b}[34mINFO \u{1b}[0m|    root    | [Rpc] root provision replay effect marked effect=provision_canister command_kind=root.allocate_placement_child caller=dciz3-zl777-77776-qaabq-cai role=user_shard parent=dciz3-zl777-77776-qaabq-cai", [67@1620328678000000184]="\u{1b}[34mINFO \u{1b}[0m|    root    | [Init] bootstrap (root:init) start", [68@1620328678000000184]="\u{1b}[34mINFO \u{1b}[0m|    root    | [Topology] root subnet identity initialized from lifecycle env: dmkut-c3777-77776-qaaaq-cai", [69@1620328678000000184]="\u{1b}[34mINFO \u{1b}[0m|    root    | [Init] bootstrap (root:init) prepared managed inventory for Fleet activation", [70@1620328678000000184]="\u{1b}[34mINFO \u{1b}[0m|    root    | [Sync] sync.state: root cascade start snapshot=[fs]", [71@1620328678000000187]="\u{1b}[34mINFO \u{1b}[0m|    root    | [Init] bootstrap (root:init) start", [72@1620328678000000187]="\u{1b}[34mINFO \u{1b}[0m|    root    | [Topology] root subnet identity initialized from lifecycle env: dmkut-c3777-77776-qaaaq-cai", [73@1620328678000000187]="\u{1b}[34mINFO \u{1b}[0m|    root    | [Init] bootstrap (root:init) complete", [74@1620328678000000187]="\u{1b}[34mINFO \u{1b}[0m|    root    | [Init] canister marked READY", [75@1620328679000000199]="\u{1b}[32m OK  \u{1b}[0m|    root    | [CanisterLifecycle] stop_canister: dciz3-zl777-77776-qaabq-cai", [76@1620328681000000207]="\u{1b}[32m OK  \u{1b}[0m|    root    | [CanisterLifecycle] stop_canister: dxpiw-yd777-77776-qaaca-cai", [77@1620328683000000213]="\u{1b}[32m OK  \u{1b}[0m|    root    | [CanisterLifecycle] 🗑\u{fe0f} uninstall_code: dxpiw-yd777-77776-qaaca-cai"
autonomous Coordinator Root-removal timeout: canister=dllsh-pd777-77776-qaaaa-cai status_sender=2vxsx-fae status=ok(state=Running version=3608 controllers=2 module_hash_bytes=32 memory_bytes=307_145_641 cycles=599_914_838_191_374) log_sender=2vxsx-fae logs=<empty>

thread 'pic::fleet_registry::baseline::tests::fixture_bearing_root_retirement_conserves_assets_and_cycles' (58340) panicked at crates/canic-testing-internal/src/pic/fleet_registry/baseline.rs:13469:13:
Root must autonomously reach external deletion readiness; root(final_inventory, removal, reclamation, binding, store_deletion, readiness_intent, readiness, preparation)=Some((false, false, false, false, false, false, false, false)); pool(tracked, store, store_deletion_pending, workload, handing_off)=(11, 1, 0, 1, 0); coordinator(draining, removal, readiness_intent, readiness, execution, completion)=Some((true, false, false, false, false, false)); progress_transitions=1; stagnant_seconds=511
note: run with `RUST_BACKTRACE=1` environment variable to display a backtrace
FAILED

failures:

failures:
    pic::fleet_registry::baseline::tests::fixture_bearing_root_retirement_conserves_assets_and_cycles

test result: FAILED. 0 passed; 1 failed; 0 ignored; 0 measured; 65 filtered out; finished in 133.03s

error: test failed, to rerun pass `-p canic-testing-internal --lib`
error: 1 target failed:
    `-p canic-testing-internal --lib`
==> shared PocketIC resources after targeted canic-testing-internal PocketIC proof: rss=423160 kB high_water=473860 kB threads=19
==> targeted canic-testing-internal PocketIC proof failed in 154s (exit 101)
==> shared PocketIC server stderr (last 40 lines)
2021-05-06 19:17:44.000000182 UTC: [Canister dciz3-zl777-77776-qaabq-cai] [33mWARN [0m|  user_hub  | [Init] non-root bootstrap waiting for managed authority (attempt 7/64): E61
2021-05-06 19:17:47.000000182 UTC: [Canister dxpiw-yd777-77776-qaaca-cai] [34mINFO [0m| user_shard | [Init] bootstrap (nonroot): init start
2021-05-06 19:17:47.000000182 UTC: [Canister dxpiw-yd777-77776-qaaca-cai] [34mINFO [0m| user_shard | [Init] bootstrap (nonroot): init complete
2021-05-06 19:17:47.000000182 UTC: [Canister dxpiw-yd777-77776-qaaca-cai] [34mINFO [0m| user_shard | [Init] canister marked READY
2021-05-06 19:17:48.000000182 UTC: [Canister dciz3-zl777-77776-qaabq-cai] [34mINFO [0m|  user_hub  | [Init] bootstrap (nonroot): init start
2021-05-06 19:17:48.000000182 UTC: [Canister dmkut-c3777-77776-qaaaq-cai] [34mINFO [0m|    root    | [Rpc] capability authorized (capability=AllocatePlacementChild, caller=dciz3-zl777-77776-qaabq-cai, subnet=dmkut-c3777-77776-qaaaq-cai, now=1620328668)
2021-05-06 19:17:48.000000182 UTC: [Canister dmkut-c3777-77776-qaaaq-cai] [34mINFO [0m|    root    | [Rpc] root provision replay effect marked effect=provision_canister command_kind=root.allocate_placement_child caller=dciz3-zl777-77776-qaabq-cai role=user_shard parent=dciz3-zl777-77776-qaabq-cai
2021-05-06 19:17:48.000000182 UTC: [Canister dmkut-c3777-77776-qaaaq-cai] [31mERROR[0m|    root    | [Rpc] root provision replay recovery required effect=provision_canister command_kind=root.allocate_placement_child caller=dciz3-zl777-77776-qaabq-cai role=user_shard parent=dciz3-zl777-77776-qaabq-cai diagnostic=E140
2021-05-06 19:17:48.000000182 UTC: [Canister dmkut-c3777-77776-qaaaq-cai] [33mWARN [0m|    root    | [Rpc] execute_root_capability failed (capability=AllocatePlacementChild, caller=dciz3-zl777-77776-qaabq-cai, subnet=dmkut-c3777-77776-qaaaq-cai, now=1620328668): E140
2021-05-06 19:17:48.000000182 UTC: [Canister dciz3-zl777-77776-qaabq-cai] [33mWARN [0m|  user_hub  | [Init] non-root bootstrap waiting for managed authority (attempt 8/64): E61
2021-05-06 19:17:52.000000182 UTC: [Canister dciz3-zl777-77776-qaabq-cai] [34mINFO [0m|  user_hub  | [Init] bootstrap (nonroot): init start
2021-05-06 19:17:52.000000182 UTC: [Canister dmkut-c3777-77776-qaaaq-cai] [34mINFO [0m|    root    | [Rpc] capability authorized (capability=AllocatePlacementChild, caller=dciz3-zl777-77776-qaabq-cai, subnet=dmkut-c3777-77776-qaaaq-cai, now=1620328672)
2021-05-06 19:17:52.000000182 UTC: [Canister dmkut-c3777-77776-qaaaq-cai] [34mINFO [0m|    root    | [Rpc] root provision replay effect marked effect=provision_canister command_kind=root.allocate_placement_child caller=dciz3-zl777-77776-qaabq-cai role=user_shard parent=dciz3-zl777-77776-qaabq-cai
2021-05-06 19:17:52.000000182 UTC: [Canister dmkut-c3777-77776-qaaaq-cai] [31mERROR[0m|    root    | [Rpc] root provision replay recovery required effect=provision_canister command_kind=root.allocate_placement_child caller=dciz3-zl777-77776-qaabq-cai role=user_shard parent=dciz3-zl777-77776-qaabq-cai diagnostic=E140
2021-05-06 19:17:52.000000182 UTC: [Canister dmkut-c3777-77776-qaaaq-cai] [33mWARN [0m|    root    | [Rpc] execute_root_capability failed (capability=AllocatePlacementChild, caller=dciz3-zl777-77776-qaabq-cai, subnet=dmkut-c3777-77776-qaaaq-cai, now=1620328672): E140
2021-05-06 19:17:52.000000182 UTC: [Canister dciz3-zl777-77776-qaabq-cai] [33mWARN [0m|  user_hub  | [Init] non-root bootstrap waiting for managed authority (attempt 9/64): E61
2021-05-06 19:17:56.000000182 UTC: [Canister dciz3-zl777-77776-qaabq-cai] [34mINFO [0m|  user_hub  | [Init] bootstrap (nonroot): init start
2021-05-06 19:17:56.000000182 UTC: [Canister dmkut-c3777-77776-qaaaq-cai] [34mINFO [0m|    root    | [Rpc] capability authorized (capability=AllocatePlacementChild, caller=dciz3-zl777-77776-qaabq-cai, subnet=dmkut-c3777-77776-qaaaq-cai, now=1620328676)
2021-05-06 19:17:56.000000182 UTC: [Canister dmkut-c3777-77776-qaaaq-cai] [34mINFO [0m|    root    | [Rpc] root provision replay effect marked effect=provision_canister command_kind=root.allocate_placement_child caller=dciz3-zl777-77776-qaabq-cai role=user_shard parent=dciz3-zl777-77776-qaabq-cai
2021-05-06 19:17:56.000000182 UTC: [Canister dciz3-zl777-77776-qaabq-cai] [32m OK  [0m|  user_hub  | [Sharding] ✨ shard.create: dxpiw-yd777-77776-qaaca-cai pool=user_shards slot=0
2021-05-06 19:17:56.000000182 UTC: [Canister dciz3-zl777-77776-qaabq-cai] [32m OK  [0m|  user_hub  | [Sharding] ✨ shard.bootstrap: dxpiw-yd777-77776-qaaca-cai pool=user_shards slot=0
2021-05-06 19:17:56.000000182 UTC: [Canister dciz3-zl777-77776-qaabq-cai] [34mINFO [0m|  user_hub  | [Init] bootstrap (nonroot): init complete
2021-05-06 19:17:56.000000182 UTC: [Canister dciz3-zl777-77776-qaabq-cai] [34mINFO [0m|  user_hub  | [Init] canister marked READY
2021-05-06 19:17:57.000000182 UTC: [Canister dciz3-zl777-77776-qaabq-cai] [33mWARN [0m|  user_hub  | [Rpc] placement receipt acknowledgement will retry operation_id=0ded5239a376a28cabc43aae8181c52949271e437c45bdf7a0c759cd146e955d: E61
2021-05-06 19:17:58.000000184 UTC: [Canister dmkut-c3777-77776-qaaaq-cai] [34mINFO [0m|    root    | [Init] bootstrap (root:init) start
2021-05-06 19:17:58.000000184 UTC: [Canister dmkut-c3777-77776-qaaaq-cai] [34mINFO [0m|    root    | [Topology] root subnet identity initialized from lifecycle env: dmkut-c3777-77776-qaaaq-cai
2021-05-06 19:17:58.000000184 UTC: [Canister dmkut-c3777-77776-qaaaq-cai] [34mINFO [0m|    root    | [Init] bootstrap (root:init) prepared managed inventory for Fleet activation
2021-05-06 19:17:58.000000184 UTC: [Canister dmkut-c3777-77776-qaaaq-cai] [34mINFO [0m|    root    | [Sync] sync.state: root cascade start snapshot=[fs]
2021-05-06 19:17:58.000000184 UTC: [Canister dfj7p-ut777-77776-qaaba-cai] [34mINFO [0m| wasm_store | [Sync] sync.state: non-root cascade start snapshot=[fs]
2021-05-06 19:17:58.000000187 UTC: [Canister dmkut-c3777-77776-qaaaq-cai] [34mINFO [0m|    root    | [Init] bootstrap (root:init) start
2021-05-06 19:17:58.000000187 UTC: [Canister dmkut-c3777-77776-qaaaq-cai] [34mINFO [0m|    root    | [Topology] root subnet identity initialized from lifecycle env: dmkut-c3777-77776-qaaaq-cai
2021-05-06 19:17:58.000000187 UTC: [Canister dmkut-c3777-77776-qaaaq-cai] [34mINFO [0m|    root    | [Init] bootstrap (root:init) complete
2021-05-06 19:17:58.000000187 UTC: [Canister dmkut-c3777-77776-qaaaq-cai] [34mINFO [0m|    root    | [Init] canister marked READY
2021-05-06 19:17:58.000000188 UTC: [Canister dciz3-zl777-77776-qaabq-cai] [34mINFO [0m|  user_hub  | [Sharding] 📦 partition_key=rzomn-spd4p-r6hy7-d4pr6-hy7d4-pr6hy-7d4pr-6hy7d-4pr6h-y7d4p-r6g assigned shard=dxpiw-yd777-77776-qaaca-cai pool=user_shards slot=Some(0)
2021-05-06 19:17:58.000000188 UTC: [Canister dfj7p-ut777-77776-qaaba-cai] [34mINFO [0m| wasm_store | [Init] bootstrap (nonroot): init start
2021-05-06 19:17:58.000000188 UTC: [Canister dfj7p-ut777-77776-qaaba-cai] [34mINFO [0m| wasm_store | [Init] bootstrap (nonroot): init complete
2021-05-06 19:17:58.000000188 UTC: [Canister dfj7p-ut777-77776-qaaba-cai] [34mINFO [0m| wasm_store | [Init] canister marked READY
2021-05-06 19:17:59.000000199 UTC: [Canister dmkut-c3777-77776-qaaaq-cai] [32m OK  [0m|    root    | [CanisterLifecycle] stop_canister: dciz3-zl777-77776-qaabq-cai
2021-05-06 19:18:01.000000207 UTC: [Canister dmkut-c3777-77776-qaaaq-cai] [32m OK  [0m|    root    | [CanisterLifecycle] stop_canister: dxpiw-yd777-77776-qaaca-cai
2021-05-06 19:18:03.000000213 UTC: [Canister dmkut-c3777-77776-qaaaq-cai] [32m OK  [0m|    root    | [CanisterLifecycle] 🗑️ uninstall_code: dxpiw-yd777-77776-qaaca-cai
==> shared PocketIC server stdout (last 40 lines)
2026-09-12T08:54:48.908238Z  INFO pocket_ic_server: The PocketIC server is listening on port 45973

==> workspace timing summary
kind             elapsed  result label
----             -------  ------ -----
pocketic-serial  154s     FAIL   targeted canic-testing-internal PocketIC proof
workspace runner wall time: 156s
WORKSPACE TESTS FAILED: targeted canic-testing-internal PocketIC proof
==> leaving Cargo build artifacts intact
==> clearing invocation-owned test scratch: test-runtime.76pBnD
make: *** [Makefile:426: test-pocketic-case] Error 1

=== Fixture-bearing retirement: make test-pocketic-case CASE=pic::fleet_registry::baseline::tests::fixture_bearing_root_retirement_conserves_assets_and_cycles [failed] ===
ICP_ENVIRONMENT=local bash scripts/ci/run-with-test-scratch.sh \
	bash scripts/ci/run-workspace-tests.sh targeted-pocketic "$CANIC_POCKETIC_CASE"
workspace test inventory guard passed (39 targets: 30 parallel, 9 serial PocketIC)
PocketIC version alignment passed (16.0.0)
==> using pinned PocketIC server binary: /home/adam/.cache/canic/pocket-ic-server-16.0.0/pocket-ic
==> prefetching locked dependency graph for offline metadata checks
==> native ICP CLI: /home/adam/.cargo/bin/icp (icp 1.4.0)
==> shared PocketIC server ready: http://127.0.0.1:34779/
==> targeted canic-testing-internal PocketIC proof
==> verifying exact test identity (listing only)
   Compiling canic-control-plane v0.110.14 (/home/adam/projects/canic/crates/canic-control-plane)
   Compiling canic-host v0.110.14 (/home/adam/projects/canic/crates/canic-host)
   Compiling canic-cli v0.110.14 (/home/adam/projects/canic/crates/canic-cli)
   Compiling canic-testing-internal v0.110.14 (/home/adam/projects/canic/crates/canic-testing-internal)
    Finished `test` profile [optimized + debuginfo] target(s) in 30.66s
     Running unittests src/lib.rs (target/debug/deps/canic_testing_internal-a53636dabe5b59e7)
    Finished `test` profile [optimized + debuginfo] target(s) in 0.31s
     Running unittests src/lib.rs (target/debug/deps/canic_testing_internal-a53636dabe5b59e7)

running 1 test
test pic::fleet_registry::baseline::tests::fixture_bearing_root_retirement_conserves_assets_and_cycles ... [FLEET]      RUN    starting PocketIC instance
[FLEET]      READY  PocketIC instance
Build declaration cache root: miss (extracted current Wasm)
[WASM]       SIZE   root/candidate.wasm  code=8.56 MiB (8975154 B)  headroom=1.44 MiB (1510606 B)
Build phase finalization /home/adam/projects/canic/.canic/release-builds/a4c128728412f11837b79ce8562e3115451db387e17361b79b4f15d02cbb36ae/artifacts/root/root.wasm: shrink=1.54s candid=1.42s binaryen=0.00s gzip/validation=0.53s total=3.52s
[WASM]       DONE   Fleet Coordinator artifact                           39.16s
[WASM]       RUN    canister_index_child (1/6)
[WASM]       RUN    canister_index_hub (2/6)
[WASM]       RUN    canister_scale_hub (3/6)
[WASM]       RUN    canister_scale (4/6)
[WASM]       RUN    canister_user_hub (5/6)
[WASM]       RUN    canister_user_shard (6/6)
[WASM]       DONE   canister_index_child                                  5.71s
[WASM]       DONE   canister_index_hub                                    5.43s
[WASM]       DONE   canister_scale_hub                                    5.39s
[WASM]       DONE   canister_scale                                        5.07s
[WASM]       DONE   canister_user_hub                                     6.17s
[WASM]       DONE   canister_user_shard                                   5.66s
[WASM]       DONE   batch: 6 built, 0 cached, 0 failed                   33.43s
[FLEET]      RUN    building bootstrap wasm_store artifact
[WASM]       DONE   bootstrap Store artifact                              6.02s
[FLEET]      RUN    building PIC root wasm artifact
[WASM]       RUN    delegation_root_stub (1/1)
[WASM]       DONE   delegation_root_stub                                 25.69s
[FLEET]      RUN    finished PIC wasm build
[WASM]       RUN    delegation_root_stub (1/2)
[WASM]       RUN    cycles_ledger_stub (2/2)
[WASM]       DONE   delegation_root_stub                                 26.45s
[WASM]       CACHE  cycles_ledger_stub                                    0.01s
[WASM]       DONE   batch: 1 built, 1 cached, 0 failed                   26.46s
autonomous Root removal timeout: canister=dmkut-c3777-77776-qaaaq-cai status_sender=2vxsx-fae status=ok(state=Running version=7686 controllers=1 module_hash_bytes=32 memory_bytes=420_672_447 cycles=179_764_325_627_318) log_sender=2vxsx-fae logs=[56@1620328664000000182]="\u{1b}[33mWARN \u{1b}[0m|    root    | [Rpc] execute_root_capability failed (capability=AllocatePlacementChild, caller=dciz3-zl777-77776-qaabq-cai, subnet=dmkut-c3777-77776-qaaaq-cai, now=1620328664): E140", [57@1620328668000000182]="\u{1b}[34mINFO \u{1b}[0m|    root    | [Rpc] capability authorized (capability=AllocatePlacementChild, caller=dciz3-zl777-77776-qaabq-cai, subnet=dmkut-c3777-77776-qaaaq-cai, now=1620328668)", [58@1620328668000000182]="\u{1b}[34mINFO \u{1b}[0m|    root    | [Rpc] root provision replay effect marked effect=provision_canister command_kind=root.allocate_placement_child caller=dciz3-zl777-77776-qaabq-cai role=user_shard parent=dciz3-zl777-77776-qaabq-cai", [59@1620328668000000182]="\u{1b}[31mERROR\u{1b}[0m|    root    | [Rpc] root provision replay recovery required effect=provision_canister command_kind=root.allocate_placement_child caller=dciz3-zl777-77776-qaabq-cai role=user_shard parent=dciz3-zl777-77776-qaabq-cai diagnostic=E140", [60@1620328668000000182]="\u{1b}[33mWARN \u{1b}[0m|    root    | [Rpc] execute_root_capability failed (capability=AllocatePlacementChild, caller=dciz3-zl777-77776-qaabq-cai, subnet=dmkut-c3777-77776-qaaaq-cai, now=1620328668): E140", [61@1620328672000000182]="\u{1b}[34mINFO \u{1b}[0m|    root    | [Rpc] capability authorized (capability=AllocatePlacementChild, caller=dciz3-zl777-77776-qaabq-cai, subnet=dmkut-c3777-77776-qaaaq-cai, now=1620328672)", [62@1620328672000000182]="\u{1b}[34mINFO \u{1b}[0m|    root    | [Rpc] root provision replay effect marked effect=provision_canister command_kind=root.allocate_placement_child caller=dciz3-zl777-77776-qaabq-cai role=user_shard parent=dciz3-zl777-77776-qaabq-cai", [63@1620328672000000182]="\u{1b}[31mERROR\u{1b}[0m|    root    | [Rpc] root provision replay recovery required effect=provision_canister command_kind=root.allocate_placement_child caller=dciz3-zl777-77776-qaabq-cai role=user_shard parent=dciz3-zl777-77776-qaabq-cai diagnostic=E140", [64@1620328672000000182]="\u{1b}[33mWARN \u{1b}[0m|    root    | [Rpc] execute_root_capability failed (capability=AllocatePlacementChild, caller=dciz3-zl777-77776-qaabq-cai, subnet=dmkut-c3777-77776-qaaaq-cai, now=1620328672): E140", [65@1620328676000000182]="\u{1b}[34mINFO \u{1b}[0m|    root    | [Rpc] capability authorized (capability=AllocatePlacementChild, caller=dciz3-zl777-77776-qaabq-cai, subnet=dmkut-c3777-77776-qaaaq-cai, now=1620328676)", [66@1620328676000000182]="\u{1b}[34mINFO \u{1b}[0m|    root    | [Rpc] root provision replay effect marked effect=provision_canister command_kind=root.allocate_placement_child caller=dciz3-zl777-77776-qaabq-cai role=user_shard parent=dciz3-zl777-77776-qaabq-cai", [67@1620328678000000184]="\u{1b}[34mINFO \u{1b}[0m|    root    | [Init] bootstrap (root:init) start", [68@1620328678000000184]="\u{1b}[34mINFO \u{1b}[0m|    root    | [Topology] root subnet identity initialized from lifecycle env: dmkut-c3777-77776-qaaaq-cai", [69@1620328678000000184]="\u{1b}[34mINFO \u{1b}[0m|    root    | [Init] bootstrap (root:init) prepared managed inventory for Fleet activation", [70@1620328678000000184]="\u{1b}[34mINFO \u{1b}[0m|    root    | [Sync] sync.state: root cascade start snapshot=[fs]", [71@1620328678000000187]="\u{1b}[34mINFO \u{1b}[0m|    root    | [Init] bootstrap (root:init) start", [72@1620328678000000187]="\u{1b}[34mINFO \u{1b}[0m|    root    | [Topology] root subnet identity initialized from lifecycle env: dmkut-c3777-77776-qaaaq-cai", [73@1620328678000000187]="\u{1b}[34mINFO \u{1b}[0m|    root    | [Init] bootstrap (root:init) complete", [74@1620328678000000187]="\u{1b}[34mINFO \u{1b}[0m|    root    | [Init] canister marked READY", [75@1620328679000000199]="\u{1b}[32m OK  \u{1b}[0m|    root    | [CanisterLifecycle] stop_canister: dciz3-zl777-77776-qaabq-cai", [76@1620328681000000207]="\u{1b}[32m OK  \u{1b}[0m|    root    | [CanisterLifecycle] stop_canister: dxpiw-yd777-77776-qaaca-cai", [77@1620328683000000213]="\u{1b}[32m OK  \u{1b}[0m|    root    | [CanisterLifecycle] 🗑\u{fe0f} uninstall_code: dxpiw-yd777-77776-qaaca-cai", [78@1620328686000000221]="\u{1b}[32m OK  \u{1b}[0m|    root    | [CanisterLifecycle] 🗑\u{fe0f} uninstall_code: dciz3-zl777-77776-qaabq-cai", [79@1620328694000000247]="\u{1b}[32m OK  \u{1b}[0m|    root    | [Fleet] fleet: cycles_funding_enabled changed true -> false"
autonomous Coordinator Root-removal timeout: canister=dllsh-pd777-77776-qaaaa-cai status_sender=2vxsx-fae status=ok(state=Running version=4106 controllers=2 module_hash_bytes=32 memory_bytes=307_145_641 cycles=599_894_673_567_771) log_sender=2vxsx-fae logs=<empty>

thread 'pic::fleet_registry::baseline::tests::fixture_bearing_root_retirement_conserves_assets_and_cycles' (7478) panicked at crates/canic-testing-internal/src/pic/fleet_registry/baseline.rs:13469:13:
Root must autonomously reach external deletion readiness; root(final_inventory, removal, reclamation, binding, store_deletion, readiness_intent, readiness, preparation)=Some((false, false, false, false, false, false, false, false)); pool(tracked, store, store_deletion_pending, workload, handing_off)=(1, 1, 0, 0, 0); coordinator(draining, removal, readiness_intent, readiness, execution, completion)=Some((true, false, false, false, false, false)); progress_transitions=1; stagnant_seconds=511
note: run with `RUST_BACKTRACE=1` environment variable to display a backtrace
FAILED

failures:

failures:
    pic::fleet_registry::baseline::tests::fixture_bearing_root_retirement_conserves_assets_and_cycles

test result: FAILED. 0 passed; 1 failed; 0 ignored; 0 measured; 65 filtered out; finished in 250.12s

error: test failed, to rerun pass `-p canic-testing-internal --lib`
error: 1 target failed:
    `-p canic-testing-internal --lib`
==> shared PocketIC resources after targeted canic-testing-internal PocketIC proof: rss=434532 kB high_water=482640 kB threads=19
==> targeted canic-testing-internal PocketIC proof failed in 281s (exit 101)
==> shared PocketIC server stderr (last 40 lines)
2021-05-06 19:17:47.000000182 UTC: [Canister dxpiw-yd777-77776-qaaca-cai] [34mINFO [0m| user_shard | [Init] bootstrap (nonroot): init complete
2021-05-06 19:17:47.000000182 UTC: [Canister dxpiw-yd777-77776-qaaca-cai] [34mINFO [0m| user_shard | [Init] canister marked READY
2021-05-06 19:17:48.000000182 UTC: [Canister dciz3-zl777-77776-qaabq-cai] [34mINFO [0m|  user_hub  | [Init] bootstrap (nonroot): init start
2021-05-06 19:17:48.000000182 UTC: [Canister dmkut-c3777-77776-qaaaq-cai] [34mINFO [0m|    root    | [Rpc] capability authorized (capability=AllocatePlacementChild, caller=dciz3-zl777-77776-qaabq-cai, subnet=dmkut-c3777-77776-qaaaq-cai, now=1620328668)
2021-05-06 19:17:48.000000182 UTC: [Canister dmkut-c3777-77776-qaaaq-cai] [34mINFO [0m|    root    | [Rpc] root provision replay effect marked effect=provision_canister command_kind=root.allocate_placement_child caller=dciz3-zl777-77776-qaabq-cai role=user_shard parent=dciz3-zl777-77776-qaabq-cai
2021-05-06 19:17:48.000000182 UTC: [Canister dmkut-c3777-77776-qaaaq-cai] [31mERROR[0m|    root    | [Rpc] root provision replay recovery required effect=provision_canister command_kind=root.allocate_placement_child caller=dciz3-zl777-77776-qaabq-cai role=user_shard parent=dciz3-zl777-77776-qaabq-cai diagnostic=E140
2021-05-06 19:17:48.000000182 UTC: [Canister dmkut-c3777-77776-qaaaq-cai] [33mWARN [0m|    root    | [Rpc] execute_root_capability failed (capability=AllocatePlacementChild, caller=dciz3-zl777-77776-qaabq-cai, subnet=dmkut-c3777-77776-qaaaq-cai, now=1620328668): E140
2021-05-06 19:17:48.000000182 UTC: [Canister dciz3-zl777-77776-qaabq-cai] [33mWARN [0m|  user_hub  | [Init] non-root bootstrap waiting for managed authority (attempt 8/64): E61
2021-05-06 19:17:52.000000182 UTC: [Canister dciz3-zl777-77776-qaabq-cai] [34mINFO [0m|  user_hub  | [Init] bootstrap (nonroot): init start
2021-05-06 19:17:52.000000182 UTC: [Canister dmkut-c3777-77776-qaaaq-cai] [34mINFO [0m|    root    | [Rpc] capability authorized (capability=AllocatePlacementChild, caller=dciz3-zl777-77776-qaabq-cai, subnet=dmkut-c3777-77776-qaaaq-cai, now=1620328672)
2021-05-06 19:17:52.000000182 UTC: [Canister dmkut-c3777-77776-qaaaq-cai] [34mINFO [0m|    root    | [Rpc] root provision replay effect marked effect=provision_canister command_kind=root.allocate_placement_child caller=dciz3-zl777-77776-qaabq-cai role=user_shard parent=dciz3-zl777-77776-qaabq-cai
2021-05-06 19:17:52.000000182 UTC: [Canister dmkut-c3777-77776-qaaaq-cai] [31mERROR[0m|    root    | [Rpc] root provision replay recovery required effect=provision_canister command_kind=root.allocate_placement_child caller=dciz3-zl777-77776-qaabq-cai role=user_shard parent=dciz3-zl777-77776-qaabq-cai diagnostic=E140
2021-05-06 19:17:52.000000182 UTC: [Canister dmkut-c3777-77776-qaaaq-cai] [33mWARN [0m|    root    | [Rpc] execute_root_capability failed (capability=AllocatePlacementChild, caller=dciz3-zl777-77776-qaabq-cai, subnet=dmkut-c3777-77776-qaaaq-cai, now=1620328672): E140
2021-05-06 19:17:52.000000182 UTC: [Canister dciz3-zl777-77776-qaabq-cai] [33mWARN [0m|  user_hub  | [Init] non-root bootstrap waiting for managed authority (attempt 9/64): E61
2021-05-06 19:17:56.000000182 UTC: [Canister dciz3-zl777-77776-qaabq-cai] [34mINFO [0m|  user_hub  | [Init] bootstrap (nonroot): init start
2021-05-06 19:17:56.000000182 UTC: [Canister dmkut-c3777-77776-qaaaq-cai] [34mINFO [0m|    root    | [Rpc] capability authorized (capability=AllocatePlacementChild, caller=dciz3-zl777-77776-qaabq-cai, subnet=dmkut-c3777-77776-qaaaq-cai, now=1620328676)
2021-05-06 19:17:56.000000182 UTC: [Canister dmkut-c3777-77776-qaaaq-cai] [34mINFO [0m|    root    | [Rpc] root provision replay effect marked effect=provision_canister command_kind=root.allocate_placement_child caller=dciz3-zl777-77776-qaabq-cai role=user_shard parent=dciz3-zl777-77776-qaabq-cai
2021-05-06 19:17:56.000000182 UTC: [Canister dciz3-zl777-77776-qaabq-cai] [32m OK  [0m|  user_hub  | [Sharding] ✨ shard.create: dxpiw-yd777-77776-qaaca-cai pool=user_shards slot=0
2021-05-06 19:17:56.000000182 UTC: [Canister dciz3-zl777-77776-qaabq-cai] [32m OK  [0m|  user_hub  | [Sharding] ✨ shard.bootstrap: dxpiw-yd777-77776-qaaca-cai pool=user_shards slot=0
2021-05-06 19:17:56.000000182 UTC: [Canister dciz3-zl777-77776-qaabq-cai] [34mINFO [0m|  user_hub  | [Init] bootstrap (nonroot): init complete
2021-05-06 19:17:56.000000182 UTC: [Canister dciz3-zl777-77776-qaabq-cai] [34mINFO [0m|  user_hub  | [Init] canister marked READY
2021-05-06 19:17:57.000000182 UTC: [Canister dciz3-zl777-77776-qaabq-cai] [33mWARN [0m|  user_hub  | [Rpc] placement receipt acknowledgement will retry operation_id=0ded5239a376a28cabc43aae8181c52949271e437c45bdf7a0c759cd146e955d: E61
2021-05-06 19:17:58.000000184 UTC: [Canister dmkut-c3777-77776-qaaaq-cai] [34mINFO [0m|    root    | [Init] bootstrap (root:init) start
2021-05-06 19:17:58.000000184 UTC: [Canister dmkut-c3777-77776-qaaaq-cai] [34mINFO [0m|    root    | [Topology] root subnet identity initialized from lifecycle env: dmkut-c3777-77776-qaaaq-cai
2021-05-06 19:17:58.000000184 UTC: [Canister dmkut-c3777-77776-qaaaq-cai] [34mINFO [0m|    root    | [Init] bootstrap (root:init) prepared managed inventory for Fleet activation
2021-05-06 19:17:58.000000184 UTC: [Canister dmkut-c3777-77776-qaaaq-cai] [34mINFO [0m|    root    | [Sync] sync.state: root cascade start snapshot=[fs]
2021-05-06 19:17:58.000000184 UTC: [Canister dfj7p-ut777-77776-qaaba-cai] [34mINFO [0m| wasm_store | [Sync] sync.state: non-root cascade start snapshot=[fs]
2021-05-06 19:17:58.000000187 UTC: [Canister dmkut-c3777-77776-qaaaq-cai] [34mINFO [0m|    root    | [Init] bootstrap (root:init) start
2021-05-06 19:17:58.000000187 UTC: [Canister dmkut-c3777-77776-qaaaq-cai] [34mINFO [0m|    root    | [Topology] root subnet identity initialized from lifecycle env: dmkut-c3777-77776-qaaaq-cai
2021-05-06 19:17:58.000000187 UTC: [Canister dmkut-c3777-77776-qaaaq-cai] [34mINFO [0m|    root    | [Init] bootstrap (root:init) complete
2021-05-06 19:17:58.000000187 UTC: [Canister dmkut-c3777-77776-qaaaq-cai] [34mINFO [0m|    root    | [Init] canister marked READY
2021-05-06 19:17:58.000000188 UTC: [Canister dciz3-zl777-77776-qaabq-cai] [34mINFO [0m|  user_hub  | [Sharding] 📦 partition_key=rzomn-spd4p-r6hy7-d4pr6-hy7d4-pr6hy-7d4pr-6hy7d-4pr6h-y7d4p-r6g assigned shard=dxpiw-yd777-77776-qaaca-cai pool=user_shards slot=Some(0)
2021-05-06 19:17:58.000000188 UTC: [Canister dfj7p-ut777-77776-qaaba-cai] [34mINFO [0m| wasm_store | [Init] bootstrap (nonroot): init start
2021-05-06 19:17:58.000000188 UTC: [Canister dfj7p-ut777-77776-qaaba-cai] [34mINFO [0m| wasm_store | [Init] bootstrap (nonroot): init complete
2021-05-06 19:17:58.000000188 UTC: [Canister dfj7p-ut777-77776-qaaba-cai] [34mINFO [0m| wasm_store | [Init] canister marked READY
2021-05-06 19:17:59.000000199 UTC: [Canister dmkut-c3777-77776-qaaaq-cai] [32m OK  [0m|    root    | [CanisterLifecycle] stop_canister: dciz3-zl777-77776-qaabq-cai
2021-05-06 19:18:01.000000207 UTC: [Canister dmkut-c3777-77776-qaaaq-cai] [32m OK  [0m|    root    | [CanisterLifecycle] stop_canister: dxpiw-yd777-77776-qaaca-cai
2021-05-06 19:18:03.000000213 UTC: [Canister dmkut-c3777-77776-qaaaq-cai] [32m OK  [0m|    root    | [CanisterLifecycle] 🗑️ uninstall_code: dxpiw-yd777-77776-qaaca-cai
2021-05-06 19:18:06.000000221 UTC: [Canister dmkut-c3777-77776-qaaaq-cai] [32m OK  [0m|    root    | [CanisterLifecycle] 🗑️ uninstall_code: dciz3-zl777-77776-qaabq-cai
2021-05-06 19:18:14.000000247 UTC: [Canister dmkut-c3777-77776-qaaaq-cai] [32m OK  [0m|    root    | [Fleet] fleet: cycles_funding_enabled changed true -> false
==> shared PocketIC server stdout (last 40 lines)
2026-09-12T09:01:10.105917Z  INFO pocket_ic_server: The PocketIC server is listening on port 34779

==> workspace timing summary
kind             elapsed  result label
----             -------  ------ -----
pocketic-serial  281s     FAIL   targeted canic-testing-internal PocketIC proof
workspace runner wall time: 282s
WORKSPACE TESTS FAILED: targeted canic-testing-internal PocketIC proof
==> leaving Cargo build artifacts intact
==> clearing invocation-owned test scratch: test-runtime.TqOMzA
make: *** [Makefile:426: test-pocketic-case] Error 1

=== Fixture-bearing retirement: make test-pocketic-case CASE=pic::fleet_registry::baseline::tests::fixture_bearing_root_retirement_conserves_assets_and_cycles [failed] ===
ICP_ENVIRONMENT=local bash scripts/ci/run-with-test-scratch.sh \
	bash scripts/ci/run-workspace-tests.sh targeted-pocketic "$CANIC_POCKETIC_CASE"
workspace test inventory guard passed (39 targets: 30 parallel, 9 serial PocketIC)
PocketIC version alignment passed (16.0.0)
==> using pinned PocketIC server binary: /home/adam/.cache/canic/pocket-ic-server-16.0.0/pocket-ic
==> prefetching locked dependency graph for offline metadata checks
==> native ICP CLI: /home/adam/.cargo/bin/icp (icp 1.4.0)
==> shared PocketIC server ready: http://127.0.0.1:43611/
==> targeted canic-testing-internal PocketIC proof
==> verifying exact test identity (listing only)
   Compiling canic-control-plane v0.110.14 (/home/adam/projects/canic/crates/canic-control-plane)
   Compiling canic-host v0.110.14 (/home/adam/projects/canic/crates/canic-host)
   Compiling canic-cli v0.110.14 (/home/adam/projects/canic/crates/canic-cli)
   Compiling canic-testing-internal v0.110.14 (/home/adam/projects/canic/crates/canic-testing-internal)
    Finished `test` profile [optimized + debuginfo] target(s) in 45.29s
     Running unittests src/lib.rs (target/debug/deps/canic_testing_internal-a53636dabe5b59e7)
    Finished `test` profile [optimized + debuginfo] target(s) in 0.40s
     Running unittests src/lib.rs (target/debug/deps/canic_testing_internal-a53636dabe5b59e7)

running 1 test
test pic::fleet_registry::baseline::tests::fixture_bearing_root_retirement_conserves_assets_and_cycles ... [FLEET]      RUN    starting PocketIC instance
[FLEET]      READY  PocketIC instance
Build declaration cache root: miss (extracted current Wasm)
[WASM]       SIZE   root/candidate.wasm  code=8.56 MiB (8976891 B)  headroom=1.44 MiB (1508869 B)
Build phase finalization /home/adam/projects/canic/.canic/release-builds/a4c128728412f11837b79ce8562e3115451db387e17361b79b4f15d02cbb36ae/artifacts/root/root.wasm: shrink=1.59s candid=1.48s binaryen=0.00s gzip/validation=0.52s total=3.61s
[WASM]       DONE   Fleet Coordinator artifact                           38.80s
[WASM]       RUN    canister_index_child (1/6)
[WASM]       RUN    canister_index_hub (2/6)
[WASM]       RUN    canister_scale_hub (3/6)
[WASM]       RUN    canister_scale (4/6)
[WASM]       RUN    canister_user_hub (5/6)
[WASM]       RUN    canister_user_shard (6/6)
[WASM]       DONE   canister_index_child                                  5.19s
[WASM]       DONE   canister_index_hub                                    5.43s
[WASM]       DONE   canister_scale_hub                                    5.47s
[WASM]       DONE   canister_scale                                        5.16s
[WASM]       DONE   canister_user_hub                                     5.99s
[WASM]       DONE   canister_user_shard                                   5.77s
[WASM]       DONE   batch: 6 built, 0 cached, 0 failed                   33.00s
[FLEET]      RUN    building bootstrap wasm_store artifact
[WASM]       DONE   bootstrap Store artifact                              6.11s
[FLEET]      RUN    building PIC root wasm artifact
[WASM]       RUN    delegation_root_stub (1/1)
[WASM]       DONE   delegation_root_stub                                 26.24s
[FLEET]      RUN    finished PIC wasm build
[WASM]       RUN    delegation_root_stub (1/2)
[WASM]       RUN    cycles_ledger_stub (2/2)
[WASM]       DONE   delegation_root_stub                                 26.40s
[WASM]       CACHE  cycles_ledger_stub                                    0.00s
[WASM]       DONE   batch: 1 built, 1 cached, 0 failed                   26.40s
retirement Store: WasmStoreStatusResponse { gc: WasmStoreGcStatusResponse { mode: Normal, changed_at: 0, prepared_at: None, started_at: None, completed_at: None, runs_completed: 0 }, occupied_store_bytes: 5420512, occupied_store_size: "5.17 MiB", max_store_bytes: 40000000, max_store_size: "38.15 MiB", remaining_store_bytes: 34579488, remaining_store_size: "32.98 MiB", headroom_bytes: Some(4000000), headroom_size: Some("3.81 MiB"), within_headroom: false, template_count: 7, max_templates: None, release_count: 7, max_template_versions_per_template: None, templates: [WasmStoreTemplateStatusResponse { template_id: TemplateId("component:index_child"), versions: 1 }, WasmStoreTemplateStatusResponse { template_id: TemplateId("component:index_hub"), versions: 1 }, WasmStoreTemplateStatusResponse { template_id: TemplateId("component:scale_hub"), versions: 1 }, WasmStoreTemplateStatusResponse { template_id: TemplateId("component:scale_replica"), versions: 1 }, WasmStoreTemplateStatusResponse { template_id: TemplateId("component:user_hub"), versions: 1 }, WasmStoreTemplateStatusResponse { template_id: TemplateId("component:user_shard"), versions: 1 }, WasmStoreTemplateStatusResponse { template_id: TemplateId("root-release-set:0771cf973bebcd66b0810604022e5fff1849b8bb31ace08cab1656e6f2998618"), versions: 1 }] }
autonomous Root removal timeout: canister=dmkut-c3777-77776-qaaaq-cai status_sender=2vxsx-fae status=ok(state=Running version=7686 controllers=1 module_hash_bytes=32 memory_bytes=420_675_126 cycles=179_763_013_838_733) log_sender=2vxsx-fae logs=[540@1620329154000001624]="\u{1b}[33mWARN \u{1b}[0m|    root    | [Topology] TEMP inventory bytes retained=13603 charged=12660", [541@1620329155000001627]="\u{1b}[33mWARN \u{1b}[0m|    root    | [Topology] TEMP inventory bytes retained=13603 charged=12660", [542@1620329156000001630]="\u{1b}[33mWARN \u{1b}[0m|    root    | [Topology] TEMP inventory bytes retained=13603 charged=12660", [543@1620329157000001633]="\u{1b}[33mWARN \u{1b}[0m|    root    | [Topology] TEMP inventory bytes retained=13603 charged=12660", [544@1620329158000001636]="\u{1b}[33mWARN \u{1b}[0m|    root    | [Topology] TEMP inventory bytes retained=13603 charged=12660", [545@1620329159000001639]="\u{1b}[33mWARN \u{1b}[0m|    root    | [Topology] TEMP inventory bytes retained=13603 charged=12660", [546@1620329160000001642]="\u{1b}[33mWARN \u{1b}[0m|    root    | [Topology] TEMP inventory bytes retained=13603 charged=12660", [547@1620329161000001645]="\u{1b}[33mWARN \u{1b}[0m|    root    | [Topology] TEMP inventory bytes retained=13603 charged=12660", [548@1620329162000001648]="\u{1b}[33mWARN \u{1b}[0m|    root    | [Topology] TEMP inventory bytes retained=13603 charged=12660", [549@1620329163000001651]="\u{1b}[33mWARN \u{1b}[0m|    root    | [Topology] TEMP inventory bytes retained=13603 charged=12660", [550@1620329164000001654]="\u{1b}[33mWARN \u{1b}[0m|    root    | [Topology] TEMP inventory bytes retained=13603 charged=12660", [551@1620329165000001657]="\u{1b}[33mWARN \u{1b}[0m|    root    | [Topology] TEMP inventory bytes retained=13603 charged=12660", [552@1620329166000001660]="\u{1b}[33mWARN \u{1b}[0m|    root    | [Topology] TEMP inventory bytes retained=13603 charged=12660", [553@1620329167000001663]="\u{1b}[33mWARN \u{1b}[0m|    root    | [Topology] TEMP inventory bytes retained=13603 charged=12660", [554@1620329168000001666]="\u{1b}[33mWARN \u{1b}[0m|    root    | [Topology] TEMP inventory bytes retained=13603 charged=12660", [555@1620329169000001669]="\u{1b}[33mWARN \u{1b}[0m|    root    | [Topology] TEMP inventory bytes retained=13603 charged=12660", [556@1620329170000001672]="\u{1b}[33mWARN \u{1b}[0m|    root    | [Topology] TEMP inventory bytes retained=13603 charged=12660", [557@1620329171000001675]="\u{1b}[33mWARN \u{1b}[0m|    root    | [Topology] TEMP inventory bytes retained=13603 charged=12660", [558@1620329172000001678]="\u{1b}[33mWARN \u{1b}[0m|    root    | [Topology] TEMP inventory bytes retained=13603 charged=12660", [559@1620329173000001681]="\u{1b}[33mWARN \u{1b}[0m|    root    | [Topology] TEMP inventory bytes retained=13603 charged=12660", [560@1620329174000001684]="\u{1b}[33mWARN \u{1b}[0m|    root    | [Topology] TEMP inventory bytes retained=13603 charged=12660", [561@1620329175000001687]="\u{1b}[33mWARN \u{1b}[0m|    root    | [Topology] TEMP inventory bytes retained=13603 charged=12660", [562@1620329176000001690]="\u{1b}[33mWARN \u{1b}[0m|    root    | [Topology] TEMP inventory bytes retained=13603 charged=12660", [563@1620329177000001693]="\u{1b}[33mWARN \u{1b}[0m|    root    | [Topology] TEMP inventory bytes retained=13603 charged=12660", [564@1620329178000001696]="\u{1b}[33mWARN \u{1b}[0m|    root    | [Topology] TEMP inventory bytes retained=13603 charged=12660", [565@1620329179000001699]="\u{1b}[33mWARN \u{1b}[0m|    root    | [Topology] TEMP inventory bytes retained=13603 charged=12660", [566@1620329180000001702]="\u{1b}[33mWARN \u{1b}[0m|    root    | [Topology] TEMP inventory bytes retained=13603 charged=12660", [567@1620329181000001705]="\u{1b}[33mWARN \u{1b}[0m|    root    | [Topology] TEMP inventory bytes retained=13603 charged=12660", [568@1620329182000001708]="\u{1b}[33mWARN \u{1b}[0m|    root    | [Topology] TEMP inventory bytes retained=13603 charged=12660", [569@1620329183000001711]="\u{1b}[33mWARN \u{1b}[0m|    root    | [Topology] TEMP inventory bytes retained=13603 charged=12660", [570@1620329184000001714]="\u{1b}[33mWARN \u{1b}[0m|    root    | [Topology] TEMP inventory bytes retained=13603 charged=12660", [571@1620329185000001717]="\u{1b}[33mWARN \u{1b}[0m|    root    | [Topology] TEMP inventory bytes retained=13603 charged=12660"; truncated omitted_records=5 omitted_content_bytes=445
autonomous Coordinator Root-removal timeout: canister=dllsh-pd777-77776-qaaaa-cai status_sender=2vxsx-fae status=ok(state=Running version=4106 controllers=2 module_hash_bytes=32 memory_bytes=307_145_641 cycles=599_894_673_567_771) log_sender=2vxsx-fae logs=<empty>

thread 'pic::fleet_registry::baseline::tests::fixture_bearing_root_retirement_conserves_assets_and_cycles' (29187) panicked at crates/canic-testing-internal/src/pic/fleet_registry/baseline.rs:13479:13:
Root must autonomously reach external deletion readiness; root(final_inventory, removal, reclamation, binding, store_deletion, readiness_intent, readiness, preparation)=Some((false, false, false, false, false, false, false, false)); pool(tracked, store, store_deletion_pending, workload, handing_off)=(1, 1, 0, 0, 0); coordinator(draining, removal, readiness_intent, readiness, execution, completion)=Some((true, false, false, false, false, false)); progress_transitions=1; stagnant_seconds=511
note: run with `RUST_BACKTRACE=1` environment variable to display a backtrace
FAILED

failures:

failures:
    pic::fleet_registry::baseline::tests::fixture_bearing_root_retirement_conserves_assets_and_cycles

test result: FAILED. 0 passed; 1 failed; 0 ignored; 0 measured; 65 filtered out; finished in 247.55s

error: test failed, to rerun pass `-p canic-testing-internal --lib`
error: 1 target failed:
    `-p canic-testing-internal --lib`
==> shared PocketIC resources after targeted canic-testing-internal PocketIC proof: rss=461488 kB high_water=499716 kB threads=19
==> targeted canic-testing-internal PocketIC proof failed in 293s (exit 101)
==> shared PocketIC server stderr (last 40 lines)
2021-05-06 19:25:51.000001615 UTC: [Canister dmkut-c3777-77776-qaaaq-cai] [33mWARN [0m|    root    | [Topology] TEMP inventory bytes retained=13603 charged=12660
2021-05-06 19:25:52.000001618 UTC: [Canister dmkut-c3777-77776-qaaaq-cai] [33mWARN [0m|    root    | [Topology] TEMP inventory bytes retained=13603 charged=12660
2021-05-06 19:25:53.000001621 UTC: [Canister dmkut-c3777-77776-qaaaq-cai] [33mWARN [0m|    root    | [Topology] TEMP inventory bytes retained=13603 charged=12660
2021-05-06 19:25:54.000001624 UTC: [Canister dmkut-c3777-77776-qaaaq-cai] [33mWARN [0m|    root    | [Topology] TEMP inventory bytes retained=13603 charged=12660
2021-05-06 19:25:55.000001627 UTC: [Canister dmkut-c3777-77776-qaaaq-cai] [33mWARN [0m|    root    | [Topology] TEMP inventory bytes retained=13603 charged=12660
2021-05-06 19:25:56.000001630 UTC: [Canister dmkut-c3777-77776-qaaaq-cai] [33mWARN [0m|    root    | [Topology] TEMP inventory bytes retained=13603 charged=12660
2021-05-06 19:25:57.000001633 UTC: [Canister dmkut-c3777-77776-qaaaq-cai] [33mWARN [0m|    root    | [Topology] TEMP inventory bytes retained=13603 charged=12660
2021-05-06 19:25:58.000001636 UTC: [Canister dmkut-c3777-77776-qaaaq-cai] [33mWARN [0m|    root    | [Topology] TEMP inventory bytes retained=13603 charged=12660
2021-05-06 19:25:59.000001639 UTC: [Canister dmkut-c3777-77776-qaaaq-cai] [33mWARN [0m|    root    | [Topology] TEMP inventory bytes retained=13603 charged=12660
2021-05-06 19:26:00.000001642 UTC: [Canister dmkut-c3777-77776-qaaaq-cai] [33mWARN [0m|    root    | [Topology] TEMP inventory bytes retained=13603 charged=12660
2021-05-06 19:26:01.000001645 UTC: [Canister dmkut-c3777-77776-qaaaq-cai] [33mWARN [0m|    root    | [Topology] TEMP inventory bytes retained=13603 charged=12660
2021-05-06 19:26:02.000001648 UTC: [Canister dmkut-c3777-77776-qaaaq-cai] [33mWARN [0m|    root    | [Topology] TEMP inventory bytes retained=13603 charged=12660
2021-05-06 19:26:03.000001651 UTC: [Canister dmkut-c3777-77776-qaaaq-cai] [33mWARN [0m|    root    | [Topology] TEMP inventory bytes retained=13603 charged=12660
2021-05-06 19:26:04.000001654 UTC: [Canister dmkut-c3777-77776-qaaaq-cai] [33mWARN [0m|    root    | [Topology] TEMP inventory bytes retained=13603 charged=12660
2021-05-06 19:26:05.000001657 UTC: [Canister dmkut-c3777-77776-qaaaq-cai] [33mWARN [0m|    root    | [Topology] TEMP inventory bytes retained=13603 charged=12660
2021-05-06 19:26:06.000001660 UTC: [Canister dmkut-c3777-77776-qaaaq-cai] [33mWARN [0m|    root    | [Topology] TEMP inventory bytes retained=13603 charged=12660
2021-05-06 19:26:07.000001663 UTC: [Canister dmkut-c3777-77776-qaaaq-cai] [33mWARN [0m|    root    | [Topology] TEMP inventory bytes retained=13603 charged=12660
2021-05-06 19:26:08.000001666 UTC: [Canister dmkut-c3777-77776-qaaaq-cai] [33mWARN [0m|    root    | [Topology] TEMP inventory bytes retained=13603 charged=12660
2021-05-06 19:26:09.000001669 UTC: [Canister dmkut-c3777-77776-qaaaq-cai] [33mWARN [0m|    root    | [Topology] TEMP inventory bytes retained=13603 charged=12660
2021-05-06 19:26:10.000001672 UTC: [Canister dmkut-c3777-77776-qaaaq-cai] [33mWARN [0m|    root    | [Topology] TEMP inventory bytes retained=13603 charged=12660
2021-05-06 19:26:11.000001675 UTC: [Canister dmkut-c3777-77776-qaaaq-cai] [33mWARN [0m|    root    | [Topology] TEMP inventory bytes retained=13603 charged=12660
2021-05-06 19:26:12.000001678 UTC: [Canister dmkut-c3777-77776-qaaaq-cai] [33mWARN [0m|    root    | [Topology] TEMP inventory bytes retained=13603 charged=12660
2021-05-06 19:26:13.000001681 UTC: [Canister dmkut-c3777-77776-qaaaq-cai] [33mWARN [0m|    root    | [Topology] TEMP inventory bytes retained=13603 charged=12660
2021-05-06 19:26:14.000001684 UTC: [Canister dmkut-c3777-77776-qaaaq-cai] [33mWARN [0m|    root    | [Topology] TEMP inventory bytes retained=13603 charged=12660
2021-05-06 19:26:15.000001687 UTC: [Canister dmkut-c3777-77776-qaaaq-cai] [33mWARN [0m|    root    | [Topology] TEMP inventory bytes retained=13603 charged=12660
2021-05-06 19:26:16.000001690 UTC: [Canister dmkut-c3777-77776-qaaaq-cai] [33mWARN [0m|    root    | [Topology] TEMP inventory bytes retained=13603 charged=12660
2021-05-06 19:26:17.000001693 UTC: [Canister dmkut-c3777-77776-qaaaq-cai] [33mWARN [0m|    root    | [Topology] TEMP inventory bytes retained=13603 charged=12660
2021-05-06 19:26:18.000001696 UTC: [Canister dmkut-c3777-77776-qaaaq-cai] [33mWARN [0m|    root    | [Topology] TEMP inventory bytes retained=13603 charged=12660
2021-05-06 19:26:19.000001699 UTC: [Canister dmkut-c3777-77776-qaaaq-cai] [33mWARN [0m|    root    | [Topology] TEMP inventory bytes retained=13603 charged=12660
2021-05-06 19:26:20.000001702 UTC: [Canister dmkut-c3777-77776-qaaaq-cai] [33mWARN [0m|    root    | [Topology] TEMP inventory bytes retained=13603 charged=12660
2021-05-06 19:26:21.000001705 UTC: [Canister dmkut-c3777-77776-qaaaq-cai] [33mWARN [0m|    root    | [Topology] TEMP inventory bytes retained=13603 charged=12660
2021-05-06 19:26:22.000001708 UTC: [Canister dmkut-c3777-77776-qaaaq-cai] [33mWARN [0m|    root    | [Topology] TEMP inventory bytes retained=13603 charged=12660
2021-05-06 19:26:23.000001711 UTC: [Canister dmkut-c3777-77776-qaaaq-cai] [33mWARN [0m|    root    | [Topology] TEMP inventory bytes retained=13603 charged=12660
2021-05-06 19:26:24.000001714 UTC: [Canister dmkut-c3777-77776-qaaaq-cai] [33mWARN [0m|    root    | [Topology] TEMP inventory bytes retained=13603 charged=12660
2021-05-06 19:26:25.000001717 UTC: [Canister dmkut-c3777-77776-qaaaq-cai] [33mWARN [0m|    root    | [Topology] TEMP inventory bytes retained=13603 charged=12660
2021-05-06 19:26:26.000001720 UTC: [Canister dmkut-c3777-77776-qaaaq-cai] [33mWARN [0m|    root    | [Topology] TEMP inventory bytes retained=13603 charged=12660
2021-05-06 19:26:27.000001723 UTC: [Canister dmkut-c3777-77776-qaaaq-cai] [33mWARN [0m|    root    | [Topology] TEMP inventory bytes retained=13603 charged=12660
2021-05-06 19:26:28.000001726 UTC: [Canister dmkut-c3777-77776-qaaaq-cai] [33mWARN [0m|    root    | [Topology] TEMP inventory bytes retained=13603 charged=12660
2021-05-06 19:26:29.000001729 UTC: [Canister dmkut-c3777-77776-qaaaq-cai] [33mWARN [0m|    root    | [Topology] TEMP inventory bytes retained=13603 charged=12660
2021-05-06 19:26:30.000001732 UTC: [Canister dmkut-c3777-77776-qaaaq-cai] [33mWARN [0m|    root    | [Topology] TEMP inventory bytes retained=13603 charged=12660
==> shared PocketIC server stdout (last 40 lines)
2026-09-12T09:12:21.218566Z  INFO pocket_ic_server: The PocketIC server is listening on port 43611

==> workspace timing summary
kind             elapsed  result label
----             -------  ------ -----
pocketic-serial  293s     FAIL   targeted canic-testing-internal PocketIC proof
workspace runner wall time: 294s
WORKSPACE TESTS FAILED: targeted canic-testing-internal PocketIC proof
==> leaving Cargo build artifacts intact
==> clearing invocation-owned test scratch: test-runtime.xGQGh9
make: *** [Makefile:426: test-pocketic-case] Error 1

=== Fixture-bearing retirement: make test-pocketic-case CASE=pic::fleet_registry::baseline::tests::fixture_bearing_root_retirement_conserves_assets_and_cycles [pass] ===
ICP_ENVIRONMENT=local bash scripts/ci/run-with-test-scratch.sh \
	bash scripts/ci/run-workspace-tests.sh targeted-pocketic "$CANIC_POCKETIC_CASE"
workspace test inventory guard passed (39 targets: 30 parallel, 9 serial PocketIC)
PocketIC version alignment passed (16.0.0)
==> using pinned PocketIC server binary: /home/adam/.cache/canic/pocket-ic-server-16.0.0/pocket-ic
==> prefetching locked dependency graph for offline metadata checks
==> native ICP CLI: /home/adam/.cargo/bin/icp (icp 1.4.0)
==> shared PocketIC server ready: http://127.0.0.1:33195/
==> targeted canic-testing-internal PocketIC proof
==> verifying exact test identity (listing only)
   Compiling canic-control-plane v0.110.14 (/home/adam/projects/canic/crates/canic-control-plane)
   Compiling canic-host v0.110.14 (/home/adam/projects/canic/crates/canic-host)
   Compiling canic-cli v0.110.14 (/home/adam/projects/canic/crates/canic-cli)
   Compiling canic-testing-internal v0.110.14 (/home/adam/projects/canic/crates/canic-testing-internal)
    Finished `test` profile [optimized + debuginfo] target(s) in 42.07s
     Running unittests src/lib.rs (target/debug/deps/canic_testing_internal-a53636dabe5b59e7)
    Finished `test` profile [optimized + debuginfo] target(s) in 0.33s
     Running unittests src/lib.rs (target/debug/deps/canic_testing_internal-a53636dabe5b59e7)

running 1 test
test pic::fleet_registry::baseline::tests::fixture_bearing_root_retirement_conserves_assets_and_cycles ... [FLEET]      RUN    starting PocketIC instance
[FLEET]      READY  PocketIC instance
Build declaration cache root: miss (extracted current Wasm)
[WASM]       SIZE   root/candidate.wasm  code=8.56 MiB (8975089 B)  headroom=1.44 MiB (1510671 B)
Build phase finalization /home/adam/projects/canic/.canic/release-builds/a4c128728412f11837b79ce8562e3115451db387e17361b79b4f15d02cbb36ae/artifacts/root/root.wasm: shrink=1.63s candid=1.44s binaryen=0.00s gzip/validation=0.52s total=3.62s
[WASM]       DONE   Fleet Coordinator artifact                           36.17s
[WASM]       RUN    canister_index_child (1/6)
[WASM]       RUN    canister_index_hub (2/6)
[WASM]       RUN    canister_scale_hub (3/6)
[WASM]       RUN    canister_scale (4/6)
[WASM]       RUN    canister_user_hub (5/6)
[WASM]       RUN    canister_user_shard (6/6)
[WASM]       DONE   canister_index_child                                  5.10s
[WASM]       DONE   canister_index_hub                                    5.27s
[WASM]       DONE   canister_scale_hub                                    5.30s
[WASM]       DONE   canister_scale                                        5.07s
[WASM]       DONE   canister_user_hub                                     5.62s
[WASM]       DONE   canister_user_shard                                   5.35s
[WASM]       DONE   batch: 6 built, 0 cached, 0 failed                   31.70s
[FLEET]      RUN    building bootstrap wasm_store artifact
[WASM]       DONE   bootstrap Store artifact                              5.67s
[FLEET]      RUN    building PIC root wasm artifact
[WASM]       RUN    delegation_root_stub (1/1)
[WASM]       DONE   delegation_root_stub                                 24.91s
[FLEET]      RUN    finished PIC wasm build
[WASM]       RUN    delegation_root_stub (1/2)
[WASM]       RUN    cycles_ledger_stub (2/2)
[WASM]       DONE   delegation_root_stub                                 25.13s
[WASM]       CACHE  cycles_ledger_stub                                    0.00s
[WASM]       DONE   batch: 1 built, 1 cached, 0 failed                   25.14s
ok

test result: ok. 1 passed; 0 failed; 0 ignored; 0 measured; 65 filtered out; finished in 192.55s

==> shared PocketIC resources after targeted canic-testing-internal PocketIC proof: rss=396600 kB high_water=415712 kB threads=19
==> targeted canic-testing-internal PocketIC proof done in 236s

==> workspace timing summary
kind             elapsed  result label
----             -------  ------ -----
pocketic-serial  236s     PASS   targeted canic-testing-internal PocketIC proof
workspace runner wall time: 237s
WORKSPACE TESTS PASSED: all requested suites succeeded.
==> leaving Cargo build artifacts intact
==> clearing invocation-owned test scratch: test-runtime.Is7lM8

=== Fixture-bearing retirement: make test-pocketic-case CASE=pic::fleet_registry::baseline::tests::prepared_root_initial_shard_bootstrap_reaches_terminal_component_membership [pass] ===
ICP_ENVIRONMENT=local bash scripts/ci/run-with-test-scratch.sh \
	bash scripts/ci/run-workspace-tests.sh targeted-pocketic "$CANIC_POCKETIC_CASE"
workspace test inventory guard passed (39 targets: 30 parallel, 9 serial PocketIC)
PocketIC version alignment passed (16.0.0)
==> using pinned PocketIC server binary: /home/adam/.cache/canic/pocket-ic-server-16.0.0/pocket-ic
==> prefetching locked dependency graph for offline metadata checks
==> native ICP CLI: /home/adam/.cargo/bin/icp (icp 1.4.0)
==> shared PocketIC server ready: http://127.0.0.1:34401/
==> targeted canic-testing-internal PocketIC proof
==> verifying exact test identity (listing only)
    Finished `test` profile [optimized + debuginfo] target(s) in 0.30s
     Running unittests src/lib.rs (target/debug/deps/canic_testing_internal-a53636dabe5b59e7)
    Finished `test` profile [optimized + debuginfo] target(s) in 0.31s
     Running unittests src/lib.rs (target/debug/deps/canic_testing_internal-a53636dabe5b59e7)

running 1 test
test pic::fleet_registry::baseline::tests::prepared_root_initial_shard_bootstrap_reaches_terminal_component_membership ... [FLEET]      RUN    starting PocketIC instance
[FLEET]      READY  PocketIC instance
Build declaration cache root: miss (extracted current Wasm)
[WASM]       SIZE   root/candidate.wasm  code=8.56 MiB (8975089 B)  headroom=1.44 MiB (1510671 B)
Build phase finalization /home/adam/projects/canic/.canic/release-builds/a4c128728412f11837b79ce8562e3115451db387e17361b79b4f15d02cbb36ae/artifacts/root/root.wasm: shrink=1.43s candid=1.33s binaryen=0.00s gzip/validation=0.52s total=3.35s
[WASM]       CACHE  Fleet Coordinator artifact                            1.04s
[WASM]       RUN    canister_index_child (1/6)
[WASM]       RUN    canister_index_hub (2/6)
[WASM]       RUN    canister_scale_hub (3/6)
[WASM]       RUN    canister_scale (4/6)
[WASM]       RUN    canister_user_hub (5/6)
[WASM]       RUN    canister_user_shard (6/6)
[WASM]       CACHE  canister_index_child                                  0.49s
[WASM]       CACHE  canister_index_hub                                    0.01s
[WASM]       CACHE  canister_scale_hub                                    0.01s
[WASM]       CACHE  canister_scale                                        0.01s
[WASM]       CACHE  canister_user_hub                                     0.01s
[WASM]       CACHE  canister_user_shard                                   0.01s
[WASM]       DONE   batch: 0 built, 6 cached, 0 failed                    0.54s
[FLEET]      RUN    building bootstrap wasm_store artifact
[WASM]       CACHE  bootstrap Store artifact                              1.03s
[FLEET]      RUN    building PIC root wasm artifact
[WASM]       RUN    delegation_root_stub (1/1)
[WASM]       CACHE  delegation_root_stub                                  0.42s
[FLEET]      RUN    finished PIC wasm build
ok

test result: ok. 1 passed; 0 failed; 0 ignored; 0 measured; 65 filtered out; finished in 53.08s

==> shared PocketIC resources after targeted canic-testing-internal PocketIC proof: rss=486008 kB high_water=533356 kB threads=19
==> targeted canic-testing-internal PocketIC proof done in 54s

==> workspace timing summary
kind             elapsed  result label
----             -------  ------ -----
pocketic-serial  54s      PASS   targeted canic-testing-internal PocketIC proof
workspace runner wall time: 55s
WORKSPACE TESTS PASSED: all requested suites succeeded.
==> leaving Cargo build artifacts intact
==> clearing invocation-owned test scratch: test-runtime.notnGx

=== Fixture-bearing retirement: make test-pocketic-case CASE=pic::fleet_registry::baseline::tests::published_draining_root_autonomously_reaches_external_deletion_readiness [pass] ===
ICP_ENVIRONMENT=local bash scripts/ci/run-with-test-scratch.sh \
	bash scripts/ci/run-workspace-tests.sh targeted-pocketic "$CANIC_POCKETIC_CASE"
workspace test inventory guard passed (39 targets: 30 parallel, 9 serial PocketIC)
PocketIC version alignment passed (16.0.0)
==> using pinned PocketIC server binary: /home/adam/.cache/canic/pocket-ic-server-16.0.0/pocket-ic
==> prefetching locked dependency graph for offline metadata checks
==> native ICP CLI: /home/adam/.cargo/bin/icp (icp 1.4.0)
==> shared PocketIC server ready: http://127.0.0.1:44859/
==> targeted canic-testing-internal PocketIC proof
==> verifying exact test identity (listing only)
    Finished `test` profile [optimized + debuginfo] target(s) in 0.31s
     Running unittests src/lib.rs (target/debug/deps/canic_testing_internal-a53636dabe5b59e7)
    Finished `test` profile [optimized + debuginfo] target(s) in 0.31s
     Running unittests src/lib.rs (target/debug/deps/canic_testing_internal-a53636dabe5b59e7)

running 1 test
test pic::fleet_registry::baseline::tests::published_draining_root_autonomously_reaches_external_deletion_readiness ... [FLEET]      RUN    building bootstrap wasm_store artifact
[WASM]       CACHE  bootstrap Store artifact                              1.01s
[FLEET]      RUN    building PIC root wasm artifact
[WASM]       RUN    delegation_root_stub (1/1)
[WASM]       CACHE  delegation_root_stub                                  0.46s
[FLEET]      RUN    finished PIC wasm build
[FLEET]      DONE   root artifacts ready                                  3.01s
[WASM]       CACHE  Fleet Coordinator artifact                            1.04s
[FLEET]      DONE   Coordinator artifact ready                            1.47s
[WASM]       RUN    delegation_issuer_stub (1/1)
[WASM]       DONE   delegation_issuer_stub                                5.97s
[FLEET]      DONE   Store and Component artifacts ready                   7.15s
[FLEET]      RUN    starting PocketIC instance
[FLEET]      READY  PocketIC instance
[FLEET]      DONE   PocketIC topology ready                               0.09s
[FLEET]      DONE   Root and Store installed                              4.07s
[FLEET]      DONE   Coordinator installed                                 1.45s
[FLEET]      DONE   Root joined and synchronized                          0.12s
[FLEET]      DONE   Component Registry activated                          2.96s
[FLEET]      DONE   fresh Fleet validated                                 0.01s
[FLEET]      DONE   fresh Fleet setup complete                           20.33s
[WASM]       RUN    delegation_root_stub (1/2)
[WASM]       RUN    cycles_ledger_stub (2/2)
[WASM]       CACHE  delegation_root_stub                                  0.45s
[WASM]       CACHE  cycles_ledger_stub                                    0.01s
[WASM]       DONE   batch: 0 built, 2 cached, 0 failed                    0.46s
ok

test result: ok. 1 passed; 0 failed; 0 ignored; 0 measured; 65 filtered out; finished in 25.20s

==> shared PocketIC resources after targeted canic-testing-internal PocketIC proof: rss=368000 kB high_water=383672 kB threads=19
==> targeted canic-testing-internal PocketIC proof done in 26s

==> workspace timing summary
kind             elapsed  result label
----             -------  ------ -----
pocketic-serial  26s      PASS   targeted canic-testing-internal PocketIC proof
workspace runner wall time: 27s
WORKSPACE TESTS PASSED: all requested suites succeeded.
==> leaving Cargo build artifacts intact
==> clearing invocation-owned test scratch: test-runtime.79bNmj

=== Pending fixture funding: make test-pocketic-case CASE=pic::fleet_registry::baseline::tests::prepared_root_initial_shard_bootstrap_reaches_terminal_component_membership [failed] ===
ICP_ENVIRONMENT=local bash scripts/ci/run-with-test-scratch.sh \
	bash scripts/ci/run-workspace-tests.sh targeted-pocketic "$CANIC_POCKETIC_CASE"
workspace test inventory guard passed (39 targets: 30 parallel, 9 serial PocketIC)
PocketIC version alignment passed (16.0.0)
==> using pinned PocketIC server binary: /home/adam/.cache/canic/pocket-ic-server-16.0.0/pocket-ic
==> prefetching locked dependency graph for offline metadata checks
    Blocking waiting for file lock on package cache
==> native ICP CLI: /home/adam/.cargo/bin/icp (icp 1.4.0)
==> shared PocketIC server ready: http://127.0.0.1:36203/
==> targeted canic-testing-internal PocketIC proof
==> verifying exact test identity (listing only)
   Compiling canic-testing-internal v0.110.14 (/home/adam/projects/canic/crates/canic-testing-internal)
    Finished `test` profile [optimized + debuginfo] target(s) in 15.49s
     Running unittests src/lib.rs (target/debug/deps/canic_testing_internal-a53636dabe5b59e7)
    Finished `test` profile [optimized + debuginfo] target(s) in 0.30s
     Running unittests src/lib.rs (target/debug/deps/canic_testing_internal-a53636dabe5b59e7)

running 1 test
test pic::fleet_registry::baseline::tests::prepared_root_initial_shard_bootstrap_reaches_terminal_component_membership ... [FLEET]      RUN    starting PocketIC instance
[FLEET]      READY  PocketIC instance
Build declaration cache root: miss (extracted current Wasm)
[WASM]       SIZE   root/candidate.wasm  code=8.56 MiB (8975089 B)  headroom=1.44 MiB (1510671 B)
Build phase finalization /home/adam/projects/canic/.canic/release-builds/a4c128728412f11837b79ce8562e3115451db387e17361b79b4f15d02cbb36ae/artifacts/root/root.wasm: shrink=1.52s candid=1.40s binaryen=0.00s gzip/validation=0.52s total=3.47s
[WASM]       CACHE  Fleet Coordinator artifact                            1.31s
[WASM]       RUN    canister_index_child (1/6)
[WASM]       RUN    canister_index_hub (2/6)
[WASM]       RUN    canister_scale_hub (3/6)
[WASM]       RUN    canister_scale (4/6)
[WASM]       RUN    canister_user_hub (5/6)
[WASM]       RUN    canister_user_shard (6/6)
[WASM]       CACHE  canister_index_child                                  0.66s
[WASM]       CACHE  canister_index_hub                                    0.02s
[WASM]       CACHE  canister_scale_hub                                    0.02s
[WASM]       CACHE  canister_scale                                        0.01s
[WASM]       CACHE  canister_user_hub                                     0.02s
[WASM]       CACHE  canister_user_shard                                   0.01s
[WASM]       DONE   batch: 0 built, 6 cached, 0 failed                    0.73s
[FLEET]      RUN    building bootstrap wasm_store artifact
[WASM]       CACHE  bootstrap Store artifact                              1.05s
[FLEET]      RUN    building PIC root wasm artifact
[WASM]       RUN    delegation_root_stub (1/1)
[WASM]       CACHE  delegation_root_stub                                  0.46s
[FLEET]      RUN    finished PIC wasm build

thread 'pic::fleet_registry::baseline::tests::prepared_root_initial_shard_bootstrap_reaches_terminal_component_membership' (30424) panicked at crates/canic-testing-internal/src/pic/fleet_registry/baseline.rs:587:22:
Root accepts registered descendant funding request: Error { code: 30 }
note: run with `RUST_BACKTRACE=1` environment variable to display a backtrace
FAILED

failures:

failures:
    pic::fleet_registry::baseline::tests::prepared_root_initial_shard_bootstrap_reaches_terminal_component_membership

test result: FAILED. 0 passed; 1 failed; 0 ignored; 0 measured; 65 filtered out; finished in 49.40s

error: test failed, to rerun pass `-p canic-testing-internal --lib`
error: 1 target failed:
    `-p canic-testing-internal --lib`
==> shared PocketIC resources after targeted canic-testing-internal PocketIC proof: rss=457700 kB high_water=478984 kB threads=19
==> targeted canic-testing-internal PocketIC proof failed in 65s (exit 101)
==> shared PocketIC server stderr (last 40 lines)
2021-05-06 19:18:47.000000121 UTC: [Canister dciz3-zl777-77776-qaabq-cai] [34mINFO [0m| scale_hub  | [Init] bootstrap (nonroot): init start
2021-05-06 19:18:47.000000121 UTC: [Canister dmkut-c3777-77776-qaaaq-cai] [34mINFO [0m|    root    | [Rpc] capability authorized (capability=AllocatePlacementChild, caller=dciz3-zl777-77776-qaabq-cai, subnet=dmkut-c3777-77776-qaaaq-cai, now=1620328727)
2021-05-06 19:18:47.000000121 UTC: [Canister dmkut-c3777-77776-qaaaq-cai] [34mINFO [0m|    root    | [Rpc] root provision replay effect marked effect=provision_canister command_kind=root.allocate_placement_child caller=dciz3-zl777-77776-qaabq-cai role=scale_replica parent=dciz3-zl777-77776-qaabq-cai
2021-05-06 19:18:47.000000121 UTC: [Canister dciz3-zl777-77776-qaabq-cai] [32m OK  [0m| scale_hub  | [Init] scale.bootstrap: dznf6-dt777-77776-qaada-cai pool=scales worker=1/1
2021-05-06 19:18:47.000000121 UTC: [Canister dciz3-zl777-77776-qaabq-cai] [34mINFO [0m| scale_hub  | [Init] bootstrap (nonroot): init complete
2021-05-06 19:18:47.000000121 UTC: [Canister dciz3-zl777-77776-qaabq-cai] [34mINFO [0m| scale_hub  | [Init] canister marked READY
2021-05-06 19:18:48.000000121 UTC: [Canister dxpiw-yd777-77776-qaaca-cai] [34mINFO [0m|  user_hub  | [Init] bootstrap (nonroot): init start
2021-05-06 19:18:48.000000121 UTC: [Canister d6mdk-ol777-77776-qaadq-cai] [34mINFO [0m| user_shard | [Init] bootstrap (nonroot): init start
2021-05-06 19:18:48.000000121 UTC: [Canister d6mdk-ol777-77776-qaadq-cai] [34mINFO [0m| user_shard | [Init] bootstrap (nonroot): init complete
2021-05-06 19:18:48.000000121 UTC: [Canister d6mdk-ol777-77776-qaadq-cai] [34mINFO [0m| user_shard | [Init] canister marked READY
2021-05-06 19:18:48.000000121 UTC: [Canister dmkut-c3777-77776-qaaaq-cai] [34mINFO [0m|    root    | [Rpc] capability authorized (capability=AllocatePlacementChild, caller=dxpiw-yd777-77776-qaaca-cai, subnet=dmkut-c3777-77776-qaaaq-cai, now=1620328728)
2021-05-06 19:18:48.000000121 UTC: [Canister dmkut-c3777-77776-qaaaq-cai] [34mINFO [0m|    root    | [Rpc] root provision replay effect marked effect=provision_canister command_kind=root.allocate_placement_child caller=dxpiw-yd777-77776-qaaca-cai role=user_shard parent=dxpiw-yd777-77776-qaaca-cai
2021-05-06 19:18:48.000000121 UTC: [Canister dciz3-zl777-77776-qaabq-cai] [33mWARN [0m| scale_hub  | [Rpc] placement receipt acknowledgement will retry operation_id=b5cf15d9af743dc99c427830c9138cd0b0f7cd749541e2bbde6e49d6accad125: E61
2021-05-06 19:18:48.000000121 UTC: [Canister dmkut-c3777-77776-qaaaq-cai] [31mERROR[0m|    root    | [Rpc] root provision replay recovery required effect=provision_canister command_kind=root.allocate_placement_child caller=dxpiw-yd777-77776-qaaca-cai role=user_shard parent=dxpiw-yd777-77776-qaaca-cai diagnostic=E140
2021-05-06 19:18:48.000000121 UTC: [Canister dmkut-c3777-77776-qaaaq-cai] [33mWARN [0m|    root    | [Rpc] execute_root_capability failed (capability=AllocatePlacementChild, caller=dxpiw-yd777-77776-qaaca-cai, subnet=dmkut-c3777-77776-qaaaq-cai, now=1620328728): E140
2021-05-06 19:18:48.000000121 UTC: [Canister dxpiw-yd777-77776-qaaca-cai] [33mWARN [0m|  user_hub  | [Init] non-root bootstrap waiting for managed authority (attempt 11/64): E61
2021-05-06 19:18:52.000000121 UTC: [Canister dxpiw-yd777-77776-qaaca-cai] [34mINFO [0m|  user_hub  | [Init] bootstrap (nonroot): init start
2021-05-06 19:18:52.000000121 UTC: [Canister dmkut-c3777-77776-qaaaq-cai] [34mINFO [0m|    root    | [Rpc] capability authorized (capability=AllocatePlacementChild, caller=dxpiw-yd777-77776-qaaca-cai, subnet=dmkut-c3777-77776-qaaaq-cai, now=1620328732)
2021-05-06 19:18:52.000000121 UTC: [Canister dmkut-c3777-77776-qaaaq-cai] [34mINFO [0m|    root    | [Rpc] root provision replay effect marked effect=provision_canister command_kind=root.allocate_placement_child caller=dxpiw-yd777-77776-qaaca-cai role=user_shard parent=dxpiw-yd777-77776-qaaca-cai
2021-05-06 19:18:52.000000121 UTC: [Canister dmkut-c3777-77776-qaaaq-cai] [31mERROR[0m|    root    | [Rpc] root provision replay recovery required effect=provision_canister command_kind=root.allocate_placement_child caller=dxpiw-yd777-77776-qaaca-cai role=user_shard parent=dxpiw-yd777-77776-qaaca-cai diagnostic=E140
2021-05-06 19:18:52.000000121 UTC: [Canister dmkut-c3777-77776-qaaaq-cai] [33mWARN [0m|    root    | [Rpc] execute_root_capability failed (capability=AllocatePlacementChild, caller=dxpiw-yd777-77776-qaaca-cai, subnet=dmkut-c3777-77776-qaaaq-cai, now=1620328732): E140
2021-05-06 19:18:52.000000121 UTC: [Canister dxpiw-yd777-77776-qaaca-cai] [33mWARN [0m|  user_hub  | [Init] non-root bootstrap waiting for managed authority (attempt 12/64): E61
2021-05-06 19:18:54.000000121 UTC: [Canister dmkut-c3777-77776-qaaaq-cai] [31mERROR[0m|    root    | [Fleet] Root Component activation failed stage=ComponentRuntime component_index=2 canister=dxpiw-yd777-77776-qaaca-cai operation_id=[10, 105, 254, 93, 170, 113, 195, 132, 220, 52, 227, 187, 141, 149, 34, 12, 137, 140, 84, 101, 133, 153, 187, 108, 160, 19, 103, 31, 177, 227, 207, 138] diagnostic=E137
2021-05-06 19:18:54.000000121 UTC: [Canister dmkut-c3777-77776-qaaaq-cai] [33mWARN [0m|    root    | [Fleet] Root Component provisioning retry: operation_id=[113, 113, 113, 113, 113, 113, 113, 113, 113, 113, 113, 113, 113, 113, 113, 113, 113, 113, 113, 113, 113, 113, 113, 113, 113, 113, 113, 113, 113, 113, 113, 113] phase=Published activated_components=2/3 diagnostic=E137
2021-05-06 19:18:56.000000121 UTC: [Canister dxpiw-yd777-77776-qaaca-cai] [34mINFO [0m|  user_hub  | [Init] bootstrap (nonroot): init start
2021-05-06 19:18:56.000000121 UTC: [Canister dmkut-c3777-77776-qaaaq-cai] [34mINFO [0m|    root    | [Rpc] capability authorized (capability=AllocatePlacementChild, caller=dxpiw-yd777-77776-qaaca-cai, subnet=dmkut-c3777-77776-qaaaq-cai, now=1620328736)
2021-05-06 19:18:56.000000121 UTC: [Canister dmkut-c3777-77776-qaaaq-cai] [34mINFO [0m|    root    | [Rpc] root provision replay effect marked effect=provision_canister command_kind=root.allocate_placement_child caller=dxpiw-yd777-77776-qaaca-cai role=user_shard parent=dxpiw-yd777-77776-qaaca-cai
2021-05-06 19:18:56.000000121 UTC: [Canister dxpiw-yd777-77776-qaaca-cai] [32m OK  [0m|  user_hub  | [Sharding] ✨ shard.create: d6mdk-ol777-77776-qaadq-cai pool=user_shards slot=0
2021-05-06 19:18:56.000000121 UTC: [Canister dxpiw-yd777-77776-qaaca-cai] [32m OK  [0m|  user_hub  | [Sharding] ✨ shard.bootstrap: d6mdk-ol777-77776-qaadq-cai pool=user_shards slot=0
2021-05-06 19:18:56.000000121 UTC: [Canister dxpiw-yd777-77776-qaaca-cai] [34mINFO [0m|  user_hub  | [Init] bootstrap (nonroot): init complete
2021-05-06 19:18:56.000000121 UTC: [Canister dxpiw-yd777-77776-qaaca-cai] [34mINFO [0m|  user_hub  | [Init] canister marked READY
2021-05-06 19:18:57.000000121 UTC: [Canister dxpiw-yd777-77776-qaaca-cai] [33mWARN [0m|  user_hub  | [Rpc] placement receipt acknowledgement will retry operation_id=8971362a571f727a5069a69e4a40ec4444d749ea638004630d3985361aba530c: E61
2021-05-06 19:18:57.000000121 UTC: [Canister dmkut-c3777-77776-qaaaq-cai] [31mERROR[0m|    root    | [Fleet] Root Component activation failed stage=ComponentRuntime component_index=2 canister=dxpiw-yd777-77776-qaaca-cai operation_id=[10, 105, 254, 93, 170, 113, 195, 132, 220, 52, 227, 187, 141, 149, 34, 12, 137, 140, 84, 101, 133, 153, 187, 108, 160, 19, 103, 31, 177, 227, 207, 138] diagnostic=E137
2021-05-06 19:18:57.000000121 UTC: [Canister dmkut-c3777-77776-qaaaq-cai] [33mWARN [0m|    root    | [Fleet] Root Component provisioning retry: operation_id=[113, 113, 113, 113, 113, 113, 113, 113, 113, 113, 113, 113, 113, 113, 113, 113, 113, 113, 113, 113, 113, 113, 113, 113, 113, 113, 113, 113, 113, 113, 113, 113] phase=Published activated_components=2/3 diagnostic=E137
2021-05-06 19:19:01.000000121 UTC: [Canister dmkut-c3777-77776-qaaaq-cai] [31mERROR[0m|    root    | [Fleet] Root Component activation failed stage=ComponentMembership component_index=2 canister=dxpiw-yd777-77776-qaaca-cai operation_id=[10, 105, 254, 93, 170, 113, 195, 132, 220, 52, 227, 187, 141, 149, 34, 12, 137, 140, 84, 101, 133, 153, 187, 108, 160, 19, 103, 31, 177, 227, 207, 138] diagnostic=E140
2021-05-06 19:19:01.000000121 UTC: [Canister dmkut-c3777-77776-qaaaq-cai] [33mWARN [0m|    root    | [Fleet] Root Component provisioning retry: operation_id=[113, 113, 113, 113, 113, 113, 113, 113, 113, 113, 113, 113, 113, 113, 113, 113, 113, 113, 113, 113, 113, 113, 113, 113, 113, 113, 113, 113, 113, 113, 113, 113] phase=Published activated_components=2/3 diagnostic=E140
2021-05-06 19:19:07.000000121 UTC: [Canister dmkut-c3777-77776-qaaaq-cai] [31mERROR[0m|    root    | [Fleet] Root Component activation failed stage=ComponentMembership component_index=2 canister=dxpiw-yd777-77776-qaaca-cai operation_id=[10, 105, 254, 93, 170, 113, 195, 132, 220, 52, 227, 187, 141, 149, 34, 12, 137, 140, 84, 101, 133, 153, 187, 108, 160, 19, 103, 31, 177, 227, 207, 138] diagnostic=E140
2021-05-06 19:19:07.000000121 UTC: [Canister dmkut-c3777-77776-qaaaq-cai] [33mWARN [0m|    root    | [Fleet] Root Component provisioning retry: operation_id=[113, 113, 113, 113, 113, 113, 113, 113, 113, 113, 113, 113, 113, 113, 113, 113, 113, 113, 113, 113, 113, 113, 113, 113, 113, 113, 113, 113, 113, 113, 113, 113] phase=Published activated_components=2/3 diagnostic=E140
2021-05-06 19:19:14.000000121 UTC: [Canister dxpiw-yd777-77776-qaaca-cai] Panicked at 'Fleet activation fence rejected endpoint test_recovery_generation: E140', crates/canic-core/src/dispatch/mod.rs:109:9
2021-05-06 19:19:14.000000122 UTC: [Canister dxpiw-yd777-77776-qaaca-cai] Panicked at 'Fleet activation fence rejected endpoint create_account: E140', crates/canic-core/src/dispatch/mod.rs:109:9
==> shared PocketIC server stdout (last 40 lines)
2026-09-12T10:34:04.343244Z  INFO pocket_ic_server: The PocketIC server is listening on port 36203

==> workspace timing summary
kind             elapsed  result label
----             -------  ------ -----
pocketic-serial  65s      FAIL   targeted canic-testing-internal PocketIC proof
workspace runner wall time: 66s
WORKSPACE TESTS FAILED: targeted canic-testing-internal PocketIC proof
==> leaving Cargo build artifacts intact
==> clearing invocation-owned test scratch: test-runtime.YKYwgm
make: *** [Makefile:426: test-pocketic-case] Error 1

=== Pending fixture funding: make test-pocketic-case CASE=pic::fleet_registry::baseline::tests::prepared_root_initial_shard_bootstrap_reaches_terminal_component_membership [pass] ===
ICP_ENVIRONMENT=local bash scripts/ci/run-with-test-scratch.sh \
	bash scripts/ci/run-workspace-tests.sh targeted-pocketic "$CANIC_POCKETIC_CASE"
workspace test inventory guard passed (39 targets: 30 parallel, 9 serial PocketIC)
PocketIC version alignment passed (16.0.0)
==> using pinned PocketIC server binary: /home/adam/.cache/canic/pocket-ic-server-16.0.0/pocket-ic
==> prefetching locked dependency graph for offline metadata checks
==> native ICP CLI: /home/adam/.cargo/bin/icp (icp 1.4.0)
==> shared PocketIC server ready: http://127.0.0.1:41387/
==> targeted canic-testing-internal PocketIC proof
==> verifying exact test identity (listing only)
   Compiling canic-testing-internal v0.110.14 (/home/adam/projects/canic/crates/canic-testing-internal)
    Finished `test` profile [optimized + debuginfo] target(s) in 12.50s
     Running unittests src/lib.rs (target/debug/deps/canic_testing_internal-a53636dabe5b59e7)
    Finished `test` profile [optimized + debuginfo] target(s) in 0.31s
     Running unittests src/lib.rs (target/debug/deps/canic_testing_internal-a53636dabe5b59e7)

running 1 test
test pic::fleet_registry::baseline::tests::prepared_root_initial_shard_bootstrap_reaches_terminal_component_membership ... [FLEET]      RUN    starting PocketIC instance
[FLEET]      READY  PocketIC instance
Build declaration cache root: miss (extracted current Wasm)
[WASM]       SIZE   root/candidate.wasm  code=8.56 MiB (8975116 B)  headroom=1.44 MiB (1510644 B)
Build phase finalization /home/adam/projects/canic/.canic/release-builds/a4c128728412f11837b79ce8562e3115451db387e17361b79b4f15d02cbb36ae/artifacts/root/root.wasm: shrink=1.50s candid=1.37s binaryen=0.00s gzip/validation=0.53s total=3.43s
[WASM]       CACHE  Fleet Coordinator artifact                            1.06s
[WASM]       RUN    canister_index_child (1/6)
[WASM]       RUN    canister_index_hub (2/6)
[WASM]       RUN    canister_scale_hub (3/6)
[WASM]       RUN    canister_scale (4/6)
[WASM]       RUN    canister_user_hub (5/6)
[WASM]       RUN    canister_user_shard (6/6)
[WASM]       DONE   canister_index_child                                  5.36s
[WASM]       DONE   canister_index_hub                                    5.21s
[WASM]       DONE   canister_scale_hub                                    5.35s
[WASM]       DONE   canister_scale                                        5.22s
[WASM]       DONE   canister_user_hub                                     5.82s
[WASM]       DONE   canister_user_shard                                   5.59s
[WASM]       DONE   batch: 6 built, 0 cached, 0 failed                   32.55s
[FLEET]      RUN    building bootstrap wasm_store artifact
[WASM]       CACHE  bootstrap Store artifact                              1.06s
[FLEET]      RUN    building PIC root wasm artifact
[WASM]       RUN    delegation_root_stub (1/1)
[WASM]       CACHE  delegation_root_stub                                  0.46s
[FLEET]      RUN    finished PIC wasm build
ok

test result: ok. 1 passed; 0 failed; 0 ignored; 0 measured; 65 filtered out; finished in 85.57s

==> shared PocketIC resources after targeted canic-testing-internal PocketIC proof: rss=482692 kB high_water=531848 kB threads=19
==> targeted canic-testing-internal PocketIC proof done in 99s

==> workspace timing summary
kind             elapsed  result label
----             -------  ------ -----
pocketic-serial  99s      PASS   targeted canic-testing-internal PocketIC proof
workspace runner wall time: 100s
WORKSPACE TESTS PASSED: all requested suites succeeded.
==> leaving Cargo build artifacts intact
==> clearing invocation-owned test scratch: test-runtime.r6CJpe

=== Automatic fixture funding: make test-pocketic-case CASE=pic::fleet_registry::baseline::tests::pending_fixture_automatically_funds_within_configured_allowance [pass] ===
ICP_ENVIRONMENT=local bash scripts/ci/run-with-test-scratch.sh \
	bash scripts/ci/run-workspace-tests.sh targeted-pocketic "$CANIC_POCKETIC_CASE"
workspace test inventory guard passed (39 targets: 30 parallel, 9 serial PocketIC)
PocketIC version alignment passed (16.0.0)
==> using pinned PocketIC server binary: /home/adam/.cache/canic/pocket-ic-server-16.0.0/pocket-ic
==> prefetching locked dependency graph for offline metadata checks
==> native ICP CLI: /home/adam/.cargo/bin/icp (icp 1.4.0)
==> shared PocketIC server ready: http://127.0.0.1:46579/
==> targeted canic-testing-internal PocketIC proof
==> verifying exact test identity (listing only)
   Compiling canic-testing-internal v0.110.14 (/home/adam/projects/canic/crates/canic-testing-internal)
    Finished `test` profile [optimized + debuginfo] target(s) in 15.80s
     Running unittests src/lib.rs (target/debug/deps/canic_testing_internal-a53636dabe5b59e7)
    Finished `test` profile [optimized + debuginfo] target(s) in 0.32s
     Running unittests src/lib.rs (target/debug/deps/canic_testing_internal-a53636dabe5b59e7)

running 1 test
test pic::fleet_registry::baseline::tests::pending_fixture_automatically_funds_within_configured_allowance ... Build declaration cache root: miss (extracted current Wasm)
[WASM]       SIZE   root/candidate.wasm  code=8.55 MiB (8967883 B)  headroom=1.45 MiB (1517877 B)
Build phase finalization /home/adam/projects/canic/.canic/release-builds/a4c128728412f11837b79ce8562e3115451db387e17361b79b4f15d02cbb36ae/artifacts/root/root.wasm: shrink=1.69s candid=1.44s binaryen=0.00s gzip/validation=0.54s total=3.71s
[WASM]       RUN    canister_user_hub (1/2)
[WASM]       RUN    canister_user_shard (2/2)
[WASM]       CACHE  canister_user_hub                                     0.48s
[WASM]       CACHE  canister_user_shard                                   0.02s
[WASM]       DONE   batch: 0 built, 2 cached, 0 failed                    0.50s
[FLEET]      RUN    starting PocketIC instance
[FLEET]      READY  PocketIC instance
[WASM]       CACHE  Fleet Coordinator artifact                            1.06s
[FLEET]      RUN    building bootstrap wasm_store artifact
[WASM]       CACHE  bootstrap Store artifact                              1.20s
[FLEET]      RUN    building PIC root wasm artifact
[WASM]       RUN    delegation_root_stub (1/1)
[WASM]       CACHE  delegation_root_stub                                  0.49s
[FLEET]      RUN    finished PIC wasm build
ok

test result: ok. 1 passed; 0 failed; 0 ignored; 0 measured; 66 filtered out; finished in 42.04s

==> shared PocketIC resources after targeted canic-testing-internal PocketIC proof: rss=385632 kB high_water=402672 kB threads=19
==> targeted canic-testing-internal PocketIC proof done in 58s

==> workspace timing summary
kind             elapsed  result label
----             -------  ------ -----
pocketic-serial  58s      PASS   targeted canic-testing-internal PocketIC proof
workspace runner wall time: 59s
WORKSPACE TESTS PASSED: all requested suites succeeded.
==> leaving Cargo build artifacts intact
==> clearing invocation-owned test scratch: test-runtime.DQFG3D

=== Automatic fixture funding: make test-pocketic-case CASE=pic::fleet_registry::baseline::tests::prepared_root_initial_shard_bootstrap_reaches_terminal_component_membership [pass] ===
ICP_ENVIRONMENT=local bash scripts/ci/run-with-test-scratch.sh \
	bash scripts/ci/run-workspace-tests.sh targeted-pocketic "$CANIC_POCKETIC_CASE"
workspace test inventory guard passed (39 targets: 30 parallel, 9 serial PocketIC)
PocketIC version alignment passed (16.0.0)
==> using pinned PocketIC server binary: /home/adam/.cache/canic/pocket-ic-server-16.0.0/pocket-ic
==> prefetching locked dependency graph for offline metadata checks
==> native ICP CLI: /home/adam/.cargo/bin/icp (icp 1.4.0)
==> shared PocketIC server ready: http://127.0.0.1:35419/
==> targeted canic-testing-internal PocketIC proof
==> verifying exact test identity (listing only)
    Finished `test` profile [optimized + debuginfo] target(s) in 0.30s
     Running unittests src/lib.rs (target/debug/deps/canic_testing_internal-a53636dabe5b59e7)
    Finished `test` profile [optimized + debuginfo] target(s) in 0.30s
     Running unittests src/lib.rs (target/debug/deps/canic_testing_internal-a53636dabe5b59e7)

running 1 test
test pic::fleet_registry::baseline::tests::prepared_root_initial_shard_bootstrap_reaches_terminal_component_membership ... [FLEET]      RUN    starting PocketIC instance
[FLEET]      READY  PocketIC instance
Build declaration cache root: miss (extracted current Wasm)
[WASM]       SIZE   root/candidate.wasm  code=8.56 MiB (8975116 B)  headroom=1.44 MiB (1510644 B)
Build phase finalization /home/adam/projects/canic/.canic/release-builds/a4c128728412f11837b79ce8562e3115451db387e17361b79b4f15d02cbb36ae/artifacts/root/root.wasm: shrink=1.57s candid=1.41s binaryen=0.00s gzip/validation=0.52s total=3.54s
[WASM]       RUN    canister_index_child (1/6)
[WASM]       RUN    canister_index_hub (2/6)
[WASM]       RUN    canister_scale_hub (3/6)
[WASM]       RUN    canister_scale (4/6)
[WASM]       RUN    canister_user_hub (5/6)
[WASM]       RUN    canister_user_shard (6/6)
[WASM]       CACHE  canister_index_child                                  0.47s
[WASM]       CACHE  canister_index_hub                                    0.01s
[WASM]       CACHE  canister_scale_hub                                    0.01s
[WASM]       CACHE  canister_scale                                        0.01s
[WASM]       CACHE  canister_user_hub                                     0.01s
[WASM]       CACHE  canister_user_shard                                   0.01s
[WASM]       DONE   batch: 0 built, 6 cached, 0 failed                    0.52s
[WASM]       CACHE  Fleet Coordinator artifact                            1.00s
[FLEET]      RUN    building bootstrap wasm_store artifact
[WASM]       CACHE  bootstrap Store artifact                              0.98s
[FLEET]      RUN    building PIC root wasm artifact
[WASM]       RUN    delegation_root_stub (1/1)
[WASM]       CACHE  delegation_root_stub                                  0.44s
[FLEET]      RUN    finished PIC wasm build
ok

test result: ok. 1 passed; 0 failed; 0 ignored; 0 measured; 66 filtered out; finished in 55.25s

==> shared PocketIC resources after targeted canic-testing-internal PocketIC proof: rss=496944 kB high_water=546708 kB threads=19
==> targeted canic-testing-internal PocketIC proof done in 56s

==> workspace timing summary
kind             elapsed  result label
----             -------  ------ -----
pocketic-serial  56s      PASS   targeted canic-testing-internal PocketIC proof
workspace runner wall time: 57s
WORKSPACE TESTS PASSED: all requested suites succeeded.
==> leaving Cargo build artifacts intact
==> clearing invocation-owned test scratch: test-runtime.k6tyUm

=== Durable reviewed publication attempts ===
ICP_ENVIRONMENT=local bash scripts/ci/run-with-test-scratch.sh \
	bash scripts/ci/run-workspace-tests.sh targeted-pocketic "$CANIC_POCKETIC_CASE"
workspace test inventory guard passed (39 targets: 30 parallel, 9 serial PocketIC)
PocketIC version alignment passed (16.0.0)
==> using pinned PocketIC server binary: /home/adam/.cache/canic/pocket-ic-server-16.0.0/pocket-ic
==> prefetching locked dependency graph for offline metadata checks
==> native ICP CLI: /home/adam/.cargo/bin/icp (icp 1.4.0)
==> shared PocketIC server ready: http://127.0.0.1:41515/
==> targeted canic-testing-internal PocketIC proof
==> verifying exact test identity (listing only)
   Compiling canic-host v0.110.14 (/home/adam/projects/canic/crates/canic-host)
   Compiling canic-cli v0.110.14 (/home/adam/projects/canic/crates/canic-cli)
   Compiling canic-testing-internal v0.110.14 (/home/adam/projects/canic/crates/canic-testing-internal)
    Finished `test` profile [optimized + debuginfo] target(s) in 43.54s
     Running unittests src/lib.rs (target/debug/deps/canic_testing_internal-a53636dabe5b59e7)
    Finished `test` profile [optimized + debuginfo] target(s) in 0.31s
     Running unittests src/lib.rs (target/debug/deps/canic_testing_internal-a53636dabe5b59e7)

running 1 test
test pic::fleet_registry::baseline::tests::current_store_bootstraps_application_catalog_and_replays_zero_effects ... [WASM]       RUN    delegation_root_stub (1/1)
[WASM]       DONE   delegation_root_stub                                  6.23s
[WASM]       RUN    delegation_issuer_stub (1/1)
[WASM]       DONE   delegation_issuer_stub                                5.93s
[FLEET]      RUN    starting PocketIC instance
[FLEET]      READY  PocketIC instance
[FLEET]      RUN    building bootstrap wasm_store artifact
[WASM]       DONE   bootstrap Store artifact                             28.04s
[FLEET]      RUN    building PIC root wasm artifact
[WASM]       RUN    delegation_root_stub (1/1)
[WASM]       CACHE  delegation_root_stub                                  0.48s
[FLEET]      RUN    finished PIC wasm build
ok

test result: ok. 1 passed; 0 failed; 0 ignored; 0 measured; 66 filtered out; finished in 48.63s

==> shared PocketIC resources after targeted canic-testing-internal PocketIC proof: rss=319276 kB high_water=382004 kB threads=19
==> targeted canic-testing-internal PocketIC proof done in 92s

==> workspace timing summary
kind             elapsed  result label
----             -------  ------ -----
pocketic-serial  92s      PASS   targeted canic-testing-internal PocketIC proof
workspace runner wall time: 93s
WORKSPACE TESTS PASSED: all requested suites succeeded.
==> leaving Cargo build artifacts intact
==> clearing invocation-owned test scratch: test-runtime.D1YdBM


== 2026-09-12 held Store replies: failed; held-store-replies-drained-source.sha256 ==
ICP_ENVIRONMENT=local RUSTC_WRAPPER= CARGO_NET_OFFLINE=true make test-pocketic-case CASE=pic::fleet_registry::baseline::tests::root_restart_reconciles_held_store_grant_and_revocation_replies
ICP_ENVIRONMENT=local bash scripts/ci/run-with-test-scratch.sh \
	bash scripts/ci/run-workspace-tests.sh targeted-pocketic "$CANIC_POCKETIC_CASE"
workspace test inventory guard passed (39 targets: 30 parallel, 9 serial PocketIC)
PocketIC version alignment passed (16.0.0)
==> using pinned PocketIC server binary: /home/adam/.cache/canic/pocket-ic-server-16.0.0/pocket-ic
==> prefetching locked dependency graph for offline metadata checks
==> native ICP CLI: /home/adam/.cargo/bin/icp (icp 1.4.0)
==> shared PocketIC server ready: http://127.0.0.1:34111/
==> targeted canic-testing-internal PocketIC proof
==> verifying exact test identity (listing only)
   Compiling canic-control-plane v0.110.14 (/home/adam/projects/canic/crates/canic-control-plane)
   Compiling canic-host v0.110.14 (/home/adam/projects/canic/crates/canic-host)
   Compiling canic-cli v0.110.14 (/home/adam/projects/canic/crates/canic-cli)
   Compiling canic-testing-internal v0.110.14 (/home/adam/projects/canic/crates/canic-testing-internal)
    Finished `test` profile [optimized + debuginfo] target(s) in 39.63s
     Running unittests src/lib.rs (target/debug/deps/canic_testing_internal-a53636dabe5b59e7)
    Finished `test` profile [optimized + debuginfo] target(s) in 0.31s
     Running unittests src/lib.rs (target/debug/deps/canic_testing_internal-a53636dabe5b59e7)

running 1 test
test pic::fleet_registry::baseline::tests::root_restart_reconciles_held_store_grant_and_revocation_replies ... Build declaration cache root: miss (extracted current Wasm)
[WASM]       SIZE   root/candidate.wasm  code=8.56 MiB (8975116 B)  headroom=1.44 MiB (1510644 B)
Build phase finalization /home/adam/projects/canic/.canic/release-builds/a4c128728412f11837b79ce8562e3115451db387e17361b79b4f15d02cbb36ae/artifacts/root/root.wasm: shrink=1.59s candid=1.44s binaryen=0.00s gzip/validation=0.54s total=3.60s
Build phase runtime Cargo/link bootstrap_store: 2.25s
[WASM]       SIZE   wasm_store/candidate.wasm  code=2.88 MiB (3018618 B)  headroom=7.12 MiB (7467142 B)
Build phase finalization /home/adam/projects/canic/.canic/release-builds/a4c128728412f11837b79ce8562e3115451db387e17361b79b4f15d02cbb36ae/artifacts/wasm_store/wasm_store.wasm: shrink=0.57s candid=0.53s binaryen=0.00s gzip/validation=0.20s total=1.31s
   Compiling canic-fleet-wasm-store v0.110.14 (/home/adam/projects/canic/canisters/test/canic_icydb_lifecycle_probe/.canic/generated/canic-fleet-wasm-store)
    Finished `fast` profile [optimized] target(s) in 2.27s
[FLEET]      RUN    starting PocketIC instance
[FLEET]      READY  PocketIC instance
[WASM]       RUN    canister_index_child (1/6)
[WASM]       RUN    canister_index_hub (2/6)
[WASM]       RUN    canister_scale_hub (3/6)
[WASM]       RUN    canister_scale (4/6)
[WASM]       RUN    canister_user_hub (5/6)
[WASM]       RUN    canister_user_shard (6/6)
[WASM]       CACHE  canister_index_child                                  0.50s
[WASM]       CACHE  canister_index_hub                                    0.03s
[WASM]       CACHE  canister_scale_hub                                    0.03s
[WASM]       CACHE  canister_scale                                        0.02s
[WASM]       CACHE  canister_user_hub                                     0.03s
[WASM]       CACHE  canister_user_shard                                   0.03s
[WASM]       DONE   batch: 0 built, 6 cached, 0 failed                    0.64s
[WASM]       CACHE  Fleet Coordinator artifact                            1.05s

thread 'pic::fleet_registry::baseline::tests::root_restart_reconciles_held_store_grant_and_revocation_replies' (7347) panicked at crates/canic-testing-internal/src/pic/fleet_registry/baseline.rs:4609:9:
fixture Fleet must reach terminal activation: Some(FleetComponentProvisioningStatusResponse { operation_id: [199, 199, 199, 199, 199, 199, 199, 199, 199, 199, 199, 199, 199, 199, 199, 199, 199, 199, 199, 199, 199, 199, 199, 199, 199, 199, 199, 199, 199, 199, 199, 199], plan_hash: [148, 222, 59, 156, 83, 70, 27, 114, 59, 130, 198, 173, 41, 0, 108, 127, 180, 66, 193, 250, 183, 118, 100, 6, 18, 86, 16, 193, 164, 174, 54, 130], fleet_registry: FleetRegistryVersion { authority: FleetRegistryAuthority { binding: FleetCoordinatorBinding { fleet: FleetBinding { fleet: FleetKey { canonical_network_id: CanonicalNetworkId([64, 43, 54, 129, 69, 63, 185, 207, 163, 86, 182, 234, 122, 189, 226, 222, 83, 204, 76, 102, 92, 170, 244, 56, 83, 91, 221, 193, 225, 103, 159, 96]), fleet_id: FleetId([66, 66, 66, 66, 66, 66, 66, 66, 66, 66, 66, 66, 66, 66, 66, 66, 66, 66, 66, 66, 66, 66, 66, 66, 66, 66, 66, 66, 66, 66, 66, 66]) }, app: AppId("test") }, coordinator_subnet: SubnetId(Principal { len: 29, bytes: [197, 198, 72, 151, 217, 137, 49, 204, 46, 97, 230, 175, 139, 62, 239, 167, 108, 188, 228, 156, 4, 181, 86, 129, 32, 162, 1, 201, 2] }), coordinator: Principal { len: 10, bytes: [127, 255, 255, 255, 255, 208, 0, 0, 1, 1, 0, 0, 0, 0, 0, 0, 0, 0, 0, 0, 0, 0, 0, 0, 0, 0, 0, 0, 0] } }, epoch: 1 }, revision: 3, content_hash: [184, 97, 183, 53, 166, 5, 215, 42, 147, 106, 12, 91, 88, 210, 187, 51, 235, 59, 166, 31, 5, 179, 240, 134, 34, 139, 6, 122, 38, 72, 225, 195] }, configuration_digest: ComponentDeploymentConfigurationDigest([148, 185, 222, 171, 224, 105, 11, 130, 148, 142, 60, 130, 114, 74, 78, 142, 4, 38, 216, 99, 202, 163, 179, 185, 134, 107, 91, 27, 118, 162, 93, 191]), operation: FreshInstall, phase: ActivatingRuntimes, directory_confirmation_root_count: 1, root_batch_count: 1, accepted_root_count: 1, acceptance_in_flight_root: None, provisioned_root_count: 1, current_root: None, provisioning_in_flight_root: None, directory_confirmed_root_count: 1, current_synchronization: None, current_publication: None, publication_in_flight_root: None, runtime_activated_root_count: 0, current_activation: Some(FleetComponentActivationRootProgress { fleet_subnet_root: Principal { len: 10, bytes: [127, 255, 255, 255, 255, 208, 0, 1, 1, 1, 0, 0, 0, 0, 0, 0, 0, 0, 0, 0, 0, 0, 0, 0, 0, 0, 0, 0, 0] }, component_count: 3, activated_component_count: 1, root_runtime_active: false }), activation_in_flight_root: Some(Principal { len: 10, bytes: [127, 255, 255, 255, 255, 208, 0, 1, 1, 1, 0, 0, 0, 0, 0, 0, 0, 0, 0, 0, 0, 0, 0, 0, 0, 0, 0, 0, 0] }), pending_root_failure: Some(FleetComponentProvisioningRootFailure { origin: Some(ProvisioningFailureOrigin { failed_at_ns: 1620328725000000119, stage: ComponentMembership, target: Principal { len: 10, bytes: [127, 255, 255, 255, 255, 208, 0, 3, 1, 1, 0, 0, 0, 0, 0, 0, 0, 0, 0, 0, 0, 0, 0, 0, 0, 0, 0, 0, 0] }, operation_id: [18, 17, 90, 191, 240, 100, 121, 173, 72, 103, 221, 252, 113, 30, 179, 230, 249, 90, 145, 154, 191, 152, 55, 26, 180, 136, 71, 126, 43, 23, 191, 216], diagnostic_code: 137, retry_category: Backoff }), fleet_subnet_root: Principal { len: 10, bytes: [127, 255, 255, 255, 255, 208, 0, 1, 1, 1, 0, 0, 0, 0, 0, 0, 0, 0, 0, 0, 0, 0, 0, 0, 0, 0, 0, 0, 0] }, stage: RuntimeActivation, diagnostic_code: 140, failed_at_ns: 1620329286000000137 }), estate_funding_required: None, group_placement_count: 1, component_count: 3, planned_at_ns: 1620328630000000118, roots_accepted_at_ns: Some(1620328651000000118), components_provisioned_at_ns: Some(1620328697000000118), published_fleet_registry: Some(FleetRegistryVersion { authority: FleetRegistryAuthority { binding: FleetCoordinatorBinding { fleet: FleetBinding { fleet: FleetKey { canonical_network_id: CanonicalNetworkId([64, 43, 54, 129, 69, 63, 185, 207, 163, 86, 182, 234, 122, 189, 226, 222, 83, 204, 76, 102, 92, 170, 244, 56, 83, 91, 221, 193, 225, 103, 159, 96]), fleet_id: FleetId([66, 66, 66, 66, 66, 66, 66, 66, 66, 66, 66, 66, 66, 66, 66, 66, 66, 66, 66, 66, 66, 66, 66, 66, 66, 66, 66, 66, 66, 66, 66, 66]) }, app: AppId("test") }, coordinator_subnet: SubnetId(Principal { len: 29, bytes: [197, 198, 72, 151, 217, 137, 49, 204, 46, 97, 230, 175, 139, 62, 239, 167, 108, 188, 228, 156, 4, 181, 86, 129, 32, 162, 1, 201, 2] }), coordinator: Principal { len: 10, bytes: [127, 255, 255, 255, 255, 208, 0, 0, 1, 1, 0, 0, 0, 0, 0, 0, 0, 0, 0, 0, 0, 0, 0, 0, 0, 0, 0, 0, 0] } }, epoch: 1 }, revision: 3, content_hash: [184, 97, 183, 53, 166, 5, 215, 42, 147, 106, 12, 91, 88, 210, 187, 51, 235, 59, 166, 31, 5, 179, 240, 134, 34, 139, 6, 122, 38, 72, 225, 195] }), service_topology_published_at_ns: Some(1620328698000000118), directories_confirmed_at_ns: Some(1620328702000000118), runtimes_activated_at_ns: None })
note: run with `RUST_BACKTRACE=1` environment variable to display a backtrace
FAILED

failures:

failures:
    pic::fleet_registry::baseline::tests::root_restart_reconciles_held_store_grant_and_revocation_replies

test result: FAILED. 0 passed; 1 failed; 0 ignored; 0 measured; 67 filtered out; finished in 90.77s

error: test failed, to rerun pass `-p canic-testing-internal --lib`
error: 1 target failed:
    `-p canic-testing-internal --lib`
==> shared PocketIC resources after targeted canic-testing-internal PocketIC proof: rss=495888 kB high_water=560520 kB threads=19
==> targeted canic-testing-internal PocketIC proof failed in 131s (exit 101)
==> shared PocketIC server stderr (last 40 lines)
2021-05-06 19:23:54.000000137 UTC: [Canister dmkut-c3777-77776-qaaaq-cai] [31mERROR[0m|    root    | [Rpc] root provision replay recovery required effect=provision_canister command_kind=root.allocate_placement_child caller=dxpiw-yd777-77776-qaaca-cai role=user_shard parent=dxpiw-yd777-77776-qaaca-cai diagnostic=E140
2021-05-06 19:23:54.000000137 UTC: [Canister dmkut-c3777-77776-qaaaq-cai] [33mWARN [0m|    root    | [Rpc] execute_root_capability failed (capability=AllocatePlacementChild, caller=dxpiw-yd777-77776-qaaca-cai, subnet=dmkut-c3777-77776-qaaaq-cai, now=1620329034): E140
2021-05-06 19:23:54.000000137 UTC: [Canister dxpiw-yd777-77776-qaaca-cai] [33mWARN [0m|  user_hub  | [Init] non-root bootstrap waiting for managed authority (attempt 12/64): E61
2021-05-06 19:23:54.000000137 UTC: [Canister dciz3-zl777-77776-qaabq-cai] [32m OK  [0m| scale_hub  | [Init] scale.bootstrap: dznf6-dt777-77776-qaada-cai pool=scales worker=1/1
2021-05-06 19:23:54.000000137 UTC: [Canister dciz3-zl777-77776-qaabq-cai] [34mINFO [0m| scale_hub  | [Init] bootstrap (nonroot): init complete
2021-05-06 19:23:54.000000137 UTC: [Canister dciz3-zl777-77776-qaabq-cai] [34mINFO [0m| scale_hub  | [Init] canister marked READY
2021-05-06 19:23:55.000000137 UTC: [Canister dciz3-zl777-77776-qaabq-cai] [33mWARN [0m| scale_hub  | [Rpc] placement receipt acknowledgement will retry operation_id=b5cf15d9af743dc99c427830c9138cd0b0f7cd749541e2bbde6e49d6accad125: E61
2021-05-06 19:23:58.000000137 UTC: [Canister dxpiw-yd777-77776-qaaca-cai] [34mINFO [0m|  user_hub  | [Init] bootstrap (nonroot): init start
2021-05-06 19:23:58.000000137 UTC: [Canister dmkut-c3777-77776-qaaaq-cai] [34mINFO [0m|    root    | [Rpc] capability authorized (capability=AllocatePlacementChild, caller=dxpiw-yd777-77776-qaaca-cai, subnet=dmkut-c3777-77776-qaaaq-cai, now=1620329038)
2021-05-06 19:23:58.000000137 UTC: [Canister dmkut-c3777-77776-qaaaq-cai] [34mINFO [0m|    root    | [Rpc] root provision replay effect marked effect=provision_canister command_kind=root.allocate_placement_child caller=dxpiw-yd777-77776-qaaca-cai role=user_shard parent=dxpiw-yd777-77776-qaaca-cai
2021-05-06 19:23:58.000000137 UTC: [Canister dmkut-c3777-77776-qaaaq-cai] [31mERROR[0m|    root    | [Rpc] root provision replay recovery required effect=provision_canister command_kind=root.allocate_placement_child caller=dxpiw-yd777-77776-qaaca-cai role=user_shard parent=dxpiw-yd777-77776-qaaca-cai diagnostic=E140
2021-05-06 19:23:58.000000137 UTC: [Canister dmkut-c3777-77776-qaaaq-cai] [33mWARN [0m|    root    | [Rpc] execute_root_capability failed (capability=AllocatePlacementChild, caller=dxpiw-yd777-77776-qaaca-cai, subnet=dmkut-c3777-77776-qaaaq-cai, now=1620329038): E140
2021-05-06 19:23:58.000000137 UTC: [Canister dxpiw-yd777-77776-qaaca-cai] [33mWARN [0m|  user_hub  | [Init] non-root bootstrap waiting for managed authority (attempt 13/64): E61
2021-05-06 19:24:02.000000137 UTC: [Canister dxpiw-yd777-77776-qaaca-cai] [34mINFO [0m|  user_hub  | [Init] bootstrap (nonroot): init start
2021-05-06 19:24:02.000000137 UTC: [Canister d6mdk-ol777-77776-qaadq-cai] [34mINFO [0m| user_shard | [Init] bootstrap (nonroot): init start
2021-05-06 19:24:02.000000137 UTC: [Canister d6mdk-ol777-77776-qaadq-cai] [34mINFO [0m| user_shard | [Init] bootstrap (nonroot): init complete
2021-05-06 19:24:02.000000137 UTC: [Canister d6mdk-ol777-77776-qaadq-cai] [34mINFO [0m| user_shard | [Init] canister marked READY
2021-05-06 19:24:02.000000137 UTC: [Canister dmkut-c3777-77776-qaaaq-cai] [34mINFO [0m|    root    | [Rpc] capability authorized (capability=AllocatePlacementChild, caller=dxpiw-yd777-77776-qaaca-cai, subnet=dmkut-c3777-77776-qaaaq-cai, now=1620329042)
2021-05-06 19:24:02.000000137 UTC: [Canister dmkut-c3777-77776-qaaaq-cai] [34mINFO [0m|    root    | [Rpc] root provision replay effect marked effect=provision_canister command_kind=root.allocate_placement_child caller=dxpiw-yd777-77776-qaaca-cai role=user_shard parent=dxpiw-yd777-77776-qaaca-cai
2021-05-06 19:24:02.000000137 UTC: [Canister dmkut-c3777-77776-qaaaq-cai] [31mERROR[0m|    root    | [Rpc] root provision replay recovery required effect=provision_canister command_kind=root.allocate_placement_child caller=dxpiw-yd777-77776-qaaca-cai role=user_shard parent=dxpiw-yd777-77776-qaaca-cai diagnostic=E140
2021-05-06 19:24:02.000000137 UTC: [Canister dmkut-c3777-77776-qaaaq-cai] [33mWARN [0m|    root    | [Rpc] execute_root_capability failed (capability=AllocatePlacementChild, caller=dxpiw-yd777-77776-qaaca-cai, subnet=dmkut-c3777-77776-qaaaq-cai, now=1620329042): E140
2021-05-06 19:24:02.000000137 UTC: [Canister dxpiw-yd777-77776-qaaca-cai] [33mWARN [0m|  user_hub  | [Init] non-root bootstrap waiting for managed authority (attempt 14/64): E61
2021-05-06 19:24:06.000000137 UTC: [Canister dxpiw-yd777-77776-qaaca-cai] [34mINFO [0m|  user_hub  | [Init] bootstrap (nonroot): init start
2021-05-06 19:24:06.000000137 UTC: [Canister dmkut-c3777-77776-qaaaq-cai] [34mINFO [0m|    root    | [Rpc] capability authorized (capability=AllocatePlacementChild, caller=dxpiw-yd777-77776-qaaca-cai, subnet=dmkut-c3777-77776-qaaaq-cai, now=1620329046)
2021-05-06 19:24:06.000000137 UTC: [Canister dmkut-c3777-77776-qaaaq-cai] [34mINFO [0m|    root    | [Rpc] root provision replay effect marked effect=provision_canister command_kind=root.allocate_placement_child caller=dxpiw-yd777-77776-qaaca-cai role=user_shard parent=dxpiw-yd777-77776-qaaca-cai
2021-05-06 19:24:06.000000137 UTC: [Canister dmkut-c3777-77776-qaaaq-cai] [31mERROR[0m|    root    | [Rpc] root provision replay recovery required effect=provision_canister command_kind=root.allocate_placement_child caller=dxpiw-yd777-77776-qaaca-cai role=user_shard parent=dxpiw-yd777-77776-qaaca-cai diagnostic=E140
2021-05-06 19:24:06.000000137 UTC: [Canister dmkut-c3777-77776-qaaaq-cai] [33mWARN [0m|    root    | [Rpc] execute_root_capability failed (capability=AllocatePlacementChild, caller=dxpiw-yd777-77776-qaaca-cai, subnet=dmkut-c3777-77776-qaaaq-cai, now=1620329046): E140
2021-05-06 19:24:06.000000137 UTC: [Canister dxpiw-yd777-77776-qaaca-cai] [33mWARN [0m|  user_hub  | [Init] non-root bootstrap waiting for managed authority (attempt 15/64): E61
2021-05-06 19:24:10.000000137 UTC: [Canister dxpiw-yd777-77776-qaaca-cai] [34mINFO [0m|  user_hub  | [Init] bootstrap (nonroot): init start
2021-05-06 19:24:10.000000137 UTC: [Canister dmkut-c3777-77776-qaaaq-cai] [34mINFO [0m|    root    | [Rpc] capability authorized (capability=AllocatePlacementChild, caller=dxpiw-yd777-77776-qaaca-cai, subnet=dmkut-c3777-77776-qaaaq-cai, now=1620329050)
2021-05-06 19:24:10.000000137 UTC: [Canister dmkut-c3777-77776-qaaaq-cai] [34mINFO [0m|    root    | [Rpc] root provision replay effect marked effect=provision_canister command_kind=root.allocate_placement_child caller=dxpiw-yd777-77776-qaaca-cai role=user_shard parent=dxpiw-yd777-77776-qaaca-cai
2021-05-06 19:24:10.000000137 UTC: [Canister dxpiw-yd777-77776-qaaca-cai] [32m OK  [0m|  user_hub  | [Sharding] ✨ shard.create: d6mdk-ol777-77776-qaadq-cai pool=user_shards slot=0
2021-05-06 19:24:10.000000137 UTC: [Canister dxpiw-yd777-77776-qaaca-cai] [32m OK  [0m|  user_hub  | [Sharding] ✨ shard.bootstrap: d6mdk-ol777-77776-qaadq-cai pool=user_shards slot=0
2021-05-06 19:24:10.000000137 UTC: [Canister dxpiw-yd777-77776-qaaca-cai] [34mINFO [0m|  user_hub  | [Init] bootstrap (nonroot): init complete
2021-05-06 19:24:10.000000137 UTC: [Canister dxpiw-yd777-77776-qaaca-cai] [34mINFO [0m|  user_hub  | [Init] canister marked READY
2021-05-06 19:24:11.000000137 UTC: [Canister dxpiw-yd777-77776-qaaca-cai] [33mWARN [0m|  user_hub  | [Rpc] placement receipt acknowledgement will retry operation_id=8971362a571f727a5069a69e4a40ec4444d749ea638004630d3985361aba530c: E61
2021-05-06 19:24:55.000000137 UTC: [Canister dciz3-zl777-77776-qaabq-cai] [33mWARN [0m| scale_hub  | [Rpc] placement receipt acknowledgement will retry operation_id=b5cf15d9af743dc99c427830c9138cd0b0f7cd749541e2bbde6e49d6accad125: E61
2021-05-06 19:25:11.000000137 UTC: [Canister dxpiw-yd777-77776-qaaca-cai] [33mWARN [0m|  user_hub  | [Rpc] placement receipt acknowledgement will retry operation_id=8971362a571f727a5069a69e4a40ec4444d749ea638004630d3985361aba530c: E61
2021-05-06 19:26:55.000000137 UTC: [Canister dciz3-zl777-77776-qaabq-cai] [33mWARN [0m| scale_hub  | [Rpc] placement receipt acknowledgement will retry operation_id=b5cf15d9af743dc99c427830c9138cd0b0f7cd749541e2bbde6e49d6accad125: E61
2021-05-06 19:27:11.000000137 UTC: [Canister dxpiw-yd777-77776-qaaca-cai] [33mWARN [0m|  user_hub  | [Rpc] placement receipt acknowledgement will retry operation_id=8971362a571f727a5069a69e4a40ec4444d749ea638004630d3985361aba530c: E61
==> shared PocketIC server stdout (last 40 lines)
2026-09-12T16:17:31.851799Z  INFO pocket_ic_server: The PocketIC server is listening on port 34111

==> workspace timing summary
kind             elapsed  result label
----             -------  ------ -----
pocketic-serial  131s     FAIL   targeted canic-testing-internal PocketIC proof
workspace runner wall time: 132s
WORKSPACE TESTS FAILED: targeted canic-testing-internal PocketIC proof
==> leaving Cargo build artifacts intact
==> clearing invocation-owned test scratch: test-runtime.rzHlOW
make: *** [Makefile:426: test-pocketic-case] Error 1


== 2026-09-12 held Store replies: failed; held-store-replies-worker-source.sha256 ==
ICP_ENVIRONMENT=local RUSTC_WRAPPER= CARGO_NET_OFFLINE=true make test-pocketic-case CASE=pic::fleet_registry::baseline::tests::root_restart_reconciles_held_store_grant_and_revocation_replies
ICP_ENVIRONMENT=local bash scripts/ci/run-with-test-scratch.sh \
	bash scripts/ci/run-workspace-tests.sh targeted-pocketic "$CANIC_POCKETIC_CASE"
workspace test inventory guard passed (39 targets: 30 parallel, 9 serial PocketIC)
PocketIC version alignment passed (16.0.0)
==> using pinned PocketIC server binary: /home/adam/.cache/canic/pocket-ic-server-16.0.0/pocket-ic
==> prefetching locked dependency graph for offline metadata checks
==> native ICP CLI: /home/adam/.cargo/bin/icp (icp 1.4.0)
==> shared PocketIC server ready: http://127.0.0.1:40147/
==> targeted canic-testing-internal PocketIC proof
==> verifying exact test identity (listing only)
   Compiling canic-control-plane v0.110.14 (/home/adam/projects/canic/crates/canic-control-plane)
   Compiling canic-host v0.110.14 (/home/adam/projects/canic/crates/canic-host)
   Compiling canic-cli v0.110.14 (/home/adam/projects/canic/crates/canic-cli)
   Compiling canic-testing-internal v0.110.14 (/home/adam/projects/canic/crates/canic-testing-internal)
    Finished `test` profile [optimized + debuginfo] target(s) in 30.20s
     Running unittests src/lib.rs (target/debug/deps/canic_testing_internal-a53636dabe5b59e7)
    Finished `test` profile [optimized + debuginfo] target(s) in 0.30s
     Running unittests src/lib.rs (target/debug/deps/canic_testing_internal-a53636dabe5b59e7)

running 1 test
test pic::fleet_registry::baseline::tests::root_restart_reconciles_held_store_grant_and_revocation_replies ... Build declaration cache root: miss (extracted current Wasm)
[WASM]       SIZE   root/candidate.wasm  code=8.56 MiB (8975807 B)  headroom=1.44 MiB (1509953 B)
Build phase finalization /home/adam/projects/canic/.canic/release-builds/a4c128728412f11837b79ce8562e3115451db387e17361b79b4f15d02cbb36ae/artifacts/root/root.wasm: shrink=1.50s candid=1.40s binaryen=0.00s gzip/validation=0.52s total=3.45s
Build phase runtime Cargo/link bootstrap_store: 2.23s
[WASM]       SIZE   wasm_store/candidate.wasm  code=2.88 MiB (3018618 B)  headroom=7.12 MiB (7467142 B)
Build phase finalization /home/adam/projects/canic/.canic/release-builds/a4c128728412f11837b79ce8562e3115451db387e17361b79b4f15d02cbb36ae/artifacts/wasm_store/wasm_store.wasm: shrink=0.56s candid=0.51s binaryen=0.00s gzip/validation=0.20s total=1.29s
   Compiling canic-fleet-wasm-store v0.110.14 (/home/adam/projects/canic/canisters/test/canic_icydb_lifecycle_probe/.canic/generated/canic-fleet-wasm-store)
    Finished `fast` profile [optimized] target(s) in 2.22s
[FLEET]      RUN    starting PocketIC instance
[FLEET]      READY  PocketIC instance
[WASM]       RUN    canister_index_child (1/6)
[WASM]       RUN    canister_index_hub (2/6)
[WASM]       RUN    canister_scale_hub (3/6)
[WASM]       RUN    canister_scale (4/6)
[WASM]       RUN    canister_user_hub (5/6)
[WASM]       RUN    canister_user_shard (6/6)
[WASM]       DONE   canister_index_child                                  4.94s
[WASM]       DONE   canister_index_hub                                    5.04s
[WASM]       DONE   canister_scale_hub                                    5.11s
[WASM]       DONE   canister_scale                                        4.96s
[WASM]       DONE   canister_user_hub                                     5.57s
[WASM]       DONE   canister_user_shard                                   5.33s
[WASM]       DONE   batch: 6 built, 0 cached, 0 failed                   30.95s
[WASM]       DONE   Fleet Coordinator artifact                           36.56s

thread 'pic::fleet_registry::baseline::tests::root_restart_reconciles_held_store_grant_and_revocation_replies' (35744) panicked at crates/canic-testing-internal/src/pic/fleet_registry/baseline.rs:4421:9:
assertion failed: pic.update_candid_as::<bool,
        _>(store, root, "canic_test_fixture_reply_arm", (kind,)).unwrap()
note: run with `RUST_BACKTRACE=1` environment variable to display a backtrace
FAILED

failures:

failures:
    pic::fleet_registry::baseline::tests::root_restart_reconciles_held_store_grant_and_revocation_replies

test result: FAILED. 0 passed; 1 failed; 0 ignored; 0 measured; 67 filtered out; finished in 142.54s

error: test failed, to rerun pass `-p canic-testing-internal --lib`
error: 1 target failed:
    `-p canic-testing-internal --lib`
==> shared PocketIC resources after targeted canic-testing-internal PocketIC proof: rss=458628 kB high_water=487548 kB threads=19
==> targeted canic-testing-internal PocketIC proof failed in 173s (exit 101)
==> shared PocketIC server stderr (last 40 lines)
2021-05-06 19:23:58.000000137 UTC: [Canister dxpiw-yd777-77776-qaaca-cai] [33mWARN [0m|  user_hub  | [Init] non-root bootstrap waiting for managed authority (attempt 13/64): E61
2021-05-06 19:24:02.000000137 UTC: [Canister dxpiw-yd777-77776-qaaca-cai] [34mINFO [0m|  user_hub  | [Init] bootstrap (nonroot): init start
2021-05-06 19:24:02.000000137 UTC: [Canister d6mdk-ol777-77776-qaadq-cai] [34mINFO [0m| user_shard | [Init] bootstrap (nonroot): init start
2021-05-06 19:24:02.000000137 UTC: [Canister d6mdk-ol777-77776-qaadq-cai] [34mINFO [0m| user_shard | [Init] bootstrap (nonroot): init complete
2021-05-06 19:24:02.000000137 UTC: [Canister d6mdk-ol777-77776-qaadq-cai] [34mINFO [0m| user_shard | [Init] canister marked READY
2021-05-06 19:24:02.000000137 UTC: [Canister dmkut-c3777-77776-qaaaq-cai] [34mINFO [0m|    root    | [Rpc] capability authorized (capability=AllocatePlacementChild, caller=dxpiw-yd777-77776-qaaca-cai, subnet=dmkut-c3777-77776-qaaaq-cai, now=1620329042)
2021-05-06 19:24:02.000000137 UTC: [Canister dmkut-c3777-77776-qaaaq-cai] [34mINFO [0m|    root    | [Rpc] root provision replay effect marked effect=provision_canister command_kind=root.allocate_placement_child caller=dxpiw-yd777-77776-qaaca-cai role=user_shard parent=dxpiw-yd777-77776-qaaca-cai
2021-05-06 19:24:02.000000137 UTC: [Canister dmkut-c3777-77776-qaaaq-cai] [31mERROR[0m|    root    | [Rpc] root provision replay recovery required effect=provision_canister command_kind=root.allocate_placement_child caller=dxpiw-yd777-77776-qaaca-cai role=user_shard parent=dxpiw-yd777-77776-qaaca-cai diagnostic=E140
2021-05-06 19:24:02.000000137 UTC: [Canister dmkut-c3777-77776-qaaaq-cai] [33mWARN [0m|    root    | [Rpc] execute_root_capability failed (capability=AllocatePlacementChild, caller=dxpiw-yd777-77776-qaaca-cai, subnet=dmkut-c3777-77776-qaaaq-cai, now=1620329042): E140
2021-05-06 19:24:02.000000137 UTC: [Canister dxpiw-yd777-77776-qaaca-cai] [33mWARN [0m|  user_hub  | [Init] non-root bootstrap waiting for managed authority (attempt 14/64): E61
2021-05-06 19:24:06.000000137 UTC: [Canister dxpiw-yd777-77776-qaaca-cai] [34mINFO [0m|  user_hub  | [Init] bootstrap (nonroot): init start
2021-05-06 19:24:06.000000137 UTC: [Canister dmkut-c3777-77776-qaaaq-cai] [34mINFO [0m|    root    | [Rpc] capability authorized (capability=AllocatePlacementChild, caller=dxpiw-yd777-77776-qaaca-cai, subnet=dmkut-c3777-77776-qaaaq-cai, now=1620329046)
2021-05-06 19:24:06.000000137 UTC: [Canister dmkut-c3777-77776-qaaaq-cai] [34mINFO [0m|    root    | [Rpc] root provision replay effect marked effect=provision_canister command_kind=root.allocate_placement_child caller=dxpiw-yd777-77776-qaaca-cai role=user_shard parent=dxpiw-yd777-77776-qaaca-cai
2021-05-06 19:24:06.000000137 UTC: [Canister dmkut-c3777-77776-qaaaq-cai] [31mERROR[0m|    root    | [Rpc] root provision replay recovery required effect=provision_canister command_kind=root.allocate_placement_child caller=dxpiw-yd777-77776-qaaca-cai role=user_shard parent=dxpiw-yd777-77776-qaaca-cai diagnostic=E140
2021-05-06 19:24:06.000000137 UTC: [Canister dmkut-c3777-77776-qaaaq-cai] [33mWARN [0m|    root    | [Rpc] execute_root_capability failed (capability=AllocatePlacementChild, caller=dxpiw-yd777-77776-qaaca-cai, subnet=dmkut-c3777-77776-qaaaq-cai, now=1620329046): E140
2021-05-06 19:24:06.000000137 UTC: [Canister dxpiw-yd777-77776-qaaca-cai] [33mWARN [0m|  user_hub  | [Init] non-root bootstrap waiting for managed authority (attempt 15/64): E61
2021-05-06 19:24:08.000000137 UTC: [Canister dmkut-c3777-77776-qaaaq-cai] [31mERROR[0m|    root    | [Fleet] Root Component activation failed stage=ComponentRuntime component_index=2 canister=dxpiw-yd777-77776-qaaca-cai operation_id=[119, 226, 105, 95, 153, 0, 221, 160, 208, 60, 199, 136, 72, 76, 254, 109, 10, 164, 208, 112, 206, 33, 178, 213, 76, 180, 108, 30, 36, 57, 117, 94] diagnostic=E137
2021-05-06 19:24:08.000000137 UTC: [Canister dmkut-c3777-77776-qaaaq-cai] [33mWARN [0m|    root    | [Fleet] Root Component provisioning retry: operation_id=[199, 199, 199, 199, 199, 199, 199, 199, 199, 199, 199, 199, 199, 199, 199, 199, 199, 199, 199, 199, 199, 199, 199, 199, 199, 199, 199, 199, 199, 199, 199, 199] phase=Published activated_components=2/3 diagnostic=E137
2021-05-06 19:24:10.000000137 UTC: [Canister dxpiw-yd777-77776-qaaca-cai] [34mINFO [0m|  user_hub  | [Init] bootstrap (nonroot): init start
2021-05-06 19:24:10.000000137 UTC: [Canister dmkut-c3777-77776-qaaaq-cai] [34mINFO [0m|    root    | [Rpc] capability authorized (capability=AllocatePlacementChild, caller=dxpiw-yd777-77776-qaaca-cai, subnet=dmkut-c3777-77776-qaaaq-cai, now=1620329050)
2021-05-06 19:24:10.000000137 UTC: [Canister dmkut-c3777-77776-qaaaq-cai] [34mINFO [0m|    root    | [Rpc] root provision replay effect marked effect=provision_canister command_kind=root.allocate_placement_child caller=dxpiw-yd777-77776-qaaca-cai role=user_shard parent=dxpiw-yd777-77776-qaaca-cai
2021-05-06 19:24:10.000000137 UTC: [Canister dxpiw-yd777-77776-qaaca-cai] [32m OK  [0m|  user_hub  | [Sharding] ✨ shard.create: d6mdk-ol777-77776-qaadq-cai pool=user_shards slot=0
2021-05-06 19:24:10.000000137 UTC: [Canister dxpiw-yd777-77776-qaaca-cai] [32m OK  [0m|  user_hub  | [Sharding] ✨ shard.bootstrap: d6mdk-ol777-77776-qaadq-cai pool=user_shards slot=0
2021-05-06 19:24:10.000000137 UTC: [Canister dxpiw-yd777-77776-qaaca-cai] [34mINFO [0m|  user_hub  | [Init] bootstrap (nonroot): init complete
2021-05-06 19:24:10.000000137 UTC: [Canister dxpiw-yd777-77776-qaaca-cai] [34mINFO [0m|  user_hub  | [Init] canister marked READY
2021-05-06 19:24:11.000000137 UTC: [Canister dxpiw-yd777-77776-qaaca-cai] [33mWARN [0m|  user_hub  | [Rpc] placement receipt acknowledgement will retry operation_id=8971362a571f727a5069a69e4a40ec4444d749ea638004630d3985361aba530c: E61
2021-05-06 19:24:11.000000137 UTC: [Canister dmkut-c3777-77776-qaaaq-cai] [31mERROR[0m|    root    | [Fleet] Root Component activation failed stage=ComponentRuntime component_index=2 canister=dxpiw-yd777-77776-qaaca-cai operation_id=[119, 226, 105, 95, 153, 0, 221, 160, 208, 60, 199, 136, 72, 76, 254, 109, 10, 164, 208, 112, 206, 33, 178, 213, 76, 180, 108, 30, 36, 57, 117, 94] diagnostic=E137
2021-05-06 19:24:11.000000137 UTC: [Canister dmkut-c3777-77776-qaaaq-cai] [33mWARN [0m|    root    | [Fleet] Root Component provisioning retry: operation_id=[199, 199, 199, 199, 199, 199, 199, 199, 199, 199, 199, 199, 199, 199, 199, 199, 199, 199, 199, 199, 199, 199, 199, 199, 199, 199, 199, 199, 199, 199, 199, 199] phase=Published activated_components=2/3 diagnostic=E137
2021-05-06 19:24:16.000000137 UTC: [Canister dmkut-c3777-77776-qaaaq-cai] [34mINFO [0m|    root    | [Init] bootstrap (root:init) start
2021-05-06 19:24:16.000000137 UTC: [Canister dmkut-c3777-77776-qaaaq-cai] [34mINFO [0m|    root    | [Topology] root subnet identity initialized from lifecycle env: dmkut-c3777-77776-qaaaq-cai
2021-05-06 19:24:16.000000137 UTC: [Canister dmkut-c3777-77776-qaaaq-cai] [34mINFO [0m|    root    | [Init] bootstrap (root:init) prepared managed inventory for Fleet activation
2021-05-06 19:24:16.000000137 UTC: [Canister dmkut-c3777-77776-qaaaq-cai] [34mINFO [0m|    root    | [Sync] sync.state: root cascade start snapshot=[fs]
2021-05-06 19:24:16.000000137 UTC: [Canister dfj7p-ut777-77776-qaaba-cai] [34mINFO [0m| wasm_store | [Sync] sync.state: non-root cascade start snapshot=[fs]
2021-05-06 19:24:22.000000137 UTC: [Canister dmkut-c3777-77776-qaaaq-cai] [34mINFO [0m|    root    | [Init] bootstrap (root:init) start
2021-05-06 19:24:22.000000137 UTC: [Canister dmkut-c3777-77776-qaaaq-cai] [34mINFO [0m|    root    | [Topology] root subnet identity initialized from lifecycle env: dmkut-c3777-77776-qaaaq-cai
2021-05-06 19:24:22.000000137 UTC: [Canister dmkut-c3777-77776-qaaaq-cai] [34mINFO [0m|    root    | [Init] bootstrap (root:init) complete
2021-05-06 19:24:22.000000137 UTC: [Canister dmkut-c3777-77776-qaaaq-cai] [34mINFO [0m|    root    | [Init] canister marked READY
2021-05-06 19:24:23.000000137 UTC: [Canister dfj7p-ut777-77776-qaaba-cai] [34mINFO [0m| wasm_store | [Init] bootstrap (nonroot): init start
2021-05-06 19:24:23.000000137 UTC: [Canister dfj7p-ut777-77776-qaaba-cai] [34mINFO [0m| wasm_store | [Init] bootstrap (nonroot): init complete
2021-05-06 19:24:23.000000137 UTC: [Canister dfj7p-ut777-77776-qaaba-cai] [34mINFO [0m| wasm_store | [Init] canister marked READY
==> shared PocketIC server stdout (last 40 lines)
2026-09-12T16:31:50.665719Z  INFO pocket_ic_server: The PocketIC server is listening on port 40147

==> workspace timing summary
kind             elapsed  result label
----             -------  ------ -----
pocketic-serial  173s     FAIL   targeted canic-testing-internal PocketIC proof
workspace runner wall time: 174s
WORKSPACE TESTS FAILED: targeted canic-testing-internal PocketIC proof
==> leaving Cargo build artifacts intact
==> clearing invocation-owned test scratch: test-runtime.xYyNtq
make: *** [Makefile:426: test-pocketic-case] Error 1


== 2026-09-12 held Store replies: pass; held-store-replies-root-source.sha256 ==
ICP_ENVIRONMENT=local RUSTC_WRAPPER= CARGO_NET_OFFLINE=true make test-pocketic-case CASE=pic::fleet_registry::baseline::tests::root_restart_reconciles_held_store_grant_and_revocation_replies
ICP_ENVIRONMENT=local bash scripts/ci/run-with-test-scratch.sh \
	bash scripts/ci/run-workspace-tests.sh targeted-pocketic "$CANIC_POCKETIC_CASE"
workspace test inventory guard passed (39 targets: 30 parallel, 9 serial PocketIC)
PocketIC version alignment passed (16.0.0)
==> using pinned PocketIC server binary: /home/adam/.cache/canic/pocket-ic-server-16.0.0/pocket-ic
==> prefetching locked dependency graph for offline metadata checks
==> native ICP CLI: /home/adam/.cargo/bin/icp (icp 1.4.0)
==> shared PocketIC server ready: http://127.0.0.1:33325/
==> targeted canic-testing-internal PocketIC proof
==> verifying exact test identity (listing only)
   Compiling canic v0.110.14 (/home/adam/projects/canic/crates/canic)
   Compiling canic-testing-internal v0.110.14 (/home/adam/projects/canic/crates/canic-testing-internal)
    Finished `test` profile [optimized + debuginfo] target(s) in 13.81s
     Running unittests src/lib.rs (target/debug/deps/canic_testing_internal-a53636dabe5b59e7)
    Finished `test` profile [optimized + debuginfo] target(s) in 0.32s
     Running unittests src/lib.rs (target/debug/deps/canic_testing_internal-a53636dabe5b59e7)

running 1 test
test pic::fleet_registry::baseline::tests::root_restart_reconciles_held_store_grant_and_revocation_replies ... Build declaration cache root: miss (extracted current Wasm)
[WASM]       SIZE   root/candidate.wasm  code=8.56 MiB (8975807 B)  headroom=1.44 MiB (1509953 B)
Build phase finalization /home/adam/projects/canic/.canic/release-builds/a4c128728412f11837b79ce8562e3115451db387e17361b79b4f15d02cbb36ae/artifacts/root/root.wasm: shrink=1.58s candid=1.43s binaryen=0.00s gzip/validation=0.53s total=3.56s
Build phase runtime Cargo/link bootstrap_store: 3.84s
[WASM]       SIZE   wasm_store/candidate.wasm  code=2.88 MiB (3018618 B)  headroom=7.12 MiB (7467142 B)
Build phase finalization /home/adam/projects/canic/.canic/release-builds/a4c128728412f11837b79ce8562e3115451db387e17361b79b4f15d02cbb36ae/artifacts/wasm_store/wasm_store.wasm: shrink=0.56s candid=0.51s binaryen=0.00s gzip/validation=0.20s total=1.31s
   Compiling canic v0.110.14 (/home/adam/projects/canic/crates/canic)
   Compiling canic-fleet-wasm-store v0.110.14 (/home/adam/projects/canic/canisters/test/canic_icydb_lifecycle_probe/.canic/generated/canic-fleet-wasm-store)
    Finished `fast` profile [optimized] target(s) in 4.32s
[FLEET]      RUN    starting PocketIC instance
[FLEET]      READY  PocketIC instance
[WASM]       RUN    canister_index_child (1/6)
[WASM]       RUN    canister_index_hub (2/6)
[WASM]       RUN    canister_scale_hub (3/6)
[WASM]       RUN    canister_scale (4/6)
[WASM]       RUN    canister_user_hub (5/6)
[WASM]       RUN    canister_user_shard (6/6)
[WASM]       DONE   canister_index_child                                  6.45s
[WASM]       DONE   canister_index_hub                                    5.58s
[WASM]       DONE   canister_scale_hub                                    5.59s
[WASM]       DONE   canister_scale                                        5.25s
[WASM]       DONE   canister_user_hub                                     5.87s
[WASM]       DONE   canister_user_shard                                   5.71s
[WASM]       DONE   batch: 6 built, 0 cached, 0 failed                   34.45s
[WASM]       DONE   Fleet Coordinator artifact                            8.58s
ok

test result: ok. 1 passed; 0 failed; 0 ignored; 0 measured; 67 filtered out; finished in 98.26s

==> shared PocketIC resources after targeted canic-testing-internal PocketIC proof: rss=460844 kB high_water=489232 kB threads=19
==> targeted canic-testing-internal PocketIC proof done in 112s

==> workspace timing summary
kind             elapsed  result label
----             -------  ------ -----
pocketic-serial  112s     PASS   targeted canic-testing-internal PocketIC proof
workspace runner wall time: 113s
WORKSPACE TESTS PASSED: all requested suites succeeded.
==> leaving Cargo build artifacts intact
==> clearing invocation-owned test scratch: test-runtime.1knJTo


== 2026-09-12 generated fixture apply: failed; generated-apply-source.sha256 ==
ICP_ENVIRONMENT=local RUSTC_WRAPPER= CARGO_NET_OFFLINE=true make test-pocketic-case CASE=pic::fleet_registry::baseline::tests::generated_mixed_topology_and_ready_reserve_recover_one_reviewed_operation
ICP_ENVIRONMENT=local bash scripts/ci/run-with-test-scratch.sh \
	bash scripts/ci/run-workspace-tests.sh targeted-pocketic "$CANIC_POCKETIC_CASE"
workspace test inventory guard passed (39 targets: 30 parallel, 9 serial PocketIC)
PocketIC version alignment passed (16.0.0)
==> using pinned PocketIC server binary: /home/adam/.cache/canic/pocket-ic-server-16.0.0/pocket-ic
==> prefetching locked dependency graph for offline metadata checks
==> native ICP CLI: /home/adam/.cargo/bin/icp (icp 1.4.0)
==> shared PocketIC server ready: http://127.0.0.1:41597/
==> targeted canic-testing-internal PocketIC proof
==> verifying exact test identity (listing only)
    Finished `test` profile [optimized + debuginfo] target(s) in 0.30s
     Running unittests src/lib.rs (target/debug/deps/canic_testing_internal-a53636dabe5b59e7)
    Finished `test` profile [optimized + debuginfo] target(s) in 0.29s
     Running unittests src/lib.rs (target/debug/deps/canic_testing_internal-a53636dabe5b59e7)

running 1 test
test pic::fleet_registry::baseline::tests::generated_mixed_topology_and_ready_reserve_recover_one_reviewed_operation ... [CANIC-TIMING] {"schema_version":1,"process_id":54891,"span_id":1,"parent_id":null,"name":"production_adapter_journey","state":"started","elapsed_us":5}
[CANIC-TIMING] {"schema_version":1,"process_id":54891,"span_id":2,"parent_id":1,"name":"source_and_fixture_recipe","state":"started","elapsed_us":0}
[CANIC-TIMING] {"schema_version":1,"process_id":54891,"span_id":2,"parent_id":1,"name":"source_and_fixture_recipe","state":"completed","elapsed_us":1414}
[CANIC-TIMING] {"schema_version":1,"process_id":54891,"span_id":3,"parent_id":1,"name":"initial_artifacts","state":"started","elapsed_us":0}
[CANIC-TIMING] {"schema_version":1,"process_id":54891,"span_id":4,"parent_id":3,"name":"release_artifact_resolution","state":"started","elapsed_us":0}
[CANIC-TIMING] {"schema_version":1,"process_id":54891,"span_id":5,"parent_id":4,"name":"artifact_recipe","state":"started","elapsed_us":0}
[CANIC-TIMING] {"schema_version":1,"process_id":54891,"span_id":5,"parent_id":4,"name":"artifact_recipe","state":"completed","elapsed_us":6569936}
[CANIC-TIMING] {"schema_version":1,"process_id":54891,"span_id":6,"parent_id":4,"name":"artifact_cache_lookup","state":"started","elapsed_us":0}

thread 'pic::fleet_registry::baseline::tests::generated_mixed_topology_and_ready_reserve_recover_one_reviewed_operation' (54892) panicked at crates/canic-testing-internal/src/pic/fleet_registry/baseline.rs:2008:14:
prepare literal-zero release artifact cache: InvalidSpec { message: "output `fixture-faa7931a285b1ec5b6665c93bacb3752dc68fc3b90effa364dfc142aaf7e193b-0` destination overlaps declared input `fixture-faa7931a285b1ec5b6665c93bacb3752dc68fc3b90effa364dfc142aaf7e193b-0`" }
note: run with `RUST_BACKTRACE=1` environment variable to display a backtrace
[CANIC-TIMING] {"schema_version":1,"process_id":54891,"span_id":6,"parent_id":4,"name":"artifact_cache_lookup","state":"failed","elapsed_us":9539}
[CANIC-TIMING] {"schema_version":1,"process_id":54891,"span_id":4,"parent_id":3,"name":"release_artifact_resolution","state":"failed","elapsed_us":6579528}
[CANIC-TIMING] {"schema_version":1,"process_id":54891,"span_id":3,"parent_id":1,"name":"initial_artifacts","state":"failed","elapsed_us":6580310}
[CANIC-TIMING] {"schema_version":1,"process_id":54891,"span_id":1,"parent_id":null,"name":"production_adapter_journey","state":"failed","elapsed_us":6581921}
FAILED

failures:

failures:
    pic::fleet_registry::baseline::tests::generated_mixed_topology_and_ready_reserve_recover_one_reviewed_operation

test result: FAILED. 0 passed; 1 failed; 0 ignored; 0 measured; 68 filtered out; finished in 6.59s

error: test failed, to rerun pass `-p canic-testing-internal --lib`
error: 1 target failed:
    `-p canic-testing-internal --lib`
==> shared PocketIC resources after targeted canic-testing-internal PocketIC proof: rss=208384 kB high_water=208384 kB threads=18
==> targeted canic-testing-internal PocketIC proof failed in 7s (exit 101)
==> shared PocketIC server stderr (last 40 lines)
==> shared PocketIC server stdout (last 40 lines)
2026-09-12T17:08:08.538548Z  INFO pocket_ic_server: The PocketIC server is listening on port 41597

==> workspace timing summary
kind             elapsed  result label
----             -------  ------ -----
pocketic-serial  7s       FAIL   targeted canic-testing-internal PocketIC proof
workspace runner wall time: 8s
WORKSPACE TESTS FAILED: targeted canic-testing-internal PocketIC proof
==> leaving Cargo build artifacts intact
==> clearing invocation-owned test scratch: test-runtime.Sl4yhq
make: *** [Makefile:426: test-pocketic-case] Error 1


== 2026-09-12 generated fixture apply: failed; generated-cache-inputs-source.sha256 ==
ICP_ENVIRONMENT=local RUSTC_WRAPPER= CARGO_NET_OFFLINE=true make test-pocketic-case CASE=pic::fleet_registry::baseline::tests::generated_mixed_topology_and_ready_reserve_recover_one_reviewed_operation
ICP_ENVIRONMENT=local bash scripts/ci/run-with-test-scratch.sh \
	bash scripts/ci/run-workspace-tests.sh targeted-pocketic "$CANIC_POCKETIC_CASE"
workspace test inventory guard passed (39 targets: 30 parallel, 9 serial PocketIC)
PocketIC version alignment passed (16.0.0)
==> using pinned PocketIC server binary: /home/adam/.cache/canic/pocket-ic-server-16.0.0/pocket-ic
==> prefetching locked dependency graph for offline metadata checks
==> native ICP CLI: /home/adam/.cargo/bin/icp (icp 1.4.0)
==> shared PocketIC server ready: http://127.0.0.1:33679/
==> targeted canic-testing-internal PocketIC proof
==> verifying exact test identity (listing only)
    Finished `test` profile [optimized + debuginfo] target(s) in 0.30s
     Running unittests src/lib.rs (target/debug/deps/canic_testing_internal-a53636dabe5b59e7)
    Finished `test` profile [optimized + debuginfo] target(s) in 0.31s
     Running unittests src/lib.rs (target/debug/deps/canic_testing_internal-a53636dabe5b59e7)

running 1 test
test pic::fleet_registry::baseline::tests::generated_mixed_topology_and_ready_reserve_recover_one_reviewed_operation ... [CANIC-TIMING] {"schema_version":1,"process_id":6807,"span_id":1,"parent_id":null,"name":"production_adapter_journey","state":"started","elapsed_us":6}
[CANIC-TIMING] {"schema_version":1,"process_id":6807,"span_id":2,"parent_id":1,"name":"source_and_fixture_recipe","state":"started","elapsed_us":0}
[CANIC-TIMING] {"schema_version":1,"process_id":6807,"span_id":2,"parent_id":1,"name":"source_and_fixture_recipe","state":"completed","elapsed_us":1431}
[CANIC-TIMING] {"schema_version":1,"process_id":6807,"span_id":3,"parent_id":1,"name":"initial_artifacts","state":"started","elapsed_us":0}
[CANIC-TIMING] {"schema_version":1,"process_id":6807,"span_id":4,"parent_id":3,"name":"release_artifact_resolution","state":"started","elapsed_us":0}
[CANIC-TIMING] {"schema_version":1,"process_id":6807,"span_id":5,"parent_id":4,"name":"artifact_recipe","state":"started","elapsed_us":0}
[CANIC-TIMING] {"schema_version":1,"process_id":6807,"span_id":5,"parent_id":4,"name":"artifact_recipe","state":"completed","elapsed_us":6004065}
[CANIC-TIMING] {"schema_version":1,"process_id":6807,"span_id":6,"parent_id":4,"name":"artifact_cache_lookup","state":"started","elapsed_us":0}
[CANIC-TIMING] {"schema_version":1,"process_id":6807,"span_id":6,"parent_id":4,"name":"artifact_cache_lookup","state":"completed","elapsed_us":828891}
[CANIC-TIMING] {"schema_version":1,"process_id":6807,"span_id":7,"parent_id":4,"name":"artifact_build_and_seal","state":"started","elapsed_us":0}
[CANIC-TIMING] {"schema_version":1,"process_id":6807,"span_id":8,"parent_id":7,"name":"coordinator_build","state":"started","elapsed_us":0}
Build phase runtime Cargo/link bootstrap_coordinator: 41.80s
[WASM]       SIZE   fleet_coordinator/candidate.wasm  code=4.68 MiB (4903977 B)  headroom=5.32 MiB (5581783 B)
Build phase finalization /home/adam/projects/canic/.tmp/test-runtime.NQpybd/canic-121-production-adapter/.canic/release-builds/a4c128728412f11837b79ce8562e3115451db387e17361b79b4f15d02cbb36ae/artifacts/fleet_coordinator/fleet_coordinator.wasm: shrink=0.91s candid=0.81s binaryen=0.00s gzip/validation=0.28s total=2.02s
[CANIC-TIMING] {"schema_version":1,"process_id":6807,"span_id":8,"parent_id":7,"name":"coordinator_build","state":"completed","elapsed_us":44502956}
[CANIC-TIMING] {"schema_version":1,"process_id":6807,"span_id":9,"parent_id":7,"name":"store_build","state":"started","elapsed_us":0}
Build phase runtime Cargo/link bootstrap_store: 7.30s
[WASM]       SIZE   wasm_store/candidate.wasm  code=2.88 MiB (3020135 B)  headroom=7.12 MiB (7465625 B)
Build phase finalization /home/adam/projects/canic/.tmp/test-runtime.NQpybd/canic-121-production-adapter/.canic/release-builds/a4c128728412f11837b79ce8562e3115451db387e17361b79b4f15d02cbb36ae/artifacts/wasm_store/wasm_store.wasm: shrink=0.57s candid=0.52s binaryen=0.00s gzip/validation=0.20s total=1.32s
[CANIC-TIMING] {"schema_version":1,"process_id":6807,"span_id":9,"parent_id":7,"name":"store_build","state":"completed","elapsed_us":9362530}
[CANIC-TIMING] {"schema_version":1,"process_id":6807,"span_id":10,"parent_id":7,"name":"configured_roles_build","state":"started","elapsed_us":0}
Build phase dependency feature admission: 2.09s (4 compatible batches)
Build phase declaration: 130.01s
Build declaration cache app: miss (extracted current Wasm)
Build declaration cache root: miss (extracted current Wasm)
Build declaration cache scale_hub: miss (extracted current Wasm)
Build declaration cache scale_replica: miss (extracted current Wasm)
Build declaration cache user_hub: miss (extracted current Wasm)
Build declaration cache user_shard: miss (extracted current Wasm)
Build phase Candid extraction: 5.05s
Build phase runtime Cargo/link: 161.82s
[WASM]       SIZE   app/candidate.wasm  code=2.83 MiB (2967721 B)  headroom=7.17 MiB (7518039 B)
[WASM]       SIZE   scale_replica/candidate.wasm  code=2.84 MiB (2980389 B)  headroom=7.16 MiB (7505371 B)
[WASM]       SIZE   scale_hub/candidate.wasm  code=3.05 MiB (3200979 B)  headroom=6.95 MiB (7284781 B)
[WASM]       SIZE   user_hub/candidate.wasm  code=3.18 MiB (3336700 B)  headroom=6.82 MiB (7149060 B)
Build phase finalization /home/adam/projects/canic/.tmp/test-runtime.NQpybd/canic-121-production-adapter/.canic/release-builds/a4c128728412f11837b79ce8562e3115451db387e17361b79b4f15d02cbb36ae/artifacts/app/app.wasm: shrink=0.61s candid=0.53s binaryen=0.00s gzip/validation=0.19s total=1.35s
Build phase finalization /home/adam/projects/canic/.tmp/test-runtime.NQpybd/canic-121-production-adapter/.canic/release-builds/a4c128728412f11837b79ce8562e3115451db387e17361b79b4f15d02cbb36ae/artifacts/scale_replica/scale_replica.wasm: shrink=0.61s candid=0.54s binaryen=0.00s gzip/validation=0.19s total=1.36s
[WASM]       SIZE   user_shard/candidate.wasm  code=3.47 MiB (3642959 B)  headroom=6.53 MiB (6842801 B)
Build phase finalization /home/adam/projects/canic/.tmp/test-runtime.NQpybd/canic-121-production-adapter/.canic/release-builds/a4c128728412f11837b79ce8562e3115451db387e17361b79b4f15d02cbb36ae/artifacts/scale_hub/scale_hub.wasm: shrink=0.63s candid=0.60s binaryen=0.00s gzip/validation=0.20s total=1.46s
Build phase finalization /home/adam/projects/canic/.tmp/test-runtime.NQpybd/canic-121-production-adapter/.canic/release-builds/a4c128728412f11837b79ce8562e3115451db387e17361b79b4f15d02cbb36ae/artifacts/user_hub/user_hub.wasm: shrink=0.65s candid=0.59s binaryen=0.00s gzip/validation=0.21s total=1.48s
Build phase finalization /home/adam/projects/canic/.tmp/test-runtime.NQpybd/canic-121-production-adapter/.canic/release-builds/a4c128728412f11837b79ce8562e3115451db387e17361b79b4f15d02cbb36ae/artifacts/user_shard/user_shard.wasm: shrink=0.71s candid=0.62s binaryen=0.00s gzip/validation=0.22s total=1.58s
[WASM]       SIZE   root/candidate.wasm  code=9.04 MiB (9475465 B)  headroom=0.96 MiB (1010295 B)
Build phase finalization /home/adam/projects/canic/.tmp/test-runtime.NQpybd/canic-121-production-adapter/.canic/release-builds/a4c128728412f11837b79ce8562e3115451db387e17361b79b4f15d02cbb36ae/artifacts/root/root.wasm: shrink=1.76s candid=1.61s binaryen=0.00s gzip/validation=0.58s total=3.99s
[CANIC-TIMING] {"schema_version":1,"process_id":6807,"span_id":10,"parent_id":7,"name":"configured_roles_build","state":"completed","elapsed_us":305819009}
[CANIC-TIMING] {"schema_version":1,"process_id":6807,"span_id":11,"parent_id":7,"name":"seal_release_manifests","state":"started","elapsed_us":0}
[CANIC-TIMING] {"schema_version":1,"process_id":6807,"span_id":11,"parent_id":7,"name":"seal_release_manifests","state":"completed","elapsed_us":222064}
[CANIC-TIMING] {"schema_version":1,"process_id":6807,"span_id":7,"parent_id":4,"name":"artifact_build_and_seal","state":"completed","elapsed_us":359915145}
[CANIC-TIMING] {"schema_version":1,"process_id":6807,"span_id":12,"parent_id":4,"name":"artifact_cache_commit","state":"started","elapsed_us":0}
[FLEET]      DONE   literal-zero release artifacts (30)                  6m 02s
[CANIC-TIMING] {"schema_version":1,"process_id":6807,"span_id":12,"parent_id":4,"name":"artifact_cache_commit","state":"completed","elapsed_us":1261623}
[CANIC-TIMING] {"schema_version":1,"process_id":6807,"span_id":13,"parent_id":4,"name":"artifact_load","state":"started","elapsed_us":0}
[CANIC-TIMING] {"schema_version":1,"process_id":6807,"span_id":13,"parent_id":4,"name":"artifact_load","state":"completed","elapsed_us":12827}
[CANIC-TIMING] {"schema_version":1,"process_id":6807,"span_id":4,"parent_id":3,"name":"release_artifact_resolution","state":"completed","elapsed_us":368022679}
[WASM]       RUN    cycles_ledger_stub (1/1)
[WASM]       DONE   cycles_ledger_stub                                    8.13s
[CANIC-TIMING] {"schema_version":1,"process_id":6807,"span_id":3,"parent_id":1,"name":"initial_artifacts","state":"completed","elapsed_us":376772624}
[CANIC-TIMING] {"schema_version":1,"process_id":6807,"span_id":14,"parent_id":1,"name":"replica_and_transport_setup","state":"started","elapsed_us":0}
[FLEET]      RUN    starting management-agent PocketIC instance
[FLEET]      READY  management-agent PocketIC instance
[CANIC-TIMING] {"schema_version":1,"process_id":6807,"span_id":14,"parent_id":1,"name":"replica_and_transport_setup","state":"completed","elapsed_us":1470702}
[CANIC-TIMING] {"schema_version":1,"process_id":6807,"span_id":15,"parent_id":1,"name":"generation_and_initial_review","state":"started","elapsed_us":0}
[FLEET]      RUN    planning literal-zero infrastructure
[CANIC-OBSERVATION] {"schema_version":1,"process_id":6807,"parent_id":15,"observation":{"stage":"root_management","elapsed_millis":51,"remote_call_attempts":0,"succeeded":true}}
[CANIC-OBSERVATION] {"schema_version":1,"process_id":6807,"parent_id":15,"observation":{"stage":"configured_canisters","elapsed_millis":0,"remote_call_attempts":0,"succeeded":true}}
[CANIC-OBSERVATION] {"schema_version":1,"process_id":6807,"parent_id":15,"observation":{"stage":"estate_funding","elapsed_millis":0,"remote_call_attempts":0,"succeeded":true}}
[CANIC-OBSERVATION] {"schema_version":1,"process_id":6807,"parent_id":15,"observation":{"stage":"pool_balances","elapsed_millis":0,"remote_call_attempts":0,"succeeded":true}}
[CANIC-OBSERVATION] {"schema_version":1,"process_id":6807,"parent_id":15,"observation":{"stage":"protocol_readiness","elapsed_millis":0,"remote_call_attempts":0,"succeeded":true}}
[CANIC-OBSERVATION] {"schema_version":1,"process_id":6807,"parent_id":15,"observation":{"stage":"ledger_fee","elapsed_millis":90,"remote_call_attempts":1,"succeeded":true}}
[CANIC-OBSERVATION] {"schema_version":1,"process_id":6807,"parent_id":15,"observation":{"stage":"operator_balance","elapsed_millis":82,"remote_call_attempts":1,"succeeded":true}}
[CANIC-OBSERVATION] {"schema_version":1,"process_id":6807,"parent_id":15,"observation":{"stage":"protocol_actions","elapsed_millis":0,"remote_call_attempts":0,"succeeded":true}}
[CANIC-TIMING] {"schema_version":1,"process_id":6807,"span_id":15,"parent_id":1,"name":"generation_and_initial_review","state":"completed","elapsed_us":5778437}
[CANIC-TIMING] {"schema_version":1,"process_id":6807,"span_id":16,"parent_id":1,"name":"initial_recovery_and_convergence","state":"started","elapsed_us":0}
[CANIC-OBSERVATION] {"schema_version":1,"process_id":6807,"parent_id":16,"observation":{"stage":"configured_canisters","elapsed_millis":0,"remote_call_attempts":0,"succeeded":true}}
[CANIC-OBSERVATION] {"schema_version":1,"process_id":6807,"parent_id":16,"observation":{"stage":"estate_funding","elapsed_millis":0,"remote_call_attempts":0,"succeeded":true}}
[CANIC-OBSERVATION] {"schema_version":1,"process_id":6807,"parent_id":16,"observation":{"stage":"pool_balances","elapsed_millis":0,"remote_call_attempts":0,"succeeded":true}}
[CANIC-OBSERVATION] {"schema_version":1,"process_id":6807,"parent_id":16,"observation":{"stage":"protocol_readiness","elapsed_millis":0,"remote_call_attempts":0,"succeeded":true}}
[CANIC-OBSERVATION] {"schema_version":1,"process_id":6807,"parent_id":16,"observation":{"stage":"ledger_fee","elapsed_millis":66,"remote_call_attempts":1,"succeeded":true}}
[CANIC-OBSERVATION] {"schema_version":1,"process_id":6807,"parent_id":16,"observation":{"stage":"operator_balance","elapsed_millis":74,"remote_call_attempts":1,"succeeded":true}}
[CANIC-OBSERVATION] {"schema_version":1,"process_id":6807,"parent_id":16,"observation":{"stage":"protocol_actions","elapsed_millis":0,"remote_call_attempts":0,"succeeded":true}}
[FLEET-MEASURE] {"progress":{"applied_effects":0,"operation_id":"59709c2a501d3e193801462bb4781f28ed05627eae11adb1660cd7891ee22979","phase":"infrastructure","plan_sha256":"de5bd76c3e2ade9375e95a089eb04a7adfea4cefc44e5a6d2c88294445cd6c4c","reviewed_effects":18,"state":{"kind":"advancing"}},"unix_ms":1789233454183}
[FLEET-MEASURE] {"progress":{"applied_effects":12,"operation_id":"59709c2a501d3e193801462bb4781f28ed05627eae11adb1660cd7891ee22979","phase":"infrastructure","plan_sha256":"de5bd76c3e2ade9375e95a089eb04a7adfea4cefc44e5a6d2c88294445cd6c4c","reviewed_effects":18,"state":{"kind":"advancing"}},"unix_ms":1789233481083}
[FLEET-MEASURE] {"progress":{"applied_effects":18,"operation_id":"59709c2a501d3e193801462bb4781f28ed05627eae11adb1660cd7891ee22979","phase":"terminal_verification","plan_sha256":"de5bd76c3e2ade9375e95a089eb04a7adfea4cefc44e5a6d2c88294445cd6c4c","reviewed_effects":18,"state":{"kind":"advancing"}},"unix_ms":1789233512269}
[CANIC-OBSERVATION] {"schema_version":1,"process_id":6807,"parent_id":16,"observation":{"stage":"configured_canisters","elapsed_millis":1684,"remote_call_attempts":10,"succeeded":true}}
[CANIC-OBSERVATION] {"schema_version":1,"process_id":6807,"parent_id":16,"observation":{"stage":"estate_funding","elapsed_millis":95,"remote_call_attempts":1,"succeeded":true}}
[CANIC-OBSERVATION] {"schema_version":1,"process_id":6807,"parent_id":16,"observation":{"stage":"pool_balances","elapsed_millis":298,"remote_call_attempts":0,"succeeded":true}}
[CANIC-OBSERVATION] {"schema_version":1,"process_id":6807,"parent_id":16,"observation":{"stage":"protocol_readiness","elapsed_millis":0,"remote_call_attempts":0,"succeeded":true}}
[CANIC-OBSERVATION] {"schema_version":1,"process_id":6807,"parent_id":16,"observation":{"stage":"ledger_fee","elapsed_millis":93,"remote_call_attempts":1,"succeeded":true}}
[CANIC-OBSERVATION] {"schema_version":1,"process_id":6807,"parent_id":16,"observation":{"stage":"operator_balance","elapsed_millis":79,"remote_call_attempts":1,"succeeded":true}}
[CANIC-OBSERVATION] {"schema_version":1,"process_id":6807,"parent_id":16,"observation":{"stage":"protocol_actions","elapsed_millis":1022,"remote_call_attempts":3,"succeeded":true}}
[FLEET-MEASURE] {"progress":{"applied_effects":18,"operation_id":"59709c2a501d3e193801462bb4781f28ed05627eae11adb1660cd7891ee22979","phase":"terminal_verification","plan_sha256":"de5bd76c3e2ade9375e95a089eb04a7adfea4cefc44e5a6d2c88294445cd6c4c","reviewed_effects":24,"state":{"kind":"prerequisite_complete"}},"unix_ms":1789233515725}
[FLEET-MEASURE] {"progress":{"applied_effects":18,"operation_id":"59709c2a501d3e193801462bb4781f28ed05627eae11adb1660cd7891ee22979","phase":"import_reconciliation","plan_sha256":"de5bd76c3e2ade9375e95a089eb04a7adfea4cefc44e5a6d2c88294445cd6c4c","reviewed_effects":24,"state":{"kind":"advancing"}},"unix_ms":1789233515725}
[CANIC-OBSERVATION] {"schema_version":1,"process_id":6807,"parent_id":16,"observation":{"stage":"configured_canisters","elapsed_millis":1724,"remote_call_attempts":10,"succeeded":true}}
[CANIC-OBSERVATION] {"schema_version":1,"process_id":6807,"parent_id":16,"observation":{"stage":"estate_funding","elapsed_millis":76,"remote_call_attempts":1,"succeeded":true}}
[CANIC-OBSERVATION] {"schema_version":1,"process_id":6807,"parent_id":16,"observation":{"stage":"pool_balances","elapsed_millis":310,"remote_call_attempts":0,"succeeded":true}}
[CANIC-OBSERVATION] {"schema_version":1,"process_id":6807,"parent_id":16,"observation":{"stage":"protocol_readiness","elapsed_millis":0,"remote_call_attempts":0,"succeeded":true}}
[CANIC-OBSERVATION] {"schema_version":1,"process_id":6807,"parent_id":16,"observation":{"stage":"ledger_fee","elapsed_millis":84,"remote_call_attempts":1,"succeeded":true}}
[CANIC-OBSERVATION] {"schema_version":1,"process_id":6807,"parent_id":16,"observation":{"stage":"operator_balance","elapsed_millis":76,"remote_call_attempts":1,"succeeded":true}}
[FLEET-MEASURE] {"progress":{"applied_effects":24,"operation_id":"59709c2a501d3e193801462bb4781f28ed05627eae11adb1660cd7891ee22979","phase":"terminal_verification","plan_sha256":"de5bd76c3e2ade9375e95a089eb04a7adfea4cefc44e5a6d2c88294445cd6c4c","reviewed_effects":24,"state":{"kind":"advancing"}},"unix_ms":1789233530876}
[CANIC-OBSERVATION] {"schema_version":1,"process_id":6807,"parent_id":16,"observation":{"stage":"configured_canisters","elapsed_millis":450,"remote_call_attempts":4,"succeeded":true}}
[CANIC-OBSERVATION] {"schema_version":1,"process_id":6807,"parent_id":16,"observation":{"stage":"estate_funding","elapsed_millis":87,"remote_call_attempts":1,"succeeded":true}}
[CANIC-OBSERVATION] {"schema_version":1,"process_id":6807,"parent_id":16,"observation":{"stage":"pool_balances","elapsed_millis":0,"remote_call_attempts":0,"succeeded":true}}
[CANIC-OBSERVATION] {"schema_version":1,"process_id":6807,"parent_id":16,"observation":{"stage":"protocol_readiness","elapsed_millis":0,"remote_call_attempts":0,"succeeded":true}}
[CANIC-OBSERVATION] {"schema_version":1,"process_id":6807,"parent_id":16,"observation":{"stage":"ledger_fee","elapsed_millis":89,"remote_call_attempts":1,"succeeded":true}}
[CANIC-OBSERVATION] {"schema_version":1,"process_id":6807,"parent_id":16,"observation":{"stage":"operator_balance","elapsed_millis":101,"remote_call_attempts":1,"succeeded":true}}
[CANIC-OBSERVATION] {"schema_version":1,"process_id":6807,"parent_id":16,"observation":{"stage":"protocol_actions","elapsed_millis":3528,"remote_call_attempts":34,"succeeded":true}}
[FLEET-MEASURE] {"progress":{"applied_effects":24,"operation_id":"59709c2a501d3e193801462bb4781f28ed05627eae11adb1660cd7891ee22979","phase":"terminal_verification","plan_sha256":"de5bd76c3e2ade9375e95a089eb04a7adfea4cefc44e5a6d2c88294445cd6c4c","reviewed_effects":52,"state":{"kind":"prerequisite_complete"}},"unix_ms":1789233536138}
[FLEET-MEASURE] {"progress":{"applied_effects":24,"operation_id":"59709c2a501d3e193801462bb4781f28ed05627eae11adb1660cd7891ee22979","phase":"control_plane","plan_sha256":"de5bd76c3e2ade9375e95a089eb04a7adfea4cefc44e5a6d2c88294445cd6c4c","reviewed_effects":52,"state":{"kind":"advancing"}},"unix_ms":1789233536139}
[FLEET-MEASURE] {"progress":{"applied_effects":50,"operation_id":"59709c2a501d3e193801462bb4781f28ed05627eae11adb1660cd7891ee22979","phase":"workload_provisioning","plan_sha256":"de5bd76c3e2ade9375e95a089eb04a7adfea4cefc44e5a6d2c88294445cd6c4c","reviewed_effects":52,"state":{"kind":"advancing"}},"unix_ms":1789233576388}
[FLEET-MEASURE] {"progress":{"applied_effects":50,"operation_id":"59709c2a501d3e193801462bb4781f28ed05627eae11adb1660cd7891ee22979","phase":"workload_provisioning","plan_sha256":"de5bd76c3e2ade9375e95a089eb04a7adfea4cefc44e5a6d2c88294445cd6c4c","reviewed_effects":52,"state":{"kind":"awaiting_progress"}},"unix_ms":1789233577858}
[FLEET-MEASURE] {"progress":{"applied_effects":50,"operation_id":"59709c2a501d3e193801462bb4781f28ed05627eae11adb1660cd7891ee22979","phase":"workload_provisioning","plan_sha256":"de5bd76c3e2ade9375e95a089eb04a7adfea4cefc44e5a6d2c88294445cd6c4c","reviewed_effects":52,"state":{"kind":"awaiting_progress"}},"unix_ms":1789233580101}
[FLEET-MEASURE] {"progress":{"applied_effects":50,"operation_id":"59709c2a501d3e193801462bb4781f28ed05627eae11adb1660cd7891ee22979","phase":"workload_provisioning","plan_sha256":"de5bd76c3e2ade9375e95a089eb04a7adfea4cefc44e5a6d2c88294445cd6c4c","reviewed_effects":52,"state":{"kind":"awaiting_progress"}},"unix_ms":1789233581734}
[FLEET-MEASURE] {"progress":{"applied_effects":50,"operation_id":"59709c2a501d3e193801462bb4781f28ed05627eae11adb1660cd7891ee22979","phase":"workload_provisioning","plan_sha256":"de5bd76c3e2ade9375e95a089eb04a7adfea4cefc44e5a6d2c88294445cd6c4c","reviewed_effects":52,"state":{"kind":"awaiting_progress"}},"unix_ms":1789233582355}
[FLEET-MEASURE] {"progress":{"applied_effects":50,"operation_id":"59709c2a501d3e193801462bb4781f28ed05627eae11adb1660cd7891ee22979","phase":"workload_provisioning","plan_sha256":"de5bd76c3e2ade9375e95a089eb04a7adfea4cefc44e5a6d2c88294445cd6c4c","reviewed_effects":52,"state":{"kind":"awaiting_progress"}},"unix_ms":1789233584713}
[FLEET-MEASURE] {"progress":{"applied_effects":50,"operation_id":"59709c2a501d3e193801462bb4781f28ed05627eae11adb1660cd7891ee22979","phase":"workload_provisioning","plan_sha256":"de5bd76c3e2ade9375e95a089eb04a7adfea4cefc44e5a6d2c88294445cd6c4c","reviewed_effects":52,"state":{"kind":"awaiting_progress"}},"unix_ms":1789233585406}
[FLEET-MEASURE] {"progress":{"applied_effects":50,"operation_id":"59709c2a501d3e193801462bb4781f28ed05627eae11adb1660cd7891ee22979","phase":"workload_provisioning","plan_sha256":"de5bd76c3e2ade9375e95a089eb04a7adfea4cefc44e5a6d2c88294445cd6c4c","reviewed_effects":52,"state":{"kind":"awaiting_progress"}},"unix_ms":1789233586160}
[FLEET-MEASURE] {"progress":{"applied_effects":50,"operation_id":"59709c2a501d3e193801462bb4781f28ed05627eae11adb1660cd7891ee22979","phase":"workload_provisioning","plan_sha256":"de5bd76c3e2ade9375e95a089eb04a7adfea4cefc44e5a6d2c88294445cd6c4c","reviewed_effects":52,"state":{"kind":"awaiting_progress"}},"unix_ms":1789233586917}
[FLEET-MEASURE] {"progress":{"applied_effects":50,"operation_id":"59709c2a501d3e193801462bb4781f28ed05627eae11adb1660cd7891ee22979","phase":"workload_provisioning","plan_sha256":"de5bd76c3e2ade9375e95a089eb04a7adfea4cefc44e5a6d2c88294445cd6c4c","reviewed_effects":52,"state":{"kind":"awaiting_progress"}},"unix_ms":1789233587693}
[FLEET-MEASURE] {"progress":{"applied_effects":50,"operation_id":"59709c2a501d3e193801462bb4781f28ed05627eae11adb1660cd7891ee22979","phase":"workload_provisioning","plan_sha256":"de5bd76c3e2ade9375e95a089eb04a7adfea4cefc44e5a6d2c88294445cd6c4c","reviewed_effects":52,"state":{"kind":"awaiting_progress"}},"unix_ms":1789233588440}
[FLEET-MEASURE] {"progress":{"applied_effects":50,"operation_id":"59709c2a501d3e193801462bb4781f28ed05627eae11adb1660cd7891ee22979","phase":"workload_provisioning","plan_sha256":"de5bd76c3e2ade9375e95a089eb04a7adfea4cefc44e5a6d2c88294445cd6c4c","reviewed_effects":52,"state":{"kind":"awaiting_progress"}},"unix_ms":1789233594769}
[FLEET-MEASURE] {"progress":{"applied_effects":50,"operation_id":"59709c2a501d3e193801462bb4781f28ed05627eae11adb1660cd7891ee22979","phase":"workload_provisioning","plan_sha256":"de5bd76c3e2ade9375e95a089eb04a7adfea4cefc44e5a6d2c88294445cd6c4c","reviewed_effects":52,"state":{"kind":"awaiting_progress"}},"unix_ms":1789233595483}
[FLEET-MEASURE] {"progress":{"applied_effects":50,"operation_id":"59709c2a501d3e193801462bb4781f28ed05627eae11adb1660cd7891ee22979","phase":"workload_provisioning","plan_sha256":"de5bd76c3e2ade9375e95a089eb04a7adfea4cefc44e5a6d2c88294445cd6c4c","reviewed_effects":52,"state":{"kind":"awaiting_progress"}},"unix_ms":1789233596181}
[FLEET-MEASURE] {"progress":{"applied_effects":50,"operation_id":"59709c2a501d3e193801462bb4781f28ed05627eae11adb1660cd7891ee22979","phase":"workload_provisioning","plan_sha256":"de5bd76c3e2ade9375e95a089eb04a7adfea4cefc44e5a6d2c88294445cd6c4c","reviewed_effects":52,"state":{"kind":"awaiting_progress"}},"unix_ms":1789233597078}
[FLEET-MEASURE] {"progress":{"applied_effects":50,"operation_id":"59709c2a501d3e193801462bb4781f28ed05627eae11adb1660cd7891ee22979","phase":"workload_provisioning","plan_sha256":"de5bd76c3e2ade9375e95a089eb04a7adfea4cefc44e5a6d2c88294445cd6c4c","reviewed_effects":52,"state":{"kind":"awaiting_progress"}},"unix_ms":1789233598510}
[FLEET-MEASURE] {"progress":{"applied_effects":50,"operation_id":"59709c2a501d3e193801462bb4781f28ed05627eae11adb1660cd7891ee22979","phase":"workload_provisioning","plan_sha256":"de5bd76c3e2ade9375e95a089eb04a7adfea4cefc44e5a6d2c88294445cd6c4c","reviewed_effects":52,"state":{"kind":"awaiting_progress"}},"unix_ms":1789233600925}
[FLEET-MEASURE] {"progress":{"applied_effects":50,"operation_id":"59709c2a501d3e193801462bb4781f28ed05627eae11adb1660cd7891ee22979","phase":"workload_provisioning","plan_sha256":"de5bd76c3e2ade9375e95a089eb04a7adfea4cefc44e5a6d2c88294445cd6c4c","reviewed_effects":52,"state":{"kind":"awaiting_progress"}},"unix_ms":1789233601608}
[FLEET-MEASURE] {"progress":{"applied_effects":50,"operation_id":"59709c2a501d3e193801462bb4781f28ed05627eae11adb1660cd7891ee22979","phase":"workload_provisioning","plan_sha256":"de5bd76c3e2ade9375e95a089eb04a7adfea4cefc44e5a6d2c88294445cd6c4c","reviewed_effects":52,"state":{"kind":"awaiting_progress"}},"unix_ms":1789233602303}
[FLEET-MEASURE] {"progress":{"applied_effects":50,"operation_id":"59709c2a501d3e193801462bb4781f28ed05627eae11adb1660cd7891ee22979","phase":"workload_provisioning","plan_sha256":"de5bd76c3e2ade9375e95a089eb04a7adfea4cefc44e5a6d2c88294445cd6c4c","reviewed_effects":52,"state":{"kind":"awaiting_progress"}},"unix_ms":1789233602987}
[FLEET-MEASURE] {"progress":{"applied_effects":50,"operation_id":"59709c2a501d3e193801462bb4781f28ed05627eae11adb1660cd7891ee22979","phase":"workload_provisioning","plan_sha256":"de5bd76c3e2ade9375e95a089eb04a7adfea4cefc44e5a6d2c88294445cd6c4c","reviewed_effects":52,"state":{"kind":"awaiting_progress"}},"unix_ms":1789233603784}
[FLEET-MEASURE] {"progress":{"applied_effects":51,"operation_id":"59709c2a501d3e193801462bb4781f28ed05627eae11adb1660cd7891ee22979","phase":"pool_readiness","plan_sha256":"de5bd76c3e2ade9375e95a089eb04a7adfea4cefc44e5a6d2c88294445cd6c4c","reviewed_effects":52,"state":{"kind":"advancing"}},"unix_ms":1789233604431}
[FLEET-MEASURE] {"progress":{"applied_effects":52,"operation_id":"59709c2a501d3e193801462bb4781f28ed05627eae11adb1660cd7891ee22979","phase":"terminal_verification","plan_sha256":"de5bd76c3e2ade9375e95a089eb04a7adfea4cefc44e5a6d2c88294445cd6c4c","reviewed_effects":52,"state":{"kind":"advancing"}},"unix_ms":1789233605168}
[CANIC-OBSERVATION] {"schema_version":1,"process_id":6807,"parent_id":16,"observation":{"stage":"configured_canisters","elapsed_millis":392,"remote_call_attempts":4,"succeeded":true}}
[CANIC-OBSERVATION] {"schema_version":1,"process_id":6807,"parent_id":16,"observation":{"stage":"estate_funding","elapsed_millis":66,"remote_call_attempts":1,"succeeded":true}}
[CANIC-OBSERVATION] {"schema_version":1,"process_id":6807,"parent_id":16,"observation":{"stage":"pool_balances","elapsed_millis":0,"remote_call_attempts":0,"succeeded":true}}
[CANIC-OBSERVATION] {"schema_version":1,"process_id":6807,"parent_id":16,"observation":{"stage":"protocol_readiness","elapsed_millis":0,"remote_call_attempts":0,"succeeded":true}}
[CANIC-OBSERVATION] {"schema_version":1,"process_id":6807,"parent_id":16,"observation":{"stage":"ledger_fee","elapsed_millis":83,"remote_call_attempts":1,"succeeded":true}}
[CANIC-OBSERVATION] {"schema_version":1,"process_id":6807,"parent_id":16,"observation":{"stage":"operator_balance","elapsed_millis":72,"remote_call_attempts":1,"succeeded":true}}
[CANIC-OBSERVATION] {"schema_version":1,"process_id":6807,"parent_id":16,"observation":{"stage":"protocol_actions","elapsed_millis":3275,"remote_call_attempts":31,"succeeded":true}}
[CANIC-OBSERVATION] {"schema_version":1,"process_id":6807,"parent_id":16,"observation":{"stage":"terminal_inventory","elapsed_millis":7302,"remote_call_attempts":18,"succeeded":true}}
[CANIC-OBSERVATION] {"schema_version":1,"process_id":6807,"parent_id":16,"observation":{"stage":"configured_canisters","elapsed_millis":459,"remote_call_attempts":4,"succeeded":true}}
[CANIC-OBSERVATION] {"schema_version":1,"process_id":6807,"parent_id":16,"observation":{"stage":"estate_funding","elapsed_millis":69,"remote_call_attempts":1,"succeeded":true}}
[CANIC-OBSERVATION] {"schema_version":1,"process_id":6807,"parent_id":16,"observation":{"stage":"pool_balances","elapsed_millis":0,"remote_call_attempts":0,"succeeded":true}}
[CANIC-OBSERVATION] {"schema_version":1,"process_id":6807,"parent_id":16,"observation":{"stage":"protocol_readiness","elapsed_millis":0,"remote_call_attempts":0,"succeeded":true}}
[CANIC-OBSERVATION] {"schema_version":1,"process_id":6807,"parent_id":16,"observation":{"stage":"ledger_fee","elapsed_millis":87,"remote_call_attempts":1,"succeeded":true}}
[CANIC-OBSERVATION] {"schema_version":1,"process_id":6807,"parent_id":16,"observation":{"stage":"operator_balance","elapsed_millis":75,"remote_call_attempts":1,"succeeded":true}}
[FLEET-MEASURE] {"progress":{"applied_effects":52,"operation_id":"59709c2a501d3e193801462bb4781f28ed05627eae11adb1660cd7891ee22979","phase":"complete","plan_sha256":"de5bd76c3e2ade9375e95a089eb04a7adfea4cefc44e5a6d2c88294445cd6c4c","reviewed_effects":52,"state":{"kind":"complete"}},"unix_ms":1789233617249}

thread 'pic::fleet_registry::baseline::tests::generated_mixed_topology_and_ready_reserve_recover_one_reviewed_operation' (6808) panicked at crates/canic-testing-internal/src/pic/fleet_registry/baseline.rs:6822:13:
automatic continuation must reach the lost reset response: Ok(FleetEnsureReport { funding_review: None, actual_conservation: Some(ActualCycleConservation { estate_funding_cycles: 0, exact_estate_creation_fee_cycles: 0, exact_unavoidable_fee_cycles: 0, final_controlled_cycles: 707759839568538, measured_execution_burn_cycles: 240160431462, observed_starting_cycles: 0, operator_debit_cycles: 708000000000000, received_new_funding_cycles: 708000000000000 }), effects_applied: 52, plan: FleetEnsurePlan { recovery_review: Some(FleetRecoveryReview { base_execution_burn_cycles: 111000000000000, continuation_reserve_cycles: 252000000000000, whole_continuation_ceiling_cycles: 252000000000000, known_pool_funding: [], discovery: PendingCurrentProtocol }), reinstall: None, continuation: Some(FleetEnsureContinuationAuthority { fixture_publication_retry_attempts: 14, app_config_sha256: "420311d1a4872bb4380976c66174840117e18e6bec725fc04604f08d1baa0f4f", application_artifact_union_sha256: "6bf54e667bc6c673a6ca3786f515137048fada065f622ce12cb3394498c1bd34", coordinator_candid_sha256: "78785672fb33f8dd1030f4f48c69d97ca0cf16b52052752476a230253c28e25a", maximum_successor_actions: 49, root_candid_sha256: "8ff673de1bd4166d1201c413dfc426997d910d0b40c7836c06104be66ce2e1ad", store_candid_sha256: "885a60faa07d55e969778e6631a07b9ca4f6f102df1d168937a0beda74df0bca" }), canisters: [CanisterPlan { actions: [Create { controller_canisters: [], controllers: ["am2xt-6vlga-o3a6v-2rt5d-s5jvt-wmls2-l5s32-iuab4-3cnvb-isrek-uqe"], created_at_time: 1800000000000000000, ledger: "um5iw-rqaaa-aaaaq-qaaba-cai", name: "coordinator", requested_initial_cycles: 500000000000000, subnet: "753q6-ah42a-rm7md-yb6nn-3egqb-e2tyy-zdjgf-ind25-haovq-fe74w-pqe" }, Install { canic_init: Some(Coordinator), reinstall_witness: None, init_arg: None, init_arg_sha256: None, init_candid: None, init_candid_sha256: None, mode: Install, name: "coordinator", principal: "created:coordinator", wasm: ".canic/release-builds/a4c128728412f11837b79ce8562e3115451db387e17361b79b4f15d02cbb36ae/artifacts/fleet_coordinator/fleet_coordinator.wasm", wasm_sha256: "3bb99b8a081b5bef25d9701dd7193832fa3a4f1b1756ebafa9e1c5233e67b03b" }], disposition: Create, name: "coordinator", observed_cycles: 0, principal: None }, CanisterPlan { actions: [Create { controller_canisters: [], controllers: ["am2xt-6vlga-o3a6v-2rt5d-s5jvt-wmls2-l5s32-iuab4-3cnvb-isrek-uqe"], created_at_time: 1800000000000000001, ledger: "um5iw-rqaaa-aaaaq-qaaba-cai", name: "root-0", requested_initial_cycles: 80000000000000, subnet: "753q6-ah42a-rm7md-yb6nn-3egqb-e2tyy-zdjgf-ind25-haovq-fe74w-pqe" }, Install { canic_init: Some(Root { root: "root-0" }), reinstall_witness: None, init_arg: None, init_arg_sha256: None, init_candid: None, init_candid_sha256: None, mode: Install, name: "root-0", principal: "created:root-0", wasm: ".canic/release-builds/a4c128728412f11837b79ce8562e3115451db387e17361b79b4f15d02cbb36ae/artifacts/root/root.wasm", wasm_sha256: "3c469923a1689d841a17cb78673a3b682132c969b2b97421b1c5158909c50abb" }], disposition: Create, name: "root-0", observed_cycles: 0, principal: None }, CanisterPlan { actions: [Create { controller_canisters: ["root-0"], controllers: ["am2xt-6vlga-o3a6v-2rt5d-s5jvt-wmls2-l5s32-iuab4-3cnvb-isrek-uqe"], created_at_time: 1800000000000000002, ledger: "um5iw-rqaaa-aaaaq-qaaba-cai", name: "store-0", requested_initial_cycles: 80000000000000, subnet: "753q6-ah42a-rm7md-yb6nn-3egqb-e2tyy-zdjgf-ind25-haovq-fe74w-pqe" }, Install { canic_init: Some(Store { root: "root-0" }), reinstall_witness: None, init_arg: None, init_arg_sha256: None, init_candid: None, init_candid_sha256: None, mode: Install, name: "store-0", principal: "created:store-0", wasm: ".canic/release-builds/a4c128728412f11837b79ce8562e3115451db387e17361b79b4f15d02cbb36ae/artifacts/wasm_store/wasm_store.wasm", wasm_sha256: "c454a3998e0898da678371618bd0e025f1705b8b65d86e8c20a3b939e2b509a0" }], disposition: Create, name: "store-0", observed_cycles: 0, principal: None }, CanisterPlan { actions: [Create { controller_canisters: ["root-0"], controllers: ["am2xt-6vlga-o3a6v-2rt5d-s5jvt-wmls2-l5s32-iuab4-3cnvb-isrek-uqe"], created_at_time: 1800000000000000003, ledger: "um5iw-rqaaa-aaaaq-qaaba-cai", name: "root-0-pool-0", requested_initial_cycles: 8000000000000, subnet: "753q6-ah42a-rm7md-yb6nn-3egqb-e2tyy-zdjgf-ind25-haovq-fe74w-pqe" }, SetControllers { controller_canisters: ["root-0"], controllers: [], name: "root-0-pool-0", principal: "created:root-0-pool-0" }], disposition: Create, name: "root-0-pool-0", observed_cycles: 0, principal: None }, CanisterPlan { actions: [Create { controller_canisters: ["root-0"], controllers: ["am2xt-6vlga-o3a6v-2rt5d-s5jvt-wmls2-l5s32-iuab4-3cnvb-isrek-uqe"], created_at_time: 1800000000000000004, ledger: "um5iw-rqaaa-aaaaq-qaaba-cai", name: "root-0-pool-1", requested_initial_cycles: 8000000000000, subnet: "753q6-ah42a-rm7md-yb6nn-3egqb-e2tyy-zdjgf-ind25-haovq-fe74w-pqe" }, SetControllers { controller_canisters: ["root-0"], controllers: [], name: "root-0-pool-1", principal: "created:root-0-pool-1" }], disposition: Create, name: "root-0-pool-1", observed_cycles: 0, principal: None }, CanisterPlan { actions: [Create { controller_canisters: ["root-0"], controllers: ["am2xt-6vlga-o3a6v-2rt5d-s5jvt-wmls2-l5s32-iuab4-3cnvb-isrek-uqe"], created_at_time: 1800000000000000005, ledger: "um5iw-rqaaa-aaaaq-qaaba-cai", name: "root-0-pool-2", requested_initial_cycles: 8000000000000, subnet: "753q6-ah42a-rm7md-yb6nn-3egqb-e2tyy-zdjgf-ind25-haovq-fe74w-pqe" }, SetControllers { controller_canisters: ["root-0"], controllers: [], name: "root-0-pool-2", principal: "created:root-0-pool-2" }], disposition: Create, name: "root-0-pool-2", observed_cycles: 0, principal: None }, CanisterPlan { actions: [Create { controller_canisters: ["root-0"], controllers: ["am2xt-6vlga-o3a6v-2rt5d-s5jvt-wmls2-l5s32-iuab4-3cnvb-isrek-uqe"], created_at_time: 1800000000000000006, ledger: "um5iw-rqaaa-aaaaq-qaaba-cai", name: "root-0-pool-3", requested_initial_cycles: 8000000000000, subnet: "753q6-ah42a-rm7md-yb6nn-3egqb-e2tyy-zdjgf-ind25-haovq-fe74w-pqe" }, SetControllers { controller_canisters: ["root-0"], controllers: [], name: "root-0-pool-3", principal: "created:root-0-pool-3" }], disposition: Create, name: "root-0-pool-3", observed_cycles: 0, principal: None }, CanisterPlan { actions: [Create { controller_canisters: ["root-0"], controllers: ["am2xt-6vlga-o3a6v-2rt5d-s5jvt-wmls2-l5s32-iuab4-3cnvb-isrek-uqe"], created_at_time: 1800000000000000007, ledger: "um5iw-rqaaa-aaaaq-qaaba-cai", name: "root-0-pool-4", requested_initial_cycles: 8000000000000, subnet: "753q6-ah42a-rm7md-yb6nn-3egqb-e2tyy-zdjgf-ind25-haovq-fe74w-pqe" }, SetControllers { controller_canisters: ["root-0"], controllers: [], name: "root-0-pool-4", principal: "created:root-0-pool-4" }], disposition: Create, name: "root-0-pool-4", observed_cycles: 0, principal: None }, CanisterPlan { actions: [Create { controller_canisters: ["root-0"], controllers: ["am2xt-6vlga-o3a6v-2rt5d-s5jvt-wmls2-l5s32-iuab4-3cnvb-isrek-uqe"], created_at_time: 1800000000000000008, ledger: "um5iw-rqaaa-aaaaq-qaaba-cai", name: "root-0-pool-5", requested_initial_cycles: 8000000000000, subnet: "753q6-ah42a-rm7md-yb6nn-3egqb-e2tyy-zdjgf-ind25-haovq-fe74w-pqe" }, SetControllers { controller_canisters: ["root-0"], controllers: [], name: "root-0-pool-5", principal: "created:root-0-pool-5" }], disposition: Create, name: "root-0-pool-5", observed_cycles: 0, principal: None }], conservation: CycleConservation { estate_funding_domains: [EstateFundingDomainPlan { allocated_workloads: 0, available_cycles: None, available_pool_slots: 6, creation_amount_cycles: 6000000000000, cycles_ledger: "um5iw-rqaaa-aaaaq-qaaba-cai", creation_execution_margin_cycles: 1000000000000, readiness_floor_cycles: 5000000000000, eligible_ready_pool_assets: 0, initial_pool_assets: ["created:root-0-pool-0", "created:root-0-pool-1", "created:root-0-pool-2", "created:root-0-pool-3", "created:root-0-pool-4", "created:root-0-pool-5"], ledger_fee_cycles: 0, management_creation_fee_cycles: 0, maximum_creation_debit_cycles: 0, maximum_creation_fee_cycles: 0, maximum_funding_cycles: 0, occupied_pool_assets: 0, pending_creation_count: 0, pending_creation: None, pool_maximum_size: 6, planned_initial_workloads: 5, required_creation_count: 0, root: "root-0", root_principal: None, shortfall_cycles: 0 }], expected_post_operation_cycles: 345000000000000, maximum_execution_burn_cycles: 363000000000000, maximum_new_funding_cycles: 708000000000000, maximum_operator_debit_cycles: 708000000000000, maximum_unavoidable_fee_cycles: 0, observed_controlled_cycles: 0, retained_in_reused_canisters_cycles: 0, scheduled_transfer_cycles: 0 }, desired_sha256: "a8355c79abbb5d16271a1a260ec649134fd63895b591a5ee68c82545116a589f", environment: "local", fleet: "canic-121-literal-zero-estate", operation_id: "59709c2a501d3e193801462bb4781f28ed05627eae11adb1660cd7891ee22979", plan_sha256: "de5bd76c3e2ade9375e95a089eb04a7adfea4cefc44e5a6d2c88294445cd6c4c", planned_at_time: 1800000000000000000, protocol_actions: [], root_start_authority: None, root_reinstall_bindings: [], reviewed_desired: Some(ReviewedDesiredFleetRecord { desired: DesiredFleet { bootstrap: Some(DesiredFleetBootstrap { admission: FleetAdmissionPolicyTemplate { schema_version: 1, fleet_principals: [Principal { len: 29, bytes: [171, 48, 29, 176, 122, 186, 140, 250, 57, 117, 53, 157, 152, 185, 105, 125, 150, 244, 138, 0, 60, 216, 155, 80, 162, 81, 34, 169, 2] }], rules: [], template_digest: [91, 4, 112, 163, 105, 4, 32, 52, 2, 107, 61, 153, 146, 227, 5, 144, 151, 39, 252, 192, 244, 71, 189, 248, 78, 217, 175, 58, 28, 194, 57, 25] }, app: AppId("test"), canonical_network_id: CanonicalNetworkId([210, 203, 149, 91, 228, 139, 83, 234, 7, 125, 47, 141, 23, 71, 102, 130, 174, 20, 51, 25, 85, 123, 47, 10, 155, 139, 239, 49, 198, 107, 155, 1]), component_deployment_configuration: ComponentDeploymentConfiguration { component_topology: ComponentTopology { component_specs: [ComponentSpec { component_spec: ComponentSpecId("catalogue"), spec_hash: [10, 197, 247, 186, 127, 107, 87, 69, 211, 217, 224, 151, 139, 252, 192, 47, 26, 87, 151, 225, 154, 143, 245, 81, 120, 133, 31, 74, 111, 94, 139, 253], component_role: CanisterRole("app"), maximum_fleet_instances: 1, limits: ComponentLimits { maximum_descendants: 20000, maximum_registry_bytes: 16777216, cycles_funding: CyclesFundingBudget { window_secs: 3600, maximum_cycles: Cycles(1000000000000000) } }, children: [], spawn_grants: [] }, ComponentSpec { component_spec: ComponentSpecId("scaling"), spec_hash: [164, 216, 254, 8, 19, 86, 176, 104, 23, 143, 77, 91, 111, 207, 183, 208, 91, 83, 151, 122, 193, 3, 238, 173, 246, 78, 211, 188, 41, 143, 149, 41], component_role: CanisterRole("scale_hub"), maximum_fleet_instances: 1, limits: ComponentLimits { maximum_descendants: 20000, maximum_registry_bytes: 16777216, cycles_funding: CyclesFundingBudget { window_secs: 3600, maximum_cycles: Cycles(1000000000000000) } }, children: [ComponentChildSpec { role: CanisterRole("scale_replica"), kind: Replica, cycles_funding: ComponentChildFundingPolicy { max_per_request: Cycles(5000000000000), max_per_child: Cycles(100000000000000), cooldown_secs: 60 } }], spawn_grants: [ComponentSpawnGrant { parent_role: CanisterRole("scale_hub"), child_role: CanisterRole("scale_replica"), initial_instances_per_parent: 1, maximum_instances_per_parent: 1 }] }, ComponentSpec { component_spec: ComponentSpecId("users"), spec_hash: [239, 251, 180, 141, 176, 97, 47, 130, 5, 161, 133, 124, 226, 149, 229, 141, 41, 187, 64, 157, 240, 99, 143, 81, 155, 52, 166, 97, 250, 203, 39, 102], component_role: CanisterRole("user_hub"), maximum_fleet_instances: 1, limits: ComponentLimits { maximum_descendants: 20000, maximum_registry_bytes: 16777216, cycles_funding: CyclesFundingBudget { window_secs: 3600, maximum_cycles: Cycles(1000000000000000) } }, children: [ComponentChildSpec { role: CanisterRole("user_shard"), kind: Shard, cycles_funding: ComponentChildFundingPolicy { max_per_request: Cycles(5000000000000), max_per_child: Cycles(100000000000000), cooldown_secs: 60 } }], spawn_grants: [ComponentSpawnGrant { parent_role: CanisterRole("user_hub"), child_role: CanisterRole("user_shard"), initial_instances_per_parent: 1, maximum_instances_per_parent: 1 }] }], provisioning_grants: [] }, component_group_topology: ComponentGroupTopology { component_groups: [ComponentGroupSpec { component_group: ComponentGroupSpecId("qualification"), members: [Component { member: ComponentGroupMemberId("catalogue"), component_spec: ComponentSpecId("catalogue"), kind: Ordinary, service_purpose: None, labels: [] }, Component { member: ComponentGroupMemberId("scaling"), component_spec: ComponentSpecId("scaling"), kind: Ordinary, service_purpose: None, labels: [] }, Component { member: ComponentGroupMemberId("users"), component_spec: ComponentSpecId("users"), kind: Ordinary, service_purpose: None, labels: [] }] }] }, deployment_topology: ComponentGroupDeploymentTopology { component_group_deployments: [ComponentGroupDeploymentSpec { deployment: ComponentGroupDeploymentId("qualification"), component_group: ComponentGroupSpecId("qualification"), service_purpose: None, labels: [], member_limits: [], initial_placements: 1, maximum_placements: 1, placement: ComponentGroupPlacementPolicy { maximum_per_root: 1, minimum_distinct_roots: 1 }, members: [FlattenedComponentGroupDeploymentMember { member_path: ComponentGroupMemberPath([ComponentGroupMemberId("catalogue")]), component_spec: ComponentSpecId("catalogue"), component_spec_hash: [10, 197, 247, 186, 127, 107, 87, 69, 211, 217, 224, 151, 139, 252, 192, 47, 26, 87, 151, 225, 154, 143, 245, 81, 120, 133, 31, 74, 111, 94, 139, 253], purpose: Ordinary, labels: [], limits: ComponentDeploymentLimits { maximum_descendants: 20000, maximum_registry_bytes: 16777216, spawn_grant_reductions: [] } }, FlattenedComponentGroupDeploymentMember { member_path: ComponentGroupMemberPath([ComponentGroupMemberId("scaling")]), component_spec: ComponentSpecId("scaling"), component_spec_hash: [164, 216, 254, 8, 19, 86, 176, 104, 23, 143, 77, 91, 111, 207, 183, 208, 91, 83, 151, 122, 193, 3, 238, 173, 246, 78, 211, 188, 41, 143, 149, 41], purpose: Ordinary, labels: [], limits: ComponentDeploymentLimits { maximum_descendants: 20000, maximum_registry_bytes: 16777216, spawn_grant_reductions: [] } }, FlattenedComponentGroupDeploymentMember { member_path: ComponentGroupMemberPath([ComponentGroupMemberId("users")]), component_spec: ComponentSpecId("users"), component_spec_hash: [239, 251, 180, 141, 176, 97, 47, 130, 5, 161, 133, 124, 226, 149, 229, 141, 41, 187, 64, 157, 240, 99, 143, 81, 155, 52, 166, 97, 250, 203, 39, 102], purpose: Ordinary, labels: [], limits: ComponentDeploymentLimits { maximum_descendants: 20000, maximum_registry_bytes: 16777216, spawn_grant_reductions: [] } }] }] }, fleet_service_topology: FleetServiceTopology { targets: [] } }, coordinator: "coordinator", coordinator_subnet: SubnetId(Principal { len: 29, bytes: [252, 208, 34, 207, 176, 120, 15, 154, 221, 144, 208, 9, 53, 60, 99, 35, 73, 138, 134, 143, 93, 56, 29, 88, 20, 159, 229, 159, 2] }), fleet_id: FleetId([141, 165, 250, 34, 131, 94, 83, 238, 89, 81, 238, 166, 9, 117, 226, 238, 40, 135, 166, 254, 127, 43, 153, 171, 7, 15, 70, 49, 116, 175, 96, 226]), fresh_estate: true, release_build_id: ReleaseBuildId([164, 193, 40, 114, 132, 18, 241, 24, 55, 183, 156, 232, 86, 46, 49, 21, 69, 29, 179, 135, 225, 115, 97, 183, 155, 79, 21, 208, 44, 187, 54, 174]), root_funding: Some(FleetCoordinatorRootFundingPolicy { funding_profile: PreviewMultiSubnet, minimum_reserve_cycles: Cycles(210000000000000), budget: CyclesFundingBudget { window_secs: 7776000, maximum_cycles: Cycles(30000000000000) }, maximum_automatic_grants: 2, maximum_automatic_cycles: Cycles(60000000000000) }), roots: [DesiredFleetBootstrapRoot { canister_pool_imports: ["root-0-pool-0", "root-0-pool-1", "root-0-pool-2", "root-0-pool-3", "root-0-pool-4", "root-0-pool-5"], component_admissions: [ComponentSpecAdmission { component_spec: ComponentSpecId("catalogue"), spec_hash: [10, 197, 247, 186, 127, 107, 87, 69, 211, 217, 224, 151, 139, 252, 192, 47, 26, 87, 151, 225, 154, 143, 245, 81, 120, 133, 31, 74, 111, 94, 139, 253], maximum_root_instances: 1 }, ComponentSpecAdmission { component_spec: ComponentSpecId("scaling"), spec_hash: [164, 216, 254, 8, 19, 86, 176, 104, 23, 143, 77, 91, 111, 207, 183, 208, 91, 83, 151, 122, 193, 3, 238, 173, 246, 78, 211, 188, 41, 143, 149, 41], maximum_root_instances: 1 }, ComponentSpecAdmission { component_spec: ComponentSpecId("users"), spec_hash: [239, 251, 180, 141, 176, 97, 47, 130, 5, 161, 133, 124, 226, 149, 229, 141, 41, 187, 64, 157, 240, 99, 143, 81, 155, 52, 166, 97, 250, 203, 39, 102], maximum_root_instances: 1 }], component_topology_digest: ComponentTopologyDigest([161, 156, 95, 83, 216, 58, 22, 180, 120, 36, 214, 107, 133, 138, 35, 222, 196, 174, 118, 136, 65, 41, 19, 111, 156, 89, 60, 195, 232, 224, 184, 221]), funding: FleetSubnetRootFundingAuthority { root_funding: FleetSubnetRootFundingPolicy { funding_profile: PreviewMultiSubnet, request_threshold: Cycles(10000000000000), target_balance: Cycles(30000000000000), cooldown_secs: 2592000, budget: CyclesFundingBudget { window_secs: 7776000, maximum_cycles: Cycles(30000000000000) }, maximum_automatic_grants: 2, maximum_automatic_cycles: Cycles(60000000000000) }, icp_refill: None }, limits: FleetSubnetRootLimits { maximum_component_instances: 5, maximum_registry_bytes: 16777216, maximum_wasm_store_bytes: 40000000, canister_pool: FleetSubnetCanisterPoolConfig { minimum_size: 1, maximum_size: 6, canister_cycles: Cycles(5000000000000), creation_execution_margin: Cycles(1000000000000) }, cycles_funding: CyclesFundingBudget { window_secs: 3600, maximum_cycles: Cycles(100000000000000) }, maximum_group_placements: 1 }, placement_subnet: SubnetId(Principal { len: 29, bytes: [252, 208, 34, 207, 176, 120, 15, 154, 221, 144, 208, 9, 53, 60, 99, 35, 73, 138, 134, 143, 93, 56, 29, 88, 20, 159, 229, 159, 2] }), root: "root-0", store: "store-0" }] }), canisters: [DesiredCanister { canic_init: Some(Coordinator), controller_canisters: [], controllers: ["am2xt-6vlga-o3a6v-2rt5d-s5jvt-wmls2-l5s32-iuab4-3cnvb-isrek-uqe"], drain: None, initial_cycles: "500T", init_arg: None, init_candid: None, kind: Coordinator, minimum_cycles: "210T", name: "coordinator", parent: None, presence: Present, principal: None, protocol_binding: None, replace: false, subnet: "753q6-ah42a-rm7md-yb6nn-3egqb-e2tyy-zdjgf-ind25-haovq-fe74w-pqe", wasm: Some(".canic/release-builds/a4c128728412f11837b79ce8562e3115451db387e17361b79b4f15d02cbb36ae/artifacts/fleet_coordinator/fleet_coordinator.wasm") }, DesiredCanister { canic_init: Some(Root { root: "root-0" }), controller_canisters: [], controllers: ["am2xt-6vlga-o3a6v-2rt5d-s5jvt-wmls2-l5s32-iuab4-3cnvb-isrek-uqe"], drain: None, initial_cycles: "80T", init_arg: None, init_candid: None, kind: Root, minimum_cycles: "10T", name: "root-0", parent: Some("coordinator"), presence: Present, principal: None, protocol_binding: None, replace: false, subnet: "753q6-ah42a-rm7md-yb6nn-3egqb-e2tyy-zdjgf-ind25-haovq-fe74w-pqe", wasm: Some(".canic/release-builds/a4c128728412f11837b79ce8562e3115451db387e17361b79b4f15d02cbb36ae/artifacts/root/root.wasm") }, DesiredCanister { canic_init: Some(Store { root: "root-0" }), controller_canisters: ["root-0"], controllers: ["am2xt-6vlga-o3a6v-2rt5d-s5jvt-wmls2-l5s32-iuab4-3cnvb-isrek-uqe"], drain: None, initial_cycles: "80T", init_arg: None, init_candid: None, kind: Store, minimum_cycles: "0B", name: "store-0", parent: Some("root-0"), presence: Present, principal: None, protocol_binding: None, replace: false, subnet: "753q6-ah42a-rm7md-yb6nn-3egqb-e2tyy-zdjgf-ind25-haovq-fe74w-pqe", wasm: Some(".canic/release-builds/a4c128728412f11837b79ce8562e3115451db387e17361b79b4f15d02cbb36ae/artifacts/wasm_store/wasm_store.wasm") }, DesiredCanister { canic_init: None, controller_canisters: ["root-0"], controllers: [], drain: None, initial_cycles: "8T", init_arg: None, init_candid: None, kind: Pool, minimum_cycles: "5T", name: "root-0-pool-0", parent: Some("root-0"), presence: Present, principal: None, protocol_binding: None, replace: false, subnet: "753q6-ah42a-rm7md-yb6nn-3egqb-e2tyy-zdjgf-ind25-haovq-fe74w-pqe", wasm: None }, DesiredCanister { canic_init: None, controller_canisters: ["root-0"], controllers: [], drain: None, initial_cycles: "8T", init_arg: None, init_candid: None, kind: Pool, minimum_cycles: "5T", name: "root-0-pool-1", parent: Some("root-0"), presence: Present, principal: None, protocol_binding: None, replace: false, subnet: "753q6-ah42a-rm7md-yb6nn-3egqb-e2tyy-zdjgf-ind25-haovq-fe74w-pqe", wasm: None }, DesiredCanister { canic_init: None, controller_canisters: ["root-0"], controllers: [], drain: None, initial_cycles: "8T", init_arg: None, init_candid: None, kind: Pool, minimum_cycles: "5T", name: "root-0-pool-2", parent: Some("root-0"), presence: Present, principal: None, protocol_binding: None, replace: false, subnet: "753q6-ah42a-rm7md-yb6nn-3egqb-e2tyy-zdjgf-ind25-haovq-fe74w-pqe", wasm: None }, DesiredCanister { canic_init: None, controller_canisters: ["root-0"], controllers: [], drain: None, initial_cycles: "8T", init_arg: None, init_candid: None, kind: Pool, minimum_cycles: "5T", name: "root-0-pool-3", parent: Some("root-0"), presence: Present, principal: None, protocol_binding: None, replace: false, subnet: "753q6-ah42a-rm7md-yb6nn-3egqb-e2tyy-zdjgf-ind25-haovq-fe74w-pqe", wasm: None }, DesiredCanister { canic_init: None, controller_canisters: ["root-0"], controllers: [], drain: None, initial_cycles: "8T", init_arg: None, init_candid: None, kind: Pool, minimum_cycles: "5T", name: "root-0-pool-4", parent: Some("root-0"), presence: Present, principal: None, protocol_binding: None, replace: false, subnet: "753q6-ah42a-rm7md-yb6nn-3egqb-e2tyy-zdjgf-ind25-haovq-fe74w-pqe", wasm: None }, DesiredCanister { canic_init: None, controller_canisters: ["root-0"], controllers: [], drain: None, initial_cycles: "8T", init_arg: None, init_candid: None, kind: Pool, minimum_cycles: "5T", name: "root-0-pool-5", parent: Some("root-0"), presence: Present, principal: None, protocol_binding: None, replace: false, subnet: "753q6-ah42a-rm7md-yb6nn-3egqb-e2tyy-zdjgf-ind25-haovq-fe74w-pqe", wasm: None }], cycles_ledger: "um5iw-rqaaa-aaaaq-qaaba-cai", environment: "local", fleet: "canic-121-literal-zero-estate", ledger_fee_cycles: "0B", management_creation_fee_cycles: "0B", material_cycle_threshold: "0.001B", maximum_observation_burn_cycles: "1T", maximum_stalled_observations: 8, maximum_update_burn_cycles: "1T", operator: "am2xt-6vlga-o3a6v-2rt5d-s5jvt-wmls2-l5s32-iuab4-3cnvb-isrek-uqe", protocol: Some(DesiredFleetProtocol { app_config: "app-source/apps/test/test-configs/generated-mixed-topology.toml", component_group_placements: [DesiredComponentGroupPlacement { deployment: "qualification", ordinal: 0, root: "root-0" }], coordinator_candid: ".canic/release-builds/a4c128728412f11837b79ce8562e3115451db387e17361b79b4f15d02cbb36ae/artifacts/fleet_coordinator/fleet_coordinator.did", root_candid: ".canic/release-builds/a4c128728412f11837b79ce8562e3115451db387e17361b79b4f15d02cbb36ae/artifacts/root/root.did", store_candid: ".canic/release-builds/a4c128728412f11837b79ce8562e3115451db387e17361b79b4f15d02cbb36ae/artifacts/wasm_store/wasm_store.did" }), protocol_steps: [], schema_version: 1, treasury: "coordinator" } }), schema_version: 1, scope: Full, terminal_inventory_operation_id: None }, terminal: true })
note: run with `RUST_BACKTRACE=1` environment variable to display a backtrace
[CANIC-TIMING] {"schema_version":1,"process_id":6807,"span_id":16,"parent_id":1,"name":"initial_recovery_and_convergence","state":"failed","elapsed_us":163449700}
[CANIC-TIMING] {"schema_version":1,"process_id":6807,"span_id":1,"parent_id":null,"name":"production_adapter_journey","state":"failed","elapsed_us":547473224}
FAILED

failures:

failures:
    pic::fleet_registry::baseline::tests::generated_mixed_topology_and_ready_reserve_recover_one_reviewed_operation

test result: FAILED. 0 passed; 1 failed; 0 ignored; 0 measured; 68 filtered out; finished in 547.47s

error: test failed, to rerun pass `-p canic-testing-internal --lib`
error: 1 target failed:
    `-p canic-testing-internal --lib`
==> shared PocketIC resources after targeted canic-testing-internal PocketIC proof: rss=522008 kB high_water=547040 kB threads=22
==> targeted canic-testing-internal PocketIC proof failed in 548s (exit 101)
==> shared PocketIC server stderr (last 40 lines)
2026-09-12 17:19:52.715544264 UTC: [Canister oqsol-bt777-77776-aaaea-cai] [34mINFO [0m|scale_replic| [Init] bootstrap (nonroot): init start
2026-09-12 17:19:52.715544264 UTC: [Canister oqsol-bt777-77776-aaaea-cai] [34mINFO [0m|scale_replic| [Init] bootstrap (nonroot): init complete
2026-09-12 17:19:52.715544264 UTC: [Canister oqsol-bt777-77776-aaaea-cai] [34mINFO [0m|scale_replic| [Init] canister marked READY
2026-09-12 17:19:52.715544264 UTC: [Canister pbyqu-z3777-77776-aaabq-cai] [34mINFO [0m| user_shard | [Init] bootstrap (nonroot): init start
2026-09-12 17:19:52.715544264 UTC: [Canister pbyqu-z3777-77776-aaabq-cai] [34mINFO [0m| user_shard | [Auth] delegated-token issuer canister-signature support ready issuer=pbyqu-z3777-77776-aaabq-cai
2026-09-12 17:19:52.715544264 UTC: [Canister pbyqu-z3777-77776-aaabq-cai] [34mINFO [0m| user_shard | [Init] bootstrap (nonroot): init complete
2026-09-12 17:19:52.715544264 UTC: [Canister pbyqu-z3777-77776-aaabq-cai] [34mINFO [0m| user_shard | [Init] canister marked READY
2026-09-12 17:19:53.531391932 UTC: [Canister pp254-cl777-77776-aaaaq-cai] [31mERROR[0m|    root    | [Fleet] Root Component activation failed stage=ComponentRuntime component_index=1 canister=p25mr-dd777-77776-aaada-cai operation_id=[246, 111, 177, 37, 157, 206, 42, 31, 209, 48, 162, 213, 165, 178, 215, 155, 75, 3, 84, 122, 247, 151, 212, 150, 71, 176, 153, 131, 133, 84, 42, 236] diagnostic=E137
2026-09-12 17:19:53.531391932 UTC: [Canister pp254-cl777-77776-aaaaq-cai] [33mWARN [0m|    root    | [Fleet] Root Component provisioning retry: operation_id=[89, 112, 156, 42, 80, 29, 62, 25, 56, 1, 70, 43, 180, 120, 31, 40, 237, 5, 98, 126, 174, 17, 173, 177, 102, 12, 215, 137, 30, 226, 41, 121] phase=Published activated_components=1/3 diagnostic=E137
2026-09-12 17:19:55.571662925 UTC: [Canister p25mr-dd777-77776-aaada-cai] [34mINFO [0m| scale_hub  | [Init] bootstrap (nonroot): init start
2026-09-12 17:19:55.571662925 UTC: [Canister p54kf-o3777-77776-aaadq-cai] [34mINFO [0m|  user_hub  | [Init] bootstrap (nonroot): init start
2026-09-12 17:19:55.571662925 UTC: [Canister pp254-cl777-77776-aaaaq-cai] [34mINFO [0m|    root    | [Rpc] capability authorized (capability=AllocatePlacementChild, caller=p25mr-dd777-77776-aaada-cai, subnet=pp254-cl777-77776-aaaaq-cai, now=1789233595)
2026-09-12 17:19:55.571662925 UTC: [Canister pp254-cl777-77776-aaaaq-cai] [34mINFO [0m|    root    | [Rpc] root provision replay effect marked effect=provision_canister command_kind=root.allocate_placement_child caller=p25mr-dd777-77776-aaada-cai role=scale_replica parent=p25mr-dd777-77776-aaada-cai
2026-09-12 17:19:55.571662925 UTC: [Canister pp254-cl777-77776-aaaaq-cai] [34mINFO [0m|    root    | [Rpc] capability authorized (capability=AllocatePlacementChild, caller=p54kf-o3777-77776-aaadq-cai, subnet=pp254-cl777-77776-aaaaq-cai, now=1789233595)
2026-09-12 17:19:55.571662925 UTC: [Canister pp254-cl777-77776-aaaaq-cai] [34mINFO [0m|    root    | [Rpc] root provision replay effect marked effect=provision_canister command_kind=root.allocate_placement_child caller=p54kf-o3777-77776-aaadq-cai role=user_shard parent=p54kf-o3777-77776-aaadq-cai
20226-00296--1029 -1172: 1197::5159.:5716629255 5UTC.: [Canister 571662925 UTC: [Canister p25mr-dd777-p54kf77776--o3777aaada--77776cai-] aaadq[32m OK  [0m| scale_hub  | [Init] scale.bootstrap: oqsol-bt777-77776-aaaea-cai pool=scales worker=1/1-
cai] [32m OK  [0m|  user_hub  | [Sharding] ✨ shard.create: pbyqu-z3777-77776-aaabq-cai pool=user_shards slot=0
22002266--0099--1122  1177::1199::5555..571662925571662925  UTCUTC: [Canister : [Canister p54kfp25mr--o3777dd777--7777677776--aaadqaaada--caicai] ] [32m OK  [0m|  user_hub  | [Sharding] ✨ shard.bootstrap: pbyqu-z3777-77776-aaabq-cai pool=user_shards slot=0[34mINFO [0m| scale_hub  | [Init] bootstrap (nonroot): init complete

2026-09-12 17:19:55.571662925 UTC: [Canister p25mr-dd777-77776-aaada-cai] [34mINFO [0m| scale_hub  | [Init] canister marked READY
2026-09-12 17:19:55.571662925 UTC: [Canister p54kf-o3777-77776-aaadq-cai] [34mINFO [0m|  user_hub  | [Init] bootstrap (nonroot): init complete
2026-09-12 17:19:55.571662925 UTC: [Canister p54kf-o3777-77776-aaadq-cai] [34mINFO [0m|  user_hub  | [Init] canister marked READY
2026-09-12 17:19:55.750589593 UTC: [Canister p54kf-o3777-77776-aaadq-cai] [33mWARN [0m|  user_hub  | [Rpc] placement receipt acknowledgement will retry operation_id=d02fae2dc3bd755993ca4b4b314912c0035dfc78b3c4cd5be2ed099212cd6aae: E61
2026-09-12 17:19:55.750589593 UTC: [Canister p25mr-dd777-77776-aaada-cai] [33mWARN [0m| scale_hub  | [Rpc] placement receipt acknowledgement will retry operation_id=4de674d588aa646d197a4e37b547364a8fd2b48c5bfedd386971047df2ef61f6: E61
2026-09-12 17:19:55.875111089 UTC: [Canister pp254-cl777-77776-aaaaq-cai] [31mERROR[0m|    root    | [Fleet] Root Component activation failed stage=ComponentRuntime component_index=1 canister=p25mr-dd777-77776-aaada-cai operation_id=[246, 111, 177, 37, 157, 206, 42, 31, 209, 48, 162, 213, 165, 178, 215, 155, 75, 3, 84, 122, 247, 151, 212, 150, 71, 176, 153, 131, 133, 84, 42, 236] diagnostic=E137
2026-09-12 17:19:55.875111089 UTC: [Canister pp254-cl777-77776-aaaaq-cai] [33mWARN [0m|    root    | [Fleet] Root Component provisioning retry: operation_id=[89, 112, 156, 42, 80, 29, 62, 25, 56, 1, 70, 43, 180, 120, 31, 40, 237, 5, 98, 126, 174, 17, 173, 177, 102, 12, 215, 137, 30, 226, 41, 121] phase=Published activated_components=1/3 diagnostic=E137
2026-09-12 17:20:00.772623563 UTC: [Canister pp254-cl777-77776-aaaaq-cai] [31mERROR[0m|    root    | [Fleet] Root Component activation failed stage=ComponentRuntime component_index=2 canister=p54kf-o3777-77776-aaadq-cai operation_id=[7, 176, 153, 84, 67, 1, 95, 232, 92, 143, 98, 73, 85, 148, 232, 66, 132, 144, 126, 208, 12, 115, 171, 79, 195, 51, 164, 92, 205, 156, 149, 78] diagnostic=E137
2026-09-12 17:20:00.772623563 UTC: [Canister pp254-cl777-77776-aaaaq-cai] [33mWARN [0m|    root    | [Fleet] Root Component provisioning retry: operation_id=[89, 112, 156, 42, 80, 29, 62, 25, 56, 1, 70, 43, 180, 120, 31, 40, 237, 5, 98, 126, 174, 17, 173, 177, 102, 12, 215, 137, 30, 226, 41, 121] phase=Published activated_components=2/3 diagnostic=E137
2026-09-12 17:20:02.293341153 UTC: [Canister pp254-cl777-77776-aaaaq-cai] [34mINFO [0m|    root    | [Init] bootstrap (root:init) start
2026-09-12 17:20:02.293341153 UTC: [Canister pp254-cl777-77776-aaaaq-cai] [34mINFO [0m|    root    | [Topology] root subnet identity initialized from lifecycle env: pp254-cl777-77776-aaaaq-cai
2026-09-12 17:20:02.293341153 UTC: [Canister pp254-cl777-77776-aaaaq-cai] [34mINFO [0m|    root    | [Init] bootstrap (root:init) prepared managed inventory for Fleet activation
2026-09-12 17:20:02.293341153 UTC: [Canister pp254-cl777-77776-aaaaq-cai] [34mINFO [0m|    root    | [Sync] sync.state: root cascade start snapshot=[fs]
2026-09-12 17:20:02.293341153 UTC: [Canister pgzwa-ud777-77776-aaaba-cai] [34mINFO [0m| wasm_store | [Sync] sync.state: non-root cascade start snapshot=[fs]
2026-09-12 17:20:03.236749514 UTC: [Canister pp254-cl777-77776-aaaaq-cai] [34mINFO [0m|    root    | [Init] bootstrap (root:init) start
2026-09-12 17:20:03.236749514 UTC: [Canister pp254-cl777-77776-aaaaq-cai] [34mINFO [0m|    root    | [Topology] root subnet identity initialized from lifecycle env: pp254-cl777-77776-aaaaq-cai
2026-09-12 17:20:03.236749514 UTC: [Canister pp254-cl777-77776-aaaaq-cai] [34mINFO [0m|    root    | [Init] bootstrap (root:init) complete
2026-09-12 17:20:03.236749514 UTC: [Canister pp254-cl777-77776-aaaaq-cai] [34mINFO [0m|    root    | [Init] canister marked READY
2026-09-12 17:20:03.398278879 UTC: [Canister pgzwa-ud777-77776-aaaba-cai] [34mINFO [0m| wasm_store | [Init] bootstrap (nonroot): init start
2026-09-12 17:20:03.398278879 UTC: [Canister pgzwa-ud777-77776-aaaba-cai] [34mINFO [0m| wasm_store | [Init] bootstrap (nonroot): init complete
2026-09-12 17:20:03.398278879 UTC: [Canister pgzwa-ud777-77776-aaaba-cai] [34mINFO [0m| wasm_store | [Init] canister marked READY
==> shared PocketIC server stdout (last 40 lines)
2026-09-12T17:11:09.176369Z  INFO pocket_ic_server: The PocketIC server is listening on port 33679

==> workspace timing summary
kind             elapsed  result label
----             -------  ------ -----
pocketic-serial  548s     FAIL   targeted canic-testing-internal PocketIC proof
workspace runner wall time: 549s
WORKSPACE TESTS FAILED: targeted canic-testing-internal PocketIC proof
==> leaving Cargo build artifacts intact
==> clearing invocation-owned test scratch: test-runtime.NQpybd
make: *** [Makefile:426: test-pocketic-case] Error 1


== 2026-09-12 generated fixture apply: pass; generated-wire-source.sha256 ==
ICP_ENVIRONMENT=local RUSTC_WRAPPER= CARGO_NET_OFFLINE=true make test-pocketic-case CASE=pic::fleet_registry::baseline::tests::generated_mixed_topology_and_ready_reserve_recover_one_reviewed_operation
ICP_ENVIRONMENT=local bash scripts/ci/run-with-test-scratch.sh \
	bash scripts/ci/run-workspace-tests.sh targeted-pocketic "$CANIC_POCKETIC_CASE"
workspace test inventory guard passed (39 targets: 30 parallel, 9 serial PocketIC)
PocketIC version alignment passed (16.0.0)
==> using pinned PocketIC server binary: /home/adam/.cache/canic/pocket-ic-server-16.0.0/pocket-ic
==> prefetching locked dependency graph for offline metadata checks
==> native ICP CLI: /home/adam/.cargo/bin/icp (icp 1.4.0)
==> shared PocketIC server ready: http://127.0.0.1:38209/
==> targeted canic-testing-internal PocketIC proof
==> verifying exact test identity (listing only)
   Compiling canic-testing-internal v0.110.14 (/home/adam/projects/canic/crates/canic-testing-internal)
    Finished `test` profile [optimized + debuginfo] target(s) in 14.32s
     Running unittests src/lib.rs (target/debug/deps/canic_testing_internal-a53636dabe5b59e7)
    Finished `test` profile [optimized + debuginfo] target(s) in 0.32s
     Running unittests src/lib.rs (target/debug/deps/canic_testing_internal-a53636dabe5b59e7)

running 1 test
test pic::fleet_registry::baseline::tests::generated_mixed_topology_and_ready_reserve_recover_one_reviewed_operation ... [CANIC-TIMING] {"schema_version":1,"process_id":17331,"span_id":1,"parent_id":null,"name":"production_adapter_journey","state":"started","elapsed_us":5}
[CANIC-TIMING] {"schema_version":1,"process_id":17331,"span_id":2,"parent_id":1,"name":"source_and_fixture_recipe","state":"started","elapsed_us":0}
[CANIC-TIMING] {"schema_version":1,"process_id":17331,"span_id":2,"parent_id":1,"name":"source_and_fixture_recipe","state":"completed","elapsed_us":1264}
[CANIC-TIMING] {"schema_version":1,"process_id":17331,"span_id":3,"parent_id":1,"name":"initial_artifacts","state":"started","elapsed_us":0}
[CANIC-TIMING] {"schema_version":1,"process_id":17331,"span_id":4,"parent_id":3,"name":"release_artifact_resolution","state":"started","elapsed_us":0}
[CANIC-TIMING] {"schema_version":1,"process_id":17331,"span_id":5,"parent_id":4,"name":"artifact_recipe","state":"started","elapsed_us":0}
[CANIC-TIMING] {"schema_version":1,"process_id":17331,"span_id":5,"parent_id":4,"name":"artifact_recipe","state":"completed","elapsed_us":6020737}
[CANIC-TIMING] {"schema_version":1,"process_id":17331,"span_id":6,"parent_id":4,"name":"artifact_cache_lookup","state":"started","elapsed_us":0}
[FLEET]      CACHE  literal-zero release artifacts (30)                   1.69s
[CANIC-TIMING] {"schema_version":1,"process_id":17331,"span_id":6,"parent_id":4,"name":"artifact_cache_lookup","state":"completed","elapsed_us":1688069}
[CANIC-TIMING] {"schema_version":1,"process_id":17331,"span_id":7,"parent_id":4,"name":"artifact_load","state":"started","elapsed_us":0}
[CANIC-TIMING] {"schema_version":1,"process_id":17331,"span_id":7,"parent_id":4,"name":"artifact_load","state":"completed","elapsed_us":19802}
[CANIC-TIMING] {"schema_version":1,"process_id":17331,"span_id":4,"parent_id":3,"name":"release_artifact_resolution","state":"completed","elapsed_us":7728675}
[WASM]       RUN    cycles_ledger_stub (1/1)
[WASM]       CACHE  cycles_ledger_stub                                    0.40s
[CANIC-TIMING] {"schema_version":1,"process_id":17331,"span_id":3,"parent_id":1,"name":"initial_artifacts","state":"completed","elapsed_us":8756316}
[CANIC-TIMING] {"schema_version":1,"process_id":17331,"span_id":8,"parent_id":1,"name":"replica_and_transport_setup","state":"started","elapsed_us":0}
[FLEET]      RUN    starting management-agent PocketIC instance
[FLEET]      READY  management-agent PocketIC instance
[CANIC-TIMING] {"schema_version":1,"process_id":17331,"span_id":8,"parent_id":1,"name":"replica_and_transport_setup","state":"completed","elapsed_us":498215}
[CANIC-TIMING] {"schema_version":1,"process_id":17331,"span_id":9,"parent_id":1,"name":"generation_and_initial_review","state":"started","elapsed_us":0}
[FLEET]      RUN    planning literal-zero infrastructure
[CANIC-OBSERVATION] {"schema_version":1,"process_id":17331,"parent_id":9,"observation":{"stage":"root_management","elapsed_millis":49,"remote_call_attempts":0,"succeeded":true}}
[CANIC-OBSERVATION] {"schema_version":1,"process_id":17331,"parent_id":9,"observation":{"stage":"configured_canisters","elapsed_millis":0,"remote_call_attempts":0,"succeeded":true}}
[CANIC-OBSERVATION] {"schema_version":1,"process_id":17331,"parent_id":9,"observation":{"stage":"estate_funding","elapsed_millis":0,"remote_call_attempts":0,"succeeded":true}}
[CANIC-OBSERVATION] {"schema_version":1,"process_id":17331,"parent_id":9,"observation":{"stage":"pool_balances","elapsed_millis":0,"remote_call_attempts":0,"succeeded":true}}
[CANIC-OBSERVATION] {"schema_version":1,"process_id":17331,"parent_id":9,"observation":{"stage":"protocol_readiness","elapsed_millis":0,"remote_call_attempts":0,"succeeded":true}}
[CANIC-OBSERVATION] {"schema_version":1,"process_id":17331,"parent_id":9,"observation":{"stage":"ledger_fee","elapsed_millis":67,"remote_call_attempts":1,"succeeded":true}}
[CANIC-OBSERVATION] {"schema_version":1,"process_id":17331,"parent_id":9,"observation":{"stage":"operator_balance","elapsed_millis":77,"remote_call_attempts":1,"succeeded":true}}
[CANIC-OBSERVATION] {"schema_version":1,"process_id":17331,"parent_id":9,"observation":{"stage":"protocol_actions","elapsed_millis":0,"remote_call_attempts":0,"succeeded":true}}
[CANIC-TIMING] {"schema_version":1,"process_id":17331,"span_id":9,"parent_id":1,"name":"generation_and_initial_review","state":"completed","elapsed_us":5528624}
[CANIC-TIMING] {"schema_version":1,"process_id":17331,"span_id":10,"parent_id":1,"name":"initial_recovery_and_convergence","state":"started","elapsed_us":0}
[CANIC-OBSERVATION] {"schema_version":1,"process_id":17331,"parent_id":10,"observation":{"stage":"configured_canisters","elapsed_millis":0,"remote_call_attempts":0,"succeeded":true}}
[CANIC-OBSERVATION] {"schema_version":1,"process_id":17331,"parent_id":10,"observation":{"stage":"estate_funding","elapsed_millis":0,"remote_call_attempts":0,"succeeded":true}}
[CANIC-OBSERVATION] {"schema_version":1,"process_id":17331,"parent_id":10,"observation":{"stage":"pool_balances","elapsed_millis":0,"remote_call_attempts":0,"succeeded":true}}
[CANIC-OBSERVATION] {"schema_version":1,"process_id":17331,"parent_id":10,"observation":{"stage":"protocol_readiness","elapsed_millis":0,"remote_call_attempts":0,"succeeded":true}}
[CANIC-OBSERVATION] {"schema_version":1,"process_id":17331,"parent_id":10,"observation":{"stage":"ledger_fee","elapsed_millis":87,"remote_call_attempts":1,"succeeded":true}}
[CANIC-OBSERVATION] {"schema_version":1,"process_id":17331,"parent_id":10,"observation":{"stage":"operator_balance","elapsed_millis":72,"remote_call_attempts":1,"succeeded":true}}
[CANIC-OBSERVATION] {"schema_version":1,"process_id":17331,"parent_id":10,"observation":{"stage":"protocol_actions","elapsed_millis":0,"remote_call_attempts":0,"succeeded":true}}
[FLEET-MEASURE] {"progress":{"applied_effects":0,"operation_id":"e66a8445d099a5cc2cf4a03e4a76d51b7c2dc46ef9c485609c28c0f58011ceaf","phase":"infrastructure","plan_sha256":"b2b1032009cc6b01d07ac333e68b105df78eb7c78d6069d3423349ca15672637","reviewed_effects":18,"state":{"kind":"advancing"}},"unix_ms":1789233774819}
[FLEET-MEASURE] {"progress":{"applied_effects":12,"operation_id":"e66a8445d099a5cc2cf4a03e4a76d51b7c2dc46ef9c485609c28c0f58011ceaf","phase":"infrastructure","plan_sha256":"b2b1032009cc6b01d07ac333e68b105df78eb7c78d6069d3423349ca15672637","reviewed_effects":18,"state":{"kind":"advancing"}},"unix_ms":1789233801251}
[FLEET-MEASURE] {"progress":{"applied_effects":18,"operation_id":"e66a8445d099a5cc2cf4a03e4a76d51b7c2dc46ef9c485609c28c0f58011ceaf","phase":"terminal_verification","plan_sha256":"b2b1032009cc6b01d07ac333e68b105df78eb7c78d6069d3423349ca15672637","reviewed_effects":18,"state":{"kind":"advancing"}},"unix_ms":1789233832269}
[CANIC-OBSERVATION] {"schema_version":1,"process_id":17331,"parent_id":10,"observation":{"stage":"configured_canisters","elapsed_millis":1685,"remote_call_attempts":10,"succeeded":true}}
[CANIC-OBSERVATION] {"schema_version":1,"process_id":17331,"parent_id":10,"observation":{"stage":"estate_funding","elapsed_millis":87,"remote_call_attempts":1,"succeeded":true}}
[CANIC-OBSERVATION] {"schema_version":1,"process_id":17331,"parent_id":10,"observation":{"stage":"pool_balances","elapsed_millis":299,"remote_call_attempts":0,"succeeded":true}}
[CANIC-OBSERVATION] {"schema_version":1,"process_id":17331,"parent_id":10,"observation":{"stage":"protocol_readiness","elapsed_millis":0,"remote_call_attempts":0,"succeeded":true}}
[CANIC-OBSERVATION] {"schema_version":1,"process_id":17331,"parent_id":10,"observation":{"stage":"ledger_fee","elapsed_millis":96,"remote_call_attempts":1,"succeeded":true}}
[CANIC-OBSERVATION] {"schema_version":1,"process_id":17331,"parent_id":10,"observation":{"stage":"operator_balance","elapsed_millis":71,"remote_call_attempts":1,"succeeded":true}}
[CANIC-OBSERVATION] {"schema_version":1,"process_id":17331,"parent_id":10,"observation":{"stage":"protocol_actions","elapsed_millis":921,"remote_call_attempts":3,"succeeded":true}}
[FLEET-MEASURE] {"progress":{"applied_effects":18,"operation_id":"e66a8445d099a5cc2cf4a03e4a76d51b7c2dc46ef9c485609c28c0f58011ceaf","phase":"terminal_verification","plan_sha256":"b2b1032009cc6b01d07ac333e68b105df78eb7c78d6069d3423349ca15672637","reviewed_effects":24,"state":{"kind":"prerequisite_complete"}},"unix_ms":1789233835609}
[FLEET-MEASURE] {"progress":{"applied_effects":18,"operation_id":"e66a8445d099a5cc2cf4a03e4a76d51b7c2dc46ef9c485609c28c0f58011ceaf","phase":"import_reconciliation","plan_sha256":"b2b1032009cc6b01d07ac333e68b105df78eb7c78d6069d3423349ca15672637","reviewed_effects":24,"state":{"kind":"advancing"}},"unix_ms":1789233835609}
[CANIC-OBSERVATION] {"schema_version":1,"process_id":17331,"parent_id":10,"observation":{"stage":"configured_canisters","elapsed_millis":1712,"remote_call_attempts":10,"succeeded":true}}
[CANIC-OBSERVATION] {"schema_version":1,"process_id":17331,"parent_id":10,"observation":{"stage":"estate_funding","elapsed_millis":79,"remote_call_attempts":1,"succeeded":true}}
[CANIC-OBSERVATION] {"schema_version":1,"process_id":17331,"parent_id":10,"observation":{"stage":"pool_balances","elapsed_millis":295,"remote_call_attempts":0,"succeeded":true}}
[CANIC-OBSERVATION] {"schema_version":1,"process_id":17331,"parent_id":10,"observation":{"stage":"protocol_readiness","elapsed_millis":0,"remote_call_attempts":0,"succeeded":true}}
[CANIC-OBSERVATION] {"schema_version":1,"process_id":17331,"parent_id":10,"observation":{"stage":"ledger_fee","elapsed_millis":95,"remote_call_attempts":1,"succeeded":true}}
[CANIC-OBSERVATION] {"schema_version":1,"process_id":17331,"parent_id":10,"observation":{"stage":"operator_balance","elapsed_millis":72,"remote_call_attempts":1,"succeeded":true}}
[FLEET]      DONE   literal-zero infrastructure replay complete          1m 05s
[FLEET-MEASURE] {"progress":{"applied_effects":18,"operation_id":"e66a8445d099a5cc2cf4a03e4a76d51b7c2dc46ef9c485609c28c0f58011ceaf","phase":"import_reconciliation","plan_sha256":"b2b1032009cc6b01d07ac333e68b105df78eb7c78d6069d3423349ca15672637","reviewed_effects":24,"state":{"kind":"advancing"}},"unix_ms":1789233839726}
[CANIC-OBSERVATION] {"schema_version":1,"process_id":17331,"parent_id":10,"observation":{"stage":"configured_canisters","elapsed_millis":1673,"remote_call_attempts":9,"succeeded":true}}
[CANIC-OBSERVATION] {"schema_version":1,"process_id":17331,"parent_id":10,"observation":{"stage":"estate_funding","elapsed_millis":89,"remote_call_attempts":1,"succeeded":true}}
[CANIC-OBSERVATION] {"schema_version":1,"process_id":17331,"parent_id":10,"observation":{"stage":"pool_balances","elapsed_millis":251,"remote_call_attempts":0,"succeeded":true}}
[CANIC-OBSERVATION] {"schema_version":1,"process_id":17331,"parent_id":10,"observation":{"stage":"protocol_readiness","elapsed_millis":0,"remote_call_attempts":0,"succeeded":true}}
[CANIC-OBSERVATION] {"schema_version":1,"process_id":17331,"parent_id":10,"observation":{"stage":"ledger_fee","elapsed_millis":66,"remote_call_attempts":1,"succeeded":true}}
[CANIC-OBSERVATION] {"schema_version":1,"process_id":17331,"parent_id":10,"observation":{"stage":"operator_balance","elapsed_millis":72,"remote_call_attempts":1,"succeeded":true}}
[FLEET-MEASURE] {"progress":{"applied_effects":24,"operation_id":"e66a8445d099a5cc2cf4a03e4a76d51b7c2dc46ef9c485609c28c0f58011ceaf","phase":"terminal_verification","plan_sha256":"b2b1032009cc6b01d07ac333e68b105df78eb7c78d6069d3423349ca15672637","reviewed_effects":24,"state":{"kind":"advancing"}},"unix_ms":1789233852970}
[CANIC-OBSERVATION] {"schema_version":1,"process_id":17331,"parent_id":10,"observation":{"stage":"configured_canisters","elapsed_millis":456,"remote_call_attempts":4,"succeeded":true}}
[CANIC-OBSERVATION] {"schema_version":1,"process_id":17331,"parent_id":10,"observation":{"stage":"estate_funding","elapsed_millis":83,"remote_call_attempts":1,"succeeded":true}}
[CANIC-OBSERVATION] {"schema_version":1,"process_id":17331,"parent_id":10,"observation":{"stage":"pool_balances","elapsed_millis":0,"remote_call_attempts":0,"succeeded":true}}
[CANIC-OBSERVATION] {"schema_version":1,"process_id":17331,"parent_id":10,"observation":{"stage":"protocol_readiness","elapsed_millis":0,"remote_call_attempts":0,"succeeded":true}}
[CANIC-OBSERVATION] {"schema_version":1,"process_id":17331,"parent_id":10,"observation":{"stage":"ledger_fee","elapsed_millis":77,"remote_call_attempts":1,"succeeded":true}}
[CANIC-OBSERVATION] {"schema_version":1,"process_id":17331,"parent_id":10,"observation":{"stage":"operator_balance","elapsed_millis":71,"remote_call_attempts":1,"succeeded":true}}
[CANIC-OBSERVATION] {"schema_version":1,"process_id":17331,"parent_id":10,"observation":{"stage":"protocol_actions","elapsed_millis":3500,"remote_call_attempts":34,"succeeded":true}}
[FLEET-MEASURE] {"progress":{"applied_effects":24,"operation_id":"e66a8445d099a5cc2cf4a03e4a76d51b7c2dc46ef9c485609c28c0f58011ceaf","phase":"terminal_verification","plan_sha256":"b2b1032009cc6b01d07ac333e68b105df78eb7c78d6069d3423349ca15672637","reviewed_effects":52,"state":{"kind":"prerequisite_complete"}},"unix_ms":1789233860139}
[FLEET-MEASURE] {"progress":{"applied_effects":24,"operation_id":"e66a8445d099a5cc2cf4a03e4a76d51b7c2dc46ef9c485609c28c0f58011ceaf","phase":"control_plane","plan_sha256":"b2b1032009cc6b01d07ac333e68b105df78eb7c78d6069d3423349ca15672637","reviewed_effects":52,"state":{"kind":"advancing"}},"unix_ms":1789233860140}
[FLEET-MEASURE] {"progress":{"applied_effects":43,"operation_id":"e66a8445d099a5cc2cf4a03e4a76d51b7c2dc46ef9c485609c28c0f58011ceaf","phase":"control_plane","plan_sha256":"b2b1032009cc6b01d07ac333e68b105df78eb7c78d6069d3423349ca15672637","reviewed_effects":52,"state":{"kind":"advancing"}},"unix_ms":1789233890857}
[FLEET-MEASURE] {"progress":{"applied_effects":50,"operation_id":"e66a8445d099a5cc2cf4a03e4a76d51b7c2dc46ef9c485609c28c0f58011ceaf","phase":"workload_provisioning","plan_sha256":"b2b1032009cc6b01d07ac333e68b105df78eb7c78d6069d3423349ca15672637","reviewed_effects":52,"state":{"kind":"advancing"}},"unix_ms":1789233901250}
[FLEET-MEASURE] {"progress":{"applied_effects":50,"operation_id":"e66a8445d099a5cc2cf4a03e4a76d51b7c2dc46ef9c485609c28c0f58011ceaf","phase":"workload_provisioning","plan_sha256":"b2b1032009cc6b01d07ac333e68b105df78eb7c78d6069d3423349ca15672637","reviewed_effects":52,"state":{"kind":"awaiting_progress"}},"unix_ms":1789233902769}
[FLEET-MEASURE] {"progress":{"applied_effects":50,"operation_id":"e66a8445d099a5cc2cf4a03e4a76d51b7c2dc46ef9c485609c28c0f58011ceaf","phase":"workload_provisioning","plan_sha256":"b2b1032009cc6b01d07ac333e68b105df78eb7c78d6069d3423349ca15672637","reviewed_effects":52,"state":{"kind":"awaiting_progress"}},"unix_ms":1789233905074}
[FLEET-MEASURE] {"progress":{"applied_effects":50,"operation_id":"e66a8445d099a5cc2cf4a03e4a76d51b7c2dc46ef9c485609c28c0f58011ceaf","phase":"workload_provisioning","plan_sha256":"b2b1032009cc6b01d07ac333e68b105df78eb7c78d6069d3423349ca15672637","reviewed_effects":52,"state":{"kind":"awaiting_progress"}},"unix_ms":1789233906737}
[FLEET-MEASURE] {"progress":{"applied_effects":50,"operation_id":"e66a8445d099a5cc2cf4a03e4a76d51b7c2dc46ef9c485609c28c0f58011ceaf","phase":"workload_provisioning","plan_sha256":"b2b1032009cc6b01d07ac333e68b105df78eb7c78d6069d3423349ca15672637","reviewed_effects":52,"state":{"kind":"awaiting_progress"}},"unix_ms":1789233907491}
[FLEET-MEASURE] {"progress":{"applied_effects":50,"operation_id":"e66a8445d099a5cc2cf4a03e4a76d51b7c2dc46ef9c485609c28c0f58011ceaf","phase":"workload_provisioning","plan_sha256":"b2b1032009cc6b01d07ac333e68b105df78eb7c78d6069d3423349ca15672637","reviewed_effects":52,"state":{"kind":"awaiting_progress"}},"unix_ms":1789233909239}
[FLEET-MEASURE] {"progress":{"applied_effects":50,"operation_id":"e66a8445d099a5cc2cf4a03e4a76d51b7c2dc46ef9c485609c28c0f58011ceaf","phase":"workload_provisioning","plan_sha256":"b2b1032009cc6b01d07ac333e68b105df78eb7c78d6069d3423349ca15672637","reviewed_effects":52,"state":{"kind":"awaiting_progress"}},"unix_ms":1789233909938}
[FLEET-MEASURE] {"progress":{"applied_effects":50,"operation_id":"e66a8445d099a5cc2cf4a03e4a76d51b7c2dc46ef9c485609c28c0f58011ceaf","phase":"workload_provisioning","plan_sha256":"b2b1032009cc6b01d07ac333e68b105df78eb7c78d6069d3423349ca15672637","reviewed_effects":52,"state":{"kind":"awaiting_progress"}},"unix_ms":1789233910639}
[FLEET-MEASURE] {"progress":{"applied_effects":50,"operation_id":"e66a8445d099a5cc2cf4a03e4a76d51b7c2dc46ef9c485609c28c0f58011ceaf","phase":"workload_provisioning","plan_sha256":"b2b1032009cc6b01d07ac333e68b105df78eb7c78d6069d3423349ca15672637","reviewed_effects":52,"state":{"kind":"awaiting_progress"}},"unix_ms":1789233911326}
[FLEET-MEASURE] {"progress":{"applied_effects":50,"operation_id":"e66a8445d099a5cc2cf4a03e4a76d51b7c2dc46ef9c485609c28c0f58011ceaf","phase":"workload_provisioning","plan_sha256":"b2b1032009cc6b01d07ac333e68b105df78eb7c78d6069d3423349ca15672637","reviewed_effects":52,"state":{"kind":"awaiting_progress"}},"unix_ms":1789233911991}
[FLEET-MEASURE] {"progress":{"applied_effects":50,"operation_id":"e66a8445d099a5cc2cf4a03e4a76d51b7c2dc46ef9c485609c28c0f58011ceaf","phase":"workload_provisioning","plan_sha256":"b2b1032009cc6b01d07ac333e68b105df78eb7c78d6069d3423349ca15672637","reviewed_effects":52,"state":{"kind":"awaiting_progress"}},"unix_ms":1789233912791}
[FLEET-MEASURE] {"progress":{"applied_effects":50,"operation_id":"e66a8445d099a5cc2cf4a03e4a76d51b7c2dc46ef9c485609c28c0f58011ceaf","phase":"workload_provisioning","plan_sha256":"b2b1032009cc6b01d07ac333e68b105df78eb7c78d6069d3423349ca15672637","reviewed_effects":52,"state":{"kind":"awaiting_progress"}},"unix_ms":1789233914354}
[FLEET-MEASURE] {"progress":{"applied_effects":50,"operation_id":"e66a8445d099a5cc2cf4a03e4a76d51b7c2dc46ef9c485609c28c0f58011ceaf","phase":"workload_provisioning","plan_sha256":"b2b1032009cc6b01d07ac333e68b105df78eb7c78d6069d3423349ca15672637","reviewed_effects":52,"state":{"kind":"awaiting_progress"}},"unix_ms":1789233916909}
[FLEET-MEASURE] {"progress":{"applied_effects":50,"operation_id":"e66a8445d099a5cc2cf4a03e4a76d51b7c2dc46ef9c485609c28c0f58011ceaf","phase":"workload_provisioning","plan_sha256":"b2b1032009cc6b01d07ac333e68b105df78eb7c78d6069d3423349ca15672637","reviewed_effects":52,"state":{"kind":"awaiting_progress"}},"unix_ms":1789233917832}
[FLEET-MEASURE] {"progress":{"applied_effects":50,"operation_id":"e66a8445d099a5cc2cf4a03e4a76d51b7c2dc46ef9c485609c28c0f58011ceaf","phase":"workload_provisioning","plan_sha256":"b2b1032009cc6b01d07ac333e68b105df78eb7c78d6069d3423349ca15672637","reviewed_effects":52,"state":{"kind":"awaiting_progress"}},"unix_ms":1789233918802}
[FLEET-MEASURE] {"progress":{"applied_effects":50,"operation_id":"e66a8445d099a5cc2cf4a03e4a76d51b7c2dc46ef9c485609c28c0f58011ceaf","phase":"workload_provisioning","plan_sha256":"b2b1032009cc6b01d07ac333e68b105df78eb7c78d6069d3423349ca15672637","reviewed_effects":52,"state":{"kind":"awaiting_progress"}},"unix_ms":1789233919525}
[FLEET-MEASURE] {"progress":{"applied_effects":50,"operation_id":"e66a8445d099a5cc2cf4a03e4a76d51b7c2dc46ef9c485609c28c0f58011ceaf","phase":"workload_provisioning","plan_sha256":"b2b1032009cc6b01d07ac333e68b105df78eb7c78d6069d3423349ca15672637","reviewed_effects":52,"state":{"kind":"awaiting_progress"}},"unix_ms":1789233920622}
[FLEET-MEASURE] {"progress":{"applied_effects":50,"operation_id":"e66a8445d099a5cc2cf4a03e4a76d51b7c2dc46ef9c485609c28c0f58011ceaf","phase":"workload_provisioning","plan_sha256":"b2b1032009cc6b01d07ac333e68b105df78eb7c78d6069d3423349ca15672637","reviewed_effects":52,"state":{"kind":"awaiting_progress"}},"unix_ms":1789233922090}
[FLEET-MEASURE] {"progress":{"applied_effects":50,"operation_id":"e66a8445d099a5cc2cf4a03e4a76d51b7c2dc46ef9c485609c28c0f58011ceaf","phase":"workload_provisioning","plan_sha256":"b2b1032009cc6b01d07ac333e68b105df78eb7c78d6069d3423349ca15672637","reviewed_effects":52,"state":{"kind":"awaiting_progress"}},"unix_ms":1789233924570}
[FLEET-MEASURE] {"progress":{"applied_effects":51,"operation_id":"e66a8445d099a5cc2cf4a03e4a76d51b7c2dc46ef9c485609c28c0f58011ceaf","phase":"pool_readiness","plan_sha256":"b2b1032009cc6b01d07ac333e68b105df78eb7c78d6069d3423349ca15672637","reviewed_effects":52,"state":{"kind":"advancing"}},"unix_ms":1789233929097}
[FLEET-MEASURE] {"progress":{"applied_effects":52,"operation_id":"e66a8445d099a5cc2cf4a03e4a76d51b7c2dc46ef9c485609c28c0f58011ceaf","phase":"terminal_verification","plan_sha256":"b2b1032009cc6b01d07ac333e68b105df78eb7c78d6069d3423349ca15672637","reviewed_effects":52,"state":{"kind":"advancing"}},"unix_ms":1789233929836}
[CANIC-OBSERVATION] {"schema_version":1,"process_id":17331,"parent_id":10,"observation":{"stage":"configured_canisters","elapsed_millis":379,"remote_call_attempts":4,"succeeded":true}}
[CANIC-OBSERVATION] {"schema_version":1,"process_id":17331,"parent_id":10,"observation":{"stage":"estate_funding","elapsed_millis":88,"remote_call_attempts":1,"succeeded":true}}
[CANIC-OBSERVATION] {"schema_version":1,"process_id":17331,"parent_id":10,"observation":{"stage":"pool_balances","elapsed_millis":0,"remote_call_attempts":0,"succeeded":true}}
[CANIC-OBSERVATION] {"schema_version":1,"process_id":17331,"parent_id":10,"observation":{"stage":"protocol_readiness","elapsed_millis":0,"remote_call_attempts":0,"succeeded":true}}
[CANIC-OBSERVATION] {"schema_version":1,"process_id":17331,"parent_id":10,"observation":{"stage":"ledger_fee","elapsed_millis":68,"remote_call_attempts":1,"succeeded":true}}
[CANIC-OBSERVATION] {"schema_version":1,"process_id":17331,"parent_id":10,"observation":{"stage":"operator_balance","elapsed_millis":75,"remote_call_attempts":1,"succeeded":true}}
[CANIC-OBSERVATION] {"schema_version":1,"process_id":17331,"parent_id":10,"observation":{"stage":"protocol_actions","elapsed_millis":3890,"remote_call_attempts":31,"succeeded":true}}
[CANIC-OBSERVATION] {"schema_version":1,"process_id":17331,"parent_id":10,"observation":{"stage":"terminal_inventory","elapsed_millis":7197,"remote_call_attempts":18,"succeeded":true}}
[CANIC-OBSERVATION] {"schema_version":1,"process_id":17331,"parent_id":10,"observation":{"stage":"configured_canisters","elapsed_millis":462,"remote_call_attempts":4,"succeeded":true}}
[CANIC-OBSERVATION] {"schema_version":1,"process_id":17331,"parent_id":10,"observation":{"stage":"estate_funding","elapsed_millis":82,"remote_call_attempts":1,"succeeded":true}}
[CANIC-OBSERVATION] {"schema_version":1,"process_id":17331,"parent_id":10,"observation":{"stage":"pool_balances","elapsed_millis":0,"remote_call_attempts":0,"succeeded":true}}
[CANIC-OBSERVATION] {"schema_version":1,"process_id":17331,"parent_id":10,"observation":{"stage":"protocol_readiness","elapsed_millis":0,"remote_call_attempts":0,"succeeded":true}}
[CANIC-OBSERVATION] {"schema_version":1,"process_id":17331,"parent_id":10,"observation":{"stage":"ledger_fee","elapsed_millis":87,"remote_call_attempts":1,"succeeded":true}}
[CANIC-OBSERVATION] {"schema_version":1,"process_id":17331,"parent_id":10,"observation":{"stage":"operator_balance","elapsed_millis":79,"remote_call_attempts":1,"succeeded":true}}
[FLEET-MEASURE] {"progress":{"applied_effects":52,"operation_id":"e66a8445d099a5cc2cf4a03e4a76d51b7c2dc46ef9c485609c28c0f58011ceaf","phase":"complete","plan_sha256":"b2b1032009cc6b01d07ac333e68b105df78eb7c78d6069d3423349ca15672637","reviewed_effects":52,"state":{"kind":"complete"}},"unix_ms":1789233942441}
[CANIC-TIMING] {"schema_version":1,"process_id":17331,"span_id":10,"parent_id":1,"name":"initial_recovery_and_convergence","state":"completed","elapsed_us":168427439}
[CANIC-TIMING] {"schema_version":1,"process_id":17331,"span_id":11,"parent_id":1,"name":"initial_terminal_replay","state":"started","elapsed_us":0}
[FLEET]      RUN    proving literal-zero terminal replay
[CANIC-OBSERVATION] {"schema_version":1,"process_id":17331,"parent_id":11,"observation":{"stage":"configured_canisters","elapsed_millis":491,"remote_call_attempts":4,"succeeded":true}}
[CANIC-OBSERVATION] {"schema_version":1,"process_id":17331,"parent_id":11,"observation":{"stage":"estate_funding","elapsed_millis":86,"remote_call_attempts":1,"succeeded":true}}
[CANIC-OBSERVATION] {"schema_version":1,"process_id":17331,"parent_id":11,"observation":{"stage":"pool_balances","elapsed_millis":0,"remote_call_attempts":0,"succeeded":true}}
[CANIC-OBSERVATION] {"schema_version":1,"process_id":17331,"parent_id":11,"observation":{"stage":"protocol_readiness","elapsed_millis":0,"remote_call_attempts":0,"succeeded":true}}
[CANIC-OBSERVATION] {"schema_version":1,"process_id":17331,"parent_id":11,"observation":{"stage":"ledger_fee","elapsed_millis":80,"remote_call_attempts":1,"succeeded":true}}
[CANIC-OBSERVATION] {"schema_version":1,"process_id":17331,"parent_id":11,"observation":{"stage":"operator_balance","elapsed_millis":70,"remote_call_attempts":1,"succeeded":true}}
[CANIC-OBSERVATION] {"schema_version":1,"process_id":17331,"parent_id":11,"observation":{"stage":"protocol_actions","elapsed_millis":3147,"remote_call_attempts":31,"succeeded":true}}
[CANIC-OBSERVATION] {"schema_version":1,"process_id":17331,"parent_id":11,"observation":{"stage":"terminal_inventory","elapsed_millis":7258,"remote_call_attempts":18,"succeeded":true}}
[CANIC-OBSERVATION] {"schema_version":1,"process_id":17331,"parent_id":11,"observation":{"stage":"configured_canisters","elapsed_millis":454,"remote_call_attempts":4,"succeeded":true}}
[CANIC-OBSERVATION] {"schema_version":1,"process_id":17331,"parent_id":11,"observation":{"stage":"estate_funding","elapsed_millis":79,"remote_call_attempts":1,"succeeded":true}}
[CANIC-OBSERVATION] {"schema_version":1,"process_id":17331,"parent_id":11,"observation":{"stage":"pool_balances","elapsed_millis":0,"remote_call_attempts":0,"succeeded":true}}
[CANIC-OBSERVATION] {"schema_version":1,"process_id":17331,"parent_id":11,"observation":{"stage":"protocol_readiness","elapsed_millis":0,"remote_call_attempts":0,"succeeded":true}}
[CANIC-OBSERVATION] {"schema_version":1,"process_id":17331,"parent_id":11,"observation":{"stage":"ledger_fee","elapsed_millis":83,"remote_call_attempts":1,"succeeded":true}}
[CANIC-OBSERVATION] {"schema_version":1,"process_id":17331,"parent_id":11,"observation":{"stage":"operator_balance","elapsed_millis":123,"remote_call_attempts":1,"succeeded":true}}
[FLEET-MEASURE] {"progress":{"applied_effects":52,"operation_id":"e66a8445d099a5cc2cf4a03e4a76d51b7c2dc46ef9c485609c28c0f58011ceaf","phase":"complete","plan_sha256":"b2b1032009cc6b01d07ac333e68b105df78eb7c78d6069d3423349ca15672637","reviewed_effects":52,"state":{"kind":"complete"}},"unix_ms":1789233955905}
[CANIC-OBSERVATION] {"schema_version":1,"process_id":17331,"parent_id":11,"observation":{"stage":"root_management","elapsed_millis":370,"remote_call_attempts":1,"succeeded":true}}
[CANIC-OBSERVATION] {"schema_version":1,"process_id":17331,"parent_id":11,"observation":{"stage":"configured_canisters","elapsed_millis":442,"remote_call_attempts":4,"succeeded":true}}
[CANIC-OBSERVATION] {"schema_version":1,"process_id":17331,"parent_id":11,"observation":{"stage":"estate_funding","elapsed_millis":88,"remote_call_attempts":1,"succeeded":true}}
[CANIC-OBSERVATION] {"schema_version":1,"process_id":17331,"parent_id":11,"observation":{"stage":"pool_balances","elapsed_millis":0,"remote_call_attempts":0,"succeeded":true}}
[CANIC-OBSERVATION] {"schema_version":1,"process_id":17331,"parent_id":11,"observation":{"stage":"protocol_readiness","elapsed_millis":0,"remote_call_attempts":0,"succeeded":true}}
[CANIC-OBSERVATION] {"schema_version":1,"process_id":17331,"parent_id":11,"observation":{"stage":"ledger_fee","elapsed_millis":87,"remote_call_attempts":1,"succeeded":true}}
[CANIC-OBSERVATION] {"schema_version":1,"process_id":17331,"parent_id":11,"observation":{"stage":"operator_balance","elapsed_millis":81,"remote_call_attempts":1,"succeeded":true}}
[CANIC-OBSERVATION] {"schema_version":1,"process_id":17331,"parent_id":11,"observation":{"stage":"terminal_inventory","elapsed_millis":7075,"remote_call_attempts":18,"succeeded":true}}
[CANIC-OBSERVATION] {"schema_version":1,"process_id":17331,"parent_id":11,"observation":{"stage":"protocol_actions","elapsed_millis":3279,"remote_call_attempts":31,"succeeded":true}}
[CANIC-OBSERVATION] {"schema_version":1,"process_id":17331,"parent_id":11,"observation":{"stage":"configured_canisters","elapsed_millis":404,"remote_call_attempts":4,"succeeded":true}}
[CANIC-OBSERVATION] {"schema_version":1,"process_id":17331,"parent_id":11,"observation":{"stage":"estate_funding","elapsed_millis":78,"remote_call_attempts":1,"succeeded":true}}
[CANIC-OBSERVATION] {"schema_version":1,"process_id":17331,"parent_id":11,"observation":{"stage":"pool_balances","elapsed_millis":0,"remote_call_attempts":0,"succeeded":true}}
[CANIC-OBSERVATION] {"schema_version":1,"process_id":17331,"parent_id":11,"observation":{"stage":"protocol_readiness","elapsed_millis":0,"remote_call_attempts":0,"succeeded":true}}
[CANIC-OBSERVATION] {"schema_version":1,"process_id":17331,"parent_id":11,"observation":{"stage":"ledger_fee","elapsed_millis":76,"remote_call_attempts":1,"succeeded":true}}
[CANIC-OBSERVATION] {"schema_version":1,"process_id":17331,"parent_id":11,"observation":{"stage":"operator_balance","elapsed_millis":72,"remote_call_attempts":1,"succeeded":true}}
[CANIC-OBSERVATION] {"schema_version":1,"process_id":17331,"parent_id":11,"observation":{"stage":"terminal_inventory","elapsed_millis":7326,"remote_call_attempts":18,"succeeded":true}}
[CANIC-OBSERVATION] {"schema_version":1,"process_id":17331,"parent_id":11,"observation":{"stage":"protocol_actions","elapsed_millis":3222,"remote_call_attempts":31,"succeeded":true}}
[FLEET-MEASURE] {"progress":{"applied_effects":0,"operation_id":"e66a8445d099a5cc2cf4a03e4a76d51b7c2dc46ef9c485609c28c0f58011ceaf","phase":"terminal_verification","plan_sha256":"789c737c97e270ac074a4a67c6a238bc57b30d6f37938ea73fd4327b5c2112c1","reviewed_effects":0,"state":{"kind":"advancing"}},"unix_ms":1789233979990}
[CANIC-OBSERVATION] {"schema_version":1,"process_id":17331,"parent_id":11,"observation":{"stage":"configured_canisters","elapsed_millis":403,"remote_call_attempts":4,"succeeded":true}}
[CANIC-OBSERVATION] {"schema_version":1,"process_id":17331,"parent_id":11,"observation":{"stage":"estate_funding","elapsed_millis":88,"remote_call_attempts":1,"succeeded":true}}
[CANIC-OBSERVATION] {"schema_version":1,"process_id":17331,"parent_id":11,"observation":{"stage":"pool_balances","elapsed_millis":0,"remote_call_attempts":0,"succeeded":true}}
[CANIC-OBSERVATION] {"schema_version":1,"process_id":17331,"parent_id":11,"observation":{"stage":"protocol_readiness","elapsed_millis":0,"remote_call_attempts":0,"succeeded":true}}
[CANIC-OBSERVATION] {"schema_version":1,"process_id":17331,"parent_id":11,"observation":{"stage":"ledger_fee","elapsed_millis":86,"remote_call_attempts":1,"succeeded":true}}
[CANIC-OBSERVATION] {"schema_version":1,"process_id":17331,"parent_id":11,"observation":{"stage":"operator_balance","elapsed_millis":78,"remote_call_attempts":1,"succeeded":true}}
[CANIC-OBSERVATION] {"schema_version":1,"process_id":17331,"parent_id":11,"observation":{"stage":"protocol_actions","elapsed_millis":3137,"remote_call_attempts":31,"succeeded":true}}
[CANIC-OBSERVATION] {"schema_version":1,"process_id":17331,"parent_id":11,"observation":{"stage":"terminal_inventory","elapsed_millis":7021,"remote_call_attempts":18,"succeeded":true}}
[CANIC-OBSERVATION] {"schema_version":1,"process_id":17331,"parent_id":11,"observation":{"stage":"configured_canisters","elapsed_millis":454,"remote_call_attempts":4,"succeeded":true}}
[CANIC-OBSERVATION] {"schema_version":1,"process_id":17331,"parent_id":11,"observation":{"stage":"estate_funding","elapsed_millis":64,"remote_call_attempts":1,"succeeded":true}}
[CANIC-OBSERVATION] {"schema_version":1,"process_id":17331,"parent_id":11,"observation":{"stage":"pool_balances","elapsed_millis":0,"remote_call_attempts":0,"succeeded":true}}
[CANIC-OBSERVATION] {"schema_version":1,"process_id":17331,"parent_id":11,"observation":{"stage":"protocol_readiness","elapsed_millis":0,"remote_call_attempts":0,"succeeded":true}}
[CANIC-OBSERVATION] {"schema_version":1,"process_id":17331,"parent_id":11,"observation":{"stage":"ledger_fee","elapsed_millis":87,"remote_call_attempts":1,"succeeded":true}}
[CANIC-OBSERVATION] {"schema_version":1,"process_id":17331,"parent_id":11,"observation":{"stage":"operator_balance","elapsed_millis":76,"remote_call_attempts":1,"succeeded":true}}
[FLEET-MEASURE] {"progress":{"applied_effects":0,"operation_id":"e66a8445d099a5cc2cf4a03e4a76d51b7c2dc46ef9c485609c28c0f58011ceaf","phase":"complete","plan_sha256":"789c737c97e270ac074a4a67c6a238bc57b30d6f37938ea73fd4327b5c2112c1","reviewed_effects":0,"state":{"kind":"complete"}},"unix_ms":1789233991608}
[FLEET]      DONE   literal-zero terminal replay complete                48.62s
[CANIC-TIMING] {"schema_version":1,"process_id":17331,"span_id":11,"parent_id":1,"name":"initial_terminal_replay","state":"completed","elapsed_us":48617787}
[CANIC-TIMING] {"schema_version":1,"process_id":17331,"span_id":12,"parent_id":1,"name":"selected_build_reinstall","state":"started","elapsed_us":0}
[CANIC-TIMING] {"schema_version":1,"process_id":17331,"span_id":13,"parent_id":12,"name":"release_artifact_resolution","state":"started","elapsed_us":0}
[CANIC-TIMING] {"schema_version":1,"process_id":17331,"span_id":14,"parent_id":13,"name":"artifact_recipe","state":"started","elapsed_us":0}
[CANIC-TIMING] {"schema_version":1,"process_id":17331,"span_id":14,"parent_id":13,"name":"artifact_recipe","state":"completed","elapsed_us":5799518}
[CANIC-TIMING] {"schema_version":1,"process_id":17331,"span_id":15,"parent_id":13,"name":"artifact_cache_lookup","state":"started","elapsed_us":0}
[CANIC-TIMING] {"schema_version":1,"process_id":17331,"span_id":15,"parent_id":13,"name":"artifact_cache_lookup","state":"completed","elapsed_us":821516}
[CANIC-TIMING] {"schema_version":1,"process_id":17331,"span_id":16,"parent_id":13,"name":"artifact_build_and_seal","state":"started","elapsed_us":0}
[CANIC-TIMING] {"schema_version":1,"process_id":17331,"span_id":17,"parent_id":16,"name":"coordinator_build","state":"started","elapsed_us":0}
Build phase runtime Cargo/link bootstrap_coordinator: 4.06s
[WASM]       SIZE   fleet_coordinator/candidate.wasm  code=4.68 MiB (4903977 B)  headroom=5.32 MiB (5581783 B)
Build phase finalization /home/adam/projects/canic/.tmp/test-runtime.OazGxX/canic-121-production-adapter/.canic/release-builds/33888cd229a38503c7d4d2ce3fd53c48e003dd5856473bef2165c5a67889010a/artifacts/fleet_coordinator/fleet_coordinator.wasm: shrink=0.80s candid=0.78s binaryen=0.00s gzip/validation=0.30s total=1.89s
[CANIC-TIMING] {"schema_version":1,"process_id":17331,"span_id":17,"parent_id":16,"name":"coordinator_build","state":"completed","elapsed_us":6629313}
[CANIC-TIMING] {"schema_version":1,"process_id":17331,"span_id":18,"parent_id":16,"name":"store_build","state":"started","elapsed_us":0}
Build phase runtime Cargo/link bootstrap_store: 2.35s
[WASM]       SIZE   wasm_store/candidate.wasm  code=2.88 MiB (3020135 B)  headroom=7.12 MiB (7465625 B)
Build phase finalization /home/adam/projects/canic/.tmp/test-runtime.OazGxX/canic-121-production-adapter/.canic/release-builds/33888cd229a38503c7d4d2ce3fd53c48e003dd5856473bef2165c5a67889010a/artifacts/wasm_store/wasm_store.wasm: shrink=0.52s candid=0.47s binaryen=0.00s gzip/validation=0.19s total=1.19s
[CANIC-TIMING] {"schema_version":1,"process_id":17331,"span_id":18,"parent_id":16,"name":"store_build","state":"completed","elapsed_us":4184824}
[CANIC-TIMING] {"schema_version":1,"process_id":17331,"span_id":19,"parent_id":16,"name":"configured_roles_build","state":"started","elapsed_us":0}
Build phase dependency feature admission: 1.97s (4 compatible batches)
Build phase declaration: 6.48s
Build declaration cache app: miss (extracted current Wasm)
Build declaration cache root: miss (extracted current Wasm)
Build declaration cache scale_hub: miss (extracted current Wasm)
Build declaration cache scale_replica: miss (extracted current Wasm)
Build declaration cache user_hub: miss (extracted current Wasm)
Build declaration cache user_shard: miss (extracted current Wasm)
Build phase Candid extraction: 4.74s
Build phase runtime Cargo/link: 18.67s
[WASM]       SIZE   app/candidate.wasm  code=2.83 MiB (2967721 B)  headroom=7.17 MiB (7518039 B)
[WASM]       SIZE   scale_replica/candidate.wasm  code=2.84 MiB (2980389 B)  headroom=7.16 MiB (7505371 B)
[WASM]       SIZE   scale_hub/candidate.wasm  code=3.05 MiB (3200979 B)  headroom=6.95 MiB (7284781 B)
[WASM]       SIZE   user_hub/candidate.wasm  code=3.18 MiB (3336700 B)  headroom=6.82 MiB (7149060 B)
Build phase finalization /home/adam/projects/canic/.tmp/test-runtime.OazGxX/canic-121-production-adapter/.canic/release-builds/33888cd229a38503c7d4d2ce3fd53c48e003dd5856473bef2165c5a67889010a/artifacts/app/app.wasm: shrink=0.61s candid=0.53s binaryen=0.00s gzip/validation=0.19s total=1.36s
Build phase finalization /home/adam/projects/canic/.tmp/test-runtime.OazGxX/canic-121-production-adapter/.canic/release-builds/33888cd229a38503c7d4d2ce3fd53c48e003dd5856473bef2165c5a67889010a/artifacts/scale_replica/scale_replica.wasm: shrink=0.62s candid=0.53s binaryen=0.00s gzip/validation=0.19s total=1.36s
[WASM]       SIZE   user_shard/candidate.wasm  code=3.47 MiB (3642959 B)  headroom=6.53 MiB (6842801 B)
Build phase finalization /home/adam/projects/canic/.tmp/test-runtime.OazGxX/canic-121-production-adapter/.canic/release-builds/33888cd229a38503c7d4d2ce3fd53c48e003dd5856473bef2165c5a67889010a/artifacts/scale_hub/scale_hub.wasm: shrink=0.65s candid=0.57s binaryen=0.00s gzip/validation=0.20s total=1.44s
Build phase finalization /home/adam/projects/canic/.tmp/test-runtime.OazGxX/canic-121-production-adapter/.canic/release-builds/33888cd229a38503c7d4d2ce3fd53c48e003dd5856473bef2165c5a67889010a/artifacts/user_hub/user_hub.wasm: shrink=0.68s candid=0.58s binaryen=0.00s gzip/validation=0.21s total=1.49s
Build phase finalization /home/adam/projects/canic/.tmp/test-runtime.OazGxX/canic-121-production-adapter/.canic/release-builds/33888cd229a38503c7d4d2ce3fd53c48e003dd5856473bef2165c5a67889010a/artifacts/user_shard/user_shard.wasm: shrink=0.75s candid=0.61s binaryen=0.00s gzip/validation=0.23s total=1.61s
[WASM]       SIZE   root/candidate.wasm  code=9.04 MiB (9475465 B)  headroom=0.96 MiB (1010295 B)
Build phase finalization /home/adam/projects/canic/.tmp/test-runtime.OazGxX/canic-121-production-adapter/.canic/release-builds/33888cd229a38503c7d4d2ce3fd53c48e003dd5856473bef2165c5a67889010a/artifacts/root/root.wasm: shrink=1.79s candid=1.53s binaryen=0.00s gzip/validation=0.56s total=3.91s
[CANIC-TIMING] {"schema_version":1,"process_id":17331,"span_id":19,"parent_id":16,"name":"configured_roles_build","state":"completed","elapsed_us":38458845}
[CANIC-TIMING] {"schema_version":1,"process_id":17331,"span_id":20,"parent_id":16,"name":"seal_release_manifests","state":"started","elapsed_us":0}
[CANIC-TIMING] {"schema_version":1,"process_id":17331,"span_id":20,"parent_id":16,"name":"seal_release_manifests","state":"completed","elapsed_us":193746}
[CANIC-TIMING] {"schema_version":1,"process_id":17331,"span_id":16,"parent_id":13,"name":"artifact_build_and_seal","state":"completed","elapsed_us":49468977}
[CANIC-TIMING] {"schema_version":1,"process_id":17331,"span_id":21,"parent_id":13,"name":"artifact_cache_commit","state":"started","elapsed_us":0}
[FLEET]      DONE   literal-zero release artifacts (30)                  51.34s
[CANIC-TIMING] {"schema_version":1,"process_id":17331,"span_id":21,"parent_id":13,"name":"artifact_cache_commit","state":"completed","elapsed_us":1050183}
[CANIC-TIMING] {"schema_version":1,"process_id":17331,"span_id":22,"parent_id":13,"name":"artifact_load","state":"started","elapsed_us":0}
[CANIC-TIMING] {"schema_version":1,"process_id":17331,"span_id":22,"parent_id":13,"name":"artifact_load","state":"completed","elapsed_us":6054}
[CANIC-TIMING] {"schema_version":1,"process_id":17331,"span_id":13,"parent_id":12,"name":"release_artifact_resolution","state":"completed","elapsed_us":57146369}
[CANIC-TIMING] {"schema_version":1,"process_id":17331,"span_id":23,"parent_id":12,"name":"first_deliberate_wipe","state":"started","elapsed_us":1}
[CANIC-TIMING] {"schema_version":1,"process_id":17331,"span_id":24,"parent_id":23,"name":"seed_and_preparation_review","state":"started","elapsed_us":0}
Fleet observation TerminalInventory: 7443 ms, 18 remote call attempts
Fleet observation RootManagement: 310 ms, 2 remote call attempts
fleet: canic-121-literal-zero-estate
operation_id: 1ac912a2962b74315605009a0b8744c4c4bbf756fde792d2a8a647f225756217
plan_sha256: b87527f6643d6140da09c2ae580219aff1fefe375b5f781e4fe6bc92ad39464e
plan_scope: reinstall_preparation
terminal: false
cycle_budget: planning allowances; maximums are not measured expenditure
observed_controlled_cycles: 579.860T
retained_in_reused_canisters_cycles: 579.860T
scheduled_transfer_cycles: 0.000B
maximum_unavoidable_fee_cycles: 0.000B
maximum_execution_burn_cycles: 18.000T
maximum_new_funding_cycles: 0.000B
maximum_operator_debit_cycles: 0.000B
maximum_estate_funding_cycles: 0.000B
maximum_estate_creation_fee_cycles: 0.000B
expected_post_operation_cycles: 561.860T
estate_funding_domains:
reinstall: application data will be discarded; logical pool roles may be reassigned
reinstall builds: source=a4c128728412f11837b79ce8562e3115451db387e17361b79b4f15d02cbb36ae selected=33888cd229a38503c7d4d2ce3fd53c48e003dd5856473bef2165c5a67889010a
next: apply this preparation digest, then run fleet ensure again to review the reset
host_create_actions: 0 (initial or replacement canisters; separate from Root-funded pool creations)
canisters:
  coordinator: disposition=Reuse principal=pi33i-pt777-77776-aaaaa-cai observed_cycles=499.952T effects=1 actions=[seal authority]
  root-0: disposition=Reuse principal=pp254-cl777-77776-aaaaq-cai observed_cycles=79.908T effects=1 actions=[seal authority]
conservation_equation: 579.860T observed controlled + 0.000B maximum operator debit - 0.000B maximum unavoidable fees - 0.000B maximum Root-funded creation fees - 18.000T maximum execution burn = 561.860T expected remaining
[CANIC-TIMING] {"schema_version":1,"process_id":17331,"span_id":24,"parent_id":23,"name":"seed_and_preparation_review","state":"completed","elapsed_us":9595555}
[CANIC-TIMING] {"schema_version":1,"process_id":17331,"span_id":25,"parent_id":23,"name":"preparation_seal_and_replay","state":"started","elapsed_us":0}
[CANIC-OBSERVATION] {"schema_version":1,"process_id":17331,"parent_id":25,"observation":{"stage":"root_management","elapsed_millis":396,"remote_call_attempts":2,"succeeded":true}}
[CANIC-OBSERVATION] {"schema_version":1,"process_id":17331,"parent_id":25,"observation":{"stage":"root_management","elapsed_millis":449,"remote_call_attempts":2,"succeeded":true}}
[FLEET-MEASURE] {"progress":{"applied_effects":0,"operation_id":"1ac912a2962b74315605009a0b8744c4c4bbf756fde792d2a8a647f225756217","phase":"infrastructure","plan_sha256":"b87527f6643d6140da09c2ae580219aff1fefe375b5f781e4fe6bc92ad39464e","reviewed_effects":2,"state":{"kind":"advancing"}},"unix_ms":1789234061434}
[CANIC-OBSERVATION] {"schema_version":1,"process_id":17331,"parent_id":25,"observation":{"stage":"root_management","elapsed_millis":454,"remote_call_attempts":2,"succeeded":true}}
[CANIC-OBSERVATION] {"schema_version":1,"process_id":17331,"parent_id":25,"observation":{"stage":"root_management","elapsed_millis":449,"remote_call_attempts":2,"succeeded":true}}
[FLEET-MEASURE] {"progress":{"applied_effects":2,"operation_id":"1ac912a2962b74315605009a0b8744c4c4bbf756fde792d2a8a647f225756217","phase":"terminal_verification","plan_sha256":"b87527f6643d6140da09c2ae580219aff1fefe375b5f781e4fe6bc92ad39464e","reviewed_effects":2,"state":{"kind":"advancing"}},"unix_ms":1789234067868}
[CANIC-OBSERVATION] {"schema_version":1,"process_id":17331,"parent_id":25,"observation":{"stage":"root_management","elapsed_millis":478,"remote_call_attempts":2,"succeeded":true}}
[FLEET-MEASURE] {"progress":{"applied_effects":2,"operation_id":"1ac912a2962b74315605009a0b8744c4c4bbf756fde792d2a8a647f225756217","phase":"infrastructure","plan_sha256":"b87527f6643d6140da09c2ae580219aff1fefe375b5f781e4fe6bc92ad39464e","reviewed_effects":2,"state":{"kind":"prerequisite_complete"}},"unix_ms":1789234069573}
[CANIC-OBSERVATION] {"schema_version":1,"process_id":17331,"parent_id":25,"observation":{"stage":"root_management","elapsed_millis":490,"remote_call_attempts":2,"succeeded":true}}
[CANIC-TIMING] {"schema_version":1,"process_id":17331,"span_id":25,"parent_id":23,"name":"preparation_seal_and_replay","state":"completed","elapsed_us":12879121}
[CANIC-TIMING] {"schema_version":1,"process_id":17331,"span_id":26,"parent_id":23,"name":"reset_review","state":"started","elapsed_us":0}
[CANIC-OBSERVATION] {"schema_version":1,"process_id":17331,"parent_id":26,"observation":{"stage":"root_management","elapsed_millis":497,"remote_call_attempts":2,"succeeded":true}}
[CANIC-OBSERVATION] {"schema_version":1,"process_id":17331,"parent_id":26,"observation":{"stage":"root_management","elapsed_millis":433,"remote_call_attempts":2,"succeeded":true}}
[CANIC-OBSERVATION] {"schema_version":1,"process_id":17331,"parent_id":26,"observation":{"stage":"terminal_inventory","elapsed_millis":7186,"remote_call_attempts":18,"succeeded":true}}
[CANIC-OBSERVATION] {"schema_version":1,"process_id":17331,"parent_id":26,"observation":{"stage":"configured_canisters","elapsed_millis":463,"remote_call_attempts":4,"succeeded":true}}
[CANIC-OBSERVATION] {"schema_version":1,"process_id":17331,"parent_id":26,"observation":{"stage":"estate_funding","elapsed_millis":79,"remote_call_attempts":1,"succeeded":true}}
[CANIC-OBSERVATION] {"schema_version":1,"process_id":17331,"parent_id":26,"observation":{"stage":"pool_balances","elapsed_millis":0,"remote_call_attempts":0,"succeeded":true}}
[CANIC-OBSERVATION] {"schema_version":1,"process_id":17331,"parent_id":26,"observation":{"stage":"protocol_readiness","elapsed_millis":0,"remote_call_attempts":0,"succeeded":true}}
[CANIC-OBSERVATION] {"schema_version":1,"process_id":17331,"parent_id":26,"observation":{"stage":"ledger_fee","elapsed_millis":81,"remote_call_attempts":1,"succeeded":true}}
[CANIC-OBSERVATION] {"schema_version":1,"process_id":17331,"parent_id":26,"observation":{"stage":"operator_balance","elapsed_millis":70,"remote_call_attempts":1,"succeeded":true}}
[CANIC-TIMING] {"schema_version":1,"process_id":17331,"span_id":26,"parent_id":23,"name":"reset_review","state":"completed","elapsed_us":13790204}
[CANIC-TIMING] {"schema_version":1,"process_id":17331,"span_id":27,"parent_id":23,"name":"reset_interruptions_and_recovery","state":"started","elapsed_us":0}
[CANIC-OBSERVATION] {"schema_version":1,"process_id":17331,"parent_id":27,"observation":{"stage":"root_management","elapsed_millis":387,"remote_call_attempts":2,"succeeded":true}}
[CANIC-OBSERVATION] {"schema_version":1,"process_id":17331,"parent_id":27,"observation":{"stage":"root_management","elapsed_millis":490,"remote_call_attempts":2,"succeeded":true}}
[CANIC-OBSERVATION] {"schema_version":1,"process_id":17331,"parent_id":27,"observation":{"stage":"terminal_inventory","elapsed_millis":7065,"remote_call_attempts":18,"succeeded":true}}
[CANIC-OBSERVATION] {"schema_version":1,"process_id":17331,"parent_id":27,"observation":{"stage":"configured_canisters","elapsed_millis":456,"remote_call_attempts":4,"succeeded":true}}
[CANIC-OBSERVATION] {"schema_version":1,"process_id":17331,"parent_id":27,"observation":{"stage":"estate_funding","elapsed_millis":65,"remote_call_attempts":1,"succeeded":true}}
[CANIC-OBSERVATION] {"schema_version":1,"process_id":17331,"parent_id":27,"observation":{"stage":"pool_balances","elapsed_millis":0,"remote_call_attempts":0,"succeeded":true}}
[CANIC-OBSERVATION] {"schema_version":1,"process_id":17331,"parent_id":27,"observation":{"stage":"protocol_readiness","elapsed_millis":0,"remote_call_attempts":0,"succeeded":true}}
[CANIC-OBSERVATION] {"schema_version":1,"process_id":17331,"parent_id":27,"observation":{"stage":"ledger_fee","elapsed_millis":83,"remote_call_attempts":1,"succeeded":true}}
[CANIC-OBSERVATION] {"schema_version":1,"process_id":17331,"parent_id":27,"observation":{"stage":"operator_balance","elapsed_millis":67,"remote_call_attempts":1,"succeeded":true}}
[FLEET-MEASURE] {"progress":{"applied_effects":0,"operation_id":"1ac912a2962b74315605009a0b8744c4c4bbf756fde792d2a8a647f225756217","phase":"infrastructure","plan_sha256":"9fb80acaad047f31e892621047412a9bf3cb4f181356d1719ee02c0057f10055","reviewed_effects":3,"state":{"kind":"advancing"}},"unix_ms":1789234098669}
[CANIC-OBSERVATION] {"schema_version":1,"process_id":17331,"parent_id":27,"observation":{"stage":"root_management","elapsed_millis":443,"remote_call_attempts":2,"succeeded":true}}
[CANIC-OBSERVATION] {"schema_version":1,"process_id":17331,"parent_id":27,"observation":{"stage":"root_management","elapsed_millis":444,"remote_call_attempts":2,"succeeded":true}}
[FLEET-MEASURE] {"progress":{"applied_effects":0,"operation_id":"1ac912a2962b74315605009a0b8744c4c4bbf756fde792d2a8a647f225756217","phase":"infrastructure","plan_sha256":"9fb80acaad047f31e892621047412a9bf3cb4f181356d1719ee02c0057f10055","reviewed_effects":3,"state":{"kind":"advancing"}},"unix_ms":1789234103441}
[CANIC-OBSERVATION] {"schema_version":1,"process_id":17331,"parent_id":27,"observation":{"stage":"root_management","elapsed_millis":451,"remote_call_attempts":2,"succeeded":true}}
[CANIC-OBSERVATION] {"schema_version":1,"process_id":17331,"parent_id":27,"observation":{"stage":"root_management","elapsed_millis":448,"remote_call_attempts":2,"succeeded":true}}
[FLEET-MEASURE] {"progress":{"applied_effects":0,"operation_id":"1ac912a2962b74315605009a0b8744c4c4bbf756fde792d2a8a647f225756217","phase":"infrastructure","plan_sha256":"9fb80acaad047f31e892621047412a9bf3cb4f181356d1719ee02c0057f10055","reviewed_effects":3,"state":{"kind":"advancing"}},"unix_ms":1789234111628}
[CANIC-OBSERVATION] {"schema_version":1,"process_id":17331,"parent_id":27,"observation":{"stage":"root_management","elapsed_millis":445,"remote_call_attempts":2,"succeeded":true}}
[CANIC-OBSERVATION] {"schema_version":1,"process_id":17331,"parent_id":27,"observation":{"stage":"root_management","elapsed_millis":457,"remote_call_attempts":2,"succeeded":true}}
[CANIC-OBSERVATION] {"schema_version":1,"process_id":17331,"parent_id":27,"observation":{"stage":"root_management","elapsed_millis":450,"remote_call_attempts":2,"succeeded":true}}
[CANIC-OBSERVATION] {"schema_version":1,"process_id":17331,"parent_id":27,"observation":{"stage":"root_management","elapsed_millis":444,"remote_call_attempts":2,"succeeded":true}}
[CANIC-OBSERVATION] {"schema_version":1,"process_id":17331,"parent_id":27,"observation":{"stage":"root_management","elapsed_millis":451,"remote_call_attempts":2,"succeeded":true}}
[CANIC-OBSERVATION] {"schema_version":1,"process_id":17331,"parent_id":27,"observation":{"stage":"root_management","elapsed_millis":444,"remote_call_attempts":2,"succeeded":true}}
[FLEET-MEASURE] {"progress":{"applied_effects":2,"operation_id":"1ac912a2962b74315605009a0b8744c4c4bbf756fde792d2a8a647f225756217","phase":"infrastructure","plan_sha256":"9fb80acaad047f31e892621047412a9bf3cb4f181356d1719ee02c0057f10055","reviewed_effects":3,"state":{"kind":"advancing"}},"unix_ms":1789234131987}
[CANIC-OBSERVATION] {"schema_version":1,"process_id":17331,"parent_id":27,"observation":{"stage":"root_management","elapsed_millis":444,"remote_call_attempts":2,"succeeded":true}}
[CANIC-OBSERVATION] {"schema_version":1,"process_id":17331,"parent_id":27,"observation":{"stage":"root_management","elapsed_millis":448,"remote_call_attempts":2,"succeeded":true}}
[FLEET-MEASURE] {"progress":{"applied_effects":2,"operation_id":"1ac912a2962b74315605009a0b8744c4c4bbf756fde792d2a8a647f225756217","phase":"infrastructure","plan_sha256":"9fb80acaad047f31e892621047412a9bf3cb4f181356d1719ee02c0057f10055","reviewed_effects":3,"state":{"kind":"advancing"}},"unix_ms":1789234145348}
[CANIC-OBSERVATION] {"schema_version":1,"process_id":17331,"parent_id":27,"observation":{"stage":"root_management","elapsed_millis":454,"remote_call_attempts":2,"succeeded":true}}
[FLEET-MEASURE] {"progress":{"applied_effects":3,"operation_id":"1ac912a2962b74315605009a0b8744c4c4bbf756fde792d2a8a647f225756217","phase":"terminal_verification","plan_sha256":"9fb80acaad047f31e892621047412a9bf3cb4f181356d1719ee02c0057f10055","reviewed_effects":3,"state":{"kind":"advancing"}},"unix_ms":1789234147890}
[CANIC-OBSERVATION] {"schema_version":1,"process_id":17331,"parent_id":27,"observation":{"stage":"configured_canisters","elapsed_millis":1700,"remote_call_attempts":10,"succeeded":true}}
[CANIC-OBSERVATION] {"schema_version":1,"process_id":17331,"parent_id":27,"observation":{"stage":"estate_funding","elapsed_millis":96,"remote_call_attempts":1,"succeeded":true}}
[CANIC-OBSERVATION] {"schema_version":1,"process_id":17331,"parent_id":27,"observation":{"stage":"pool_balances","elapsed_millis":310,"remote_call_attempts":0,"succeeded":true}}
[CANIC-OBSERVATION] {"schema_version":1,"process_id":17331,"parent_id":27,"observation":{"stage":"protocol_readiness","elapsed_millis":0,"remote_call_attempts":0,"succeeded":true}}
[CANIC-OBSERVATION] {"schema_version":1,"process_id":17331,"parent_id":27,"observation":{"stage":"ledger_fee","elapsed_millis":85,"remote_call_attempts":1,"succeeded":true}}
[CANIC-OBSERVATION] {"schema_version":1,"process_id":17331,"parent_id":27,"observation":{"stage":"operator_balance","elapsed_millis":73,"remote_call_attempts":1,"succeeded":true}}
[CANIC-OBSERVATION] {"schema_version":1,"process_id":17331,"parent_id":27,"observation":{"stage":"protocol_actions","elapsed_millis":923,"remote_call_attempts":3,"succeeded":true}}
[FLEET-MEASURE] {"progress":{"applied_effects":3,"operation_id":"1ac912a2962b74315605009a0b8744c4c4bbf756fde792d2a8a647f225756217","phase":"terminal_verification","plan_sha256":"9fb80acaad047f31e892621047412a9bf3cb4f181356d1719ee02c0057f10055","reviewed_effects":9,"state":{"kind":"prerequisite_complete"}},"unix_ms":1789234151247}
[FLEET-MEASURE] {"progress":{"applied_effects":3,"operation_id":"1ac912a2962b74315605009a0b8744c4c4bbf756fde792d2a8a647f225756217","phase":"import_reconciliation","plan_sha256":"9fb80acaad047f31e892621047412a9bf3cb4f181356d1719ee02c0057f10055","reviewed_effects":9,"state":{"kind":"advancing"}},"unix_ms":1789234151247}
[CANIC-OBSERVATION] {"schema_version":1,"process_id":17331,"parent_id":27,"observation":{"stage":"configured_canisters","elapsed_millis":1742,"remote_call_attempts":10,"succeeded":true}}
[CANIC-OBSERVATION] {"schema_version":1,"process_id":17331,"parent_id":27,"observation":{"stage":"estate_funding","elapsed_millis":81,"remote_call_attempts":1,"succeeded":true}}
[CANIC-OBSERVATION] {"schema_version":1,"process_id":17331,"parent_id":27,"observation":{"stage":"pool_balances","elapsed_millis":301,"remote_call_attempts":0,"succeeded":true}}
[CANIC-OBSERVATION] {"schema_version":1,"process_id":17331,"parent_id":27,"observation":{"stage":"protocol_readiness","elapsed_millis":0,"remote_call_attempts":0,"succeeded":true}}
[CANIC-OBSERVATION] {"schema_version":1,"process_id":17331,"parent_id":27,"observation":{"stage":"ledger_fee","elapsed_millis":85,"remote_call_attempts":1,"succeeded":true}}
[CANIC-OBSERVATION] {"schema_version":1,"process_id":17331,"parent_id":27,"observation":{"stage":"operator_balance","elapsed_millis":76,"remote_call_attempts":1,"succeeded":true}}
[FLEET-MEASURE] {"progress":{"applied_effects":9,"operation_id":"1ac912a2962b74315605009a0b8744c4c4bbf756fde792d2a8a647f225756217","phase":"terminal_verification","plan_sha256":"9fb80acaad047f31e892621047412a9bf3cb4f181356d1719ee02c0057f10055","reviewed_effects":9,"state":{"kind":"advancing"}},"unix_ms":1789234166584}
[CANIC-OBSERVATION] {"schema_version":1,"process_id":17331,"parent_id":27,"observation":{"stage":"configured_canisters","elapsed_millis":443,"remote_call_attempts":4,"succeeded":true}}
[CANIC-OBSERVATION] {"schema_version":1,"process_id":17331,"parent_id":27,"observation":{"stage":"estate_funding","elapsed_millis":71,"remote_call_attempts":1,"succeeded":true}}
[CANIC-OBSERVATION] {"schema_version":1,"process_id":17331,"parent_id":27,"observation":{"stage":"pool_balances","elapsed_millis":0,"remote_call_attempts":0,"succeeded":true}}
[CANIC-OBSERVATION] {"schema_version":1,"process_id":17331,"parent_id":27,"observation":{"stage":"protocol_readiness","elapsed_millis":0,"remote_call_attempts":0,"succeeded":true}}
[CANIC-OBSERVATION] {"schema_version":1,"process_id":17331,"parent_id":27,"observation":{"stage":"ledger_fee","elapsed_millis":88,"remote_call_attempts":1,"succeeded":true}}
[CANIC-OBSERVATION] {"schema_version":1,"process_id":17331,"parent_id":27,"observation":{"stage":"operator_balance","elapsed_millis":74,"remote_call_attempts":1,"succeeded":true}}
[CANIC-OBSERVATION] {"schema_version":1,"process_id":17331,"parent_id":27,"observation":{"stage":"protocol_actions","elapsed_millis":3550,"remote_call_attempts":34,"succeeded":true}}
[FLEET-MEASURE] {"progress":{"applied_effects":9,"operation_id":"1ac912a2962b74315605009a0b8744c4c4bbf756fde792d2a8a647f225756217","phase":"terminal_verification","plan_sha256":"9fb80acaad047f31e892621047412a9bf3cb4f181356d1719ee02c0057f10055","reviewed_effects":37,"state":{"kind":"prerequisite_complete"}},"unix_ms":1789234171857}
[FLEET-MEASURE] {"progress":{"applied_effects":9,"operation_id":"1ac912a2962b74315605009a0b8744c4c4bbf756fde792d2a8a647f225756217","phase":"control_plane","plan_sha256":"9fb80acaad047f31e892621047412a9bf3cb4f181356d1719ee02c0057f10055","reviewed_effects":37,"state":{"kind":"advancing"}},"unix_ms":1789234171858}
[FLEET-MEASURE] {"progress":{"applied_effects":35,"operation_id":"1ac912a2962b74315605009a0b8744c4c4bbf756fde792d2a8a647f225756217","phase":"workload_provisioning","plan_sha256":"9fb80acaad047f31e892621047412a9bf3cb4f181356d1719ee02c0057f10055","reviewed_effects":37,"state":{"kind":"advancing"}},"unix_ms":1789234212729}
[FLEET-MEASURE] {"progress":{"applied_effects":35,"operation_id":"1ac912a2962b74315605009a0b8744c4c4bbf756fde792d2a8a647f225756217","phase":"workload_provisioning","plan_sha256":"9fb80acaad047f31e892621047412a9bf3cb4f181356d1719ee02c0057f10055","reviewed_effects":37,"state":{"kind":"awaiting_progress"}},"unix_ms":1789234214215}
[FLEET-MEASURE] {"progress":{"applied_effects":35,"operation_id":"1ac912a2962b74315605009a0b8744c4c4bbf756fde792d2a8a647f225756217","phase":"workload_provisioning","plan_sha256":"9fb80acaad047f31e892621047412a9bf3cb4f181356d1719ee02c0057f10055","reviewed_effects":37,"state":{"kind":"awaiting_progress"}},"unix_ms":1789234214761}
[FLEET-MEASURE] {"progress":{"applied_effects":35,"operation_id":"1ac912a2962b74315605009a0b8744c4c4bbf756fde792d2a8a647f225756217","phase":"workload_provisioning","plan_sha256":"9fb80acaad047f31e892621047412a9bf3cb4f181356d1719ee02c0057f10055","reviewed_effects":37,"state":{"kind":"awaiting_progress"}},"unix_ms":1789234216854}
[FLEET-MEASURE] {"progress":{"applied_effects":35,"operation_id":"1ac912a2962b74315605009a0b8744c4c4bbf756fde792d2a8a647f225756217","phase":"workload_provisioning","plan_sha256":"9fb80acaad047f31e892621047412a9bf3cb4f181356d1719ee02c0057f10055","reviewed_effects":37,"state":{"kind":"awaiting_progress"}},"unix_ms":1789234218272}
[FLEET-MEASURE] {"progress":{"applied_effects":35,"operation_id":"1ac912a2962b74315605009a0b8744c4c4bbf756fde792d2a8a647f225756217","phase":"workload_provisioning","plan_sha256":"9fb80acaad047f31e892621047412a9bf3cb4f181356d1719ee02c0057f10055","reviewed_effects":37,"state":{"kind":"awaiting_progress"}},"unix_ms":1789234218742}
[FLEET-MEASURE] {"progress":{"applied_effects":35,"operation_id":"1ac912a2962b74315605009a0b8744c4c4bbf756fde792d2a8a647f225756217","phase":"workload_provisioning","plan_sha256":"9fb80acaad047f31e892621047412a9bf3cb4f181356d1719ee02c0057f10055","reviewed_effects":37,"state":{"kind":"awaiting_progress"}},"unix_ms":1789234219225}
[FLEET-MEASURE] {"progress":{"applied_effects":35,"operation_id":"1ac912a2962b74315605009a0b8744c4c4bbf756fde792d2a8a647f225756217","phase":"workload_provisioning","plan_sha256":"9fb80acaad047f31e892621047412a9bf3cb4f181356d1719ee02c0057f10055","reviewed_effects":37,"state":{"kind":"awaiting_progress"}},"unix_ms":1789234221820}
[FLEET-MEASURE] {"progress":{"applied_effects":35,"operation_id":"1ac912a2962b74315605009a0b8744c4c4bbf756fde792d2a8a647f225756217","phase":"workload_provisioning","plan_sha256":"9fb80acaad047f31e892621047412a9bf3cb4f181356d1719ee02c0057f10055","reviewed_effects":37,"state":{"kind":"awaiting_progress"}},"unix_ms":1789234222319}
[FLEET-MEASURE] {"progress":{"applied_effects":35,"operation_id":"1ac912a2962b74315605009a0b8744c4c4bbf756fde792d2a8a647f225756217","phase":"workload_provisioning","plan_sha256":"9fb80acaad047f31e892621047412a9bf3cb4f181356d1719ee02c0057f10055","reviewed_effects":37,"state":{"kind":"awaiting_progress"}},"unix_ms":1789234222774}
[FLEET-MEASURE] {"progress":{"applied_effects":35,"operation_id":"1ac912a2962b74315605009a0b8744c4c4bbf756fde792d2a8a647f225756217","phase":"workload_provisioning","plan_sha256":"9fb80acaad047f31e892621047412a9bf3cb4f181356d1719ee02c0057f10055","reviewed_effects":37,"state":{"kind":"awaiting_progress"}},"unix_ms":1789234223221}
[FLEET-MEASURE] {"progress":{"applied_effects":35,"operation_id":"1ac912a2962b74315605009a0b8744c4c4bbf756fde792d2a8a647f225756217","phase":"workload_provisioning","plan_sha256":"9fb80acaad047f31e892621047412a9bf3cb4f181356d1719ee02c0057f10055","reviewed_effects":37,"state":{"kind":"awaiting_progress"}},"unix_ms":1789234223730}
[FLEET-MEASURE] {"progress":{"applied_effects":35,"operation_id":"1ac912a2962b74315605009a0b8744c4c4bbf756fde792d2a8a647f225756217","phase":"workload_provisioning","plan_sha256":"9fb80acaad047f31e892621047412a9bf3cb4f181356d1719ee02c0057f10055","reviewed_effects":37,"state":{"kind":"awaiting_progress"}},"unix_ms":1789234224341}
[FLEET-MEASURE] {"progress":{"applied_effects":35,"operation_id":"1ac912a2962b74315605009a0b8744c4c4bbf756fde792d2a8a647f225756217","phase":"workload_provisioning","plan_sha256":"9fb80acaad047f31e892621047412a9bf3cb4f181356d1719ee02c0057f10055","reviewed_effects":37,"state":{"kind":"awaiting_progress"}},"unix_ms":1789234224879}
[FLEET-MEASURE] {"progress":{"applied_effects":35,"operation_id":"1ac912a2962b74315605009a0b8744c4c4bbf756fde792d2a8a647f225756217","phase":"workload_provisioning","plan_sha256":"9fb80acaad047f31e892621047412a9bf3cb4f181356d1719ee02c0057f10055","reviewed_effects":37,"state":{"kind":"awaiting_progress"}},"unix_ms":1789234228441}
[FLEET-MEASURE] {"progress":{"applied_effects":35,"operation_id":"1ac912a2962b74315605009a0b8744c4c4bbf756fde792d2a8a647f225756217","phase":"workload_provisioning","plan_sha256":"9fb80acaad047f31e892621047412a9bf3cb4f181356d1719ee02c0057f10055","reviewed_effects":37,"state":{"kind":"awaiting_progress"}},"unix_ms":1789234228894}
[FLEET-MEASURE] {"progress":{"applied_effects":35,"operation_id":"1ac912a2962b74315605009a0b8744c4c4bbf756fde792d2a8a647f225756217","phase":"workload_provisioning","plan_sha256":"9fb80acaad047f31e892621047412a9bf3cb4f181356d1719ee02c0057f10055","reviewed_effects":37,"state":{"kind":"awaiting_progress"}},"unix_ms":1789234229433}
[FLEET-MEASURE] {"progress":{"applied_effects":35,"operation_id":"1ac912a2962b74315605009a0b8744c4c4bbf756fde792d2a8a647f225756217","phase":"workload_provisioning","plan_sha256":"9fb80acaad047f31e892621047412a9bf3cb4f181356d1719ee02c0057f10055","reviewed_effects":37,"state":{"kind":"awaiting_progress"}},"unix_ms":1789234230054}
[FLEET-MEASURE] {"progress":{"applied_effects":35,"operation_id":"1ac912a2962b74315605009a0b8744c4c4bbf756fde792d2a8a647f225756217","phase":"workload_provisioning","plan_sha256":"9fb80acaad047f31e892621047412a9bf3cb4f181356d1719ee02c0057f10055","reviewed_effects":37,"state":{"kind":"awaiting_progress"}},"unix_ms":1789234234104}
[FLEET-MEASURE] {"progress":{"applied_effects":35,"operation_id":"1ac912a2962b74315605009a0b8744c4c4bbf756fde792d2a8a647f225756217","phase":"workload_provisioning","plan_sha256":"9fb80acaad047f31e892621047412a9bf3cb4f181356d1719ee02c0057f10055","reviewed_effects":37,"state":{"kind":"awaiting_progress"}},"unix_ms":1789234234530}
[FLEET-MEASURE] {"progress":{"applied_effects":35,"operation_id":"1ac912a2962b74315605009a0b8744c4c4bbf756fde792d2a8a647f225756217","phase":"workload_provisioning","plan_sha256":"9fb80acaad047f31e892621047412a9bf3cb4f181356d1719ee02c0057f10055","reviewed_effects":37,"state":{"kind":"awaiting_progress"}},"unix_ms":1789234235038}
[FLEET-MEASURE] {"progress":{"applied_effects":35,"operation_id":"1ac912a2962b74315605009a0b8744c4c4bbf756fde792d2a8a647f225756217","phase":"workload_provisioning","plan_sha256":"9fb80acaad047f31e892621047412a9bf3cb4f181356d1719ee02c0057f10055","reviewed_effects":37,"state":{"kind":"awaiting_progress"}},"unix_ms":1789234235452}
[FLEET-MEASURE] {"progress":{"applied_effects":35,"operation_id":"1ac912a2962b74315605009a0b8744c4c4bbf756fde792d2a8a647f225756217","phase":"workload_provisioning","plan_sha256":"9fb80acaad047f31e892621047412a9bf3cb4f181356d1719ee02c0057f10055","reviewed_effects":37,"state":{"kind":"awaiting_progress"}},"unix_ms":1789234235961}
[FLEET-MEASURE] {"progress":{"applied_effects":35,"operation_id":"1ac912a2962b74315605009a0b8744c4c4bbf756fde792d2a8a647f225756217","phase":"workload_provisioning","plan_sha256":"9fb80acaad047f31e892621047412a9bf3cb4f181356d1719ee02c0057f10055","reviewed_effects":37,"state":{"kind":"awaiting_progress"}},"unix_ms":1789234236390}
[FLEET-MEASURE] {"progress":{"applied_effects":35,"operation_id":"1ac912a2962b74315605009a0b8744c4c4bbf756fde792d2a8a647f225756217","phase":"workload_provisioning","plan_sha256":"9fb80acaad047f31e892621047412a9bf3cb4f181356d1719ee02c0057f10055","reviewed_effects":37,"state":{"kind":"awaiting_progress"}},"unix_ms":1789234236993}
[FLEET-MEASURE] {"progress":{"applied_effects":35,"operation_id":"1ac912a2962b74315605009a0b8744c4c4bbf756fde792d2a8a647f225756217","phase":"workload_provisioning","plan_sha256":"9fb80acaad047f31e892621047412a9bf3cb4f181356d1719ee02c0057f10055","reviewed_effects":37,"state":{"kind":"awaiting_progress"}},"unix_ms":1789234237485}
[FLEET-MEASURE] {"progress":{"applied_effects":35,"operation_id":"1ac912a2962b74315605009a0b8744c4c4bbf756fde792d2a8a647f225756217","phase":"workload_provisioning","plan_sha256":"9fb80acaad047f31e892621047412a9bf3cb4f181356d1719ee02c0057f10055","reviewed_effects":37,"state":{"kind":"awaiting_progress"}},"unix_ms":1789234237965}
[FLEET-MEASURE] {"progress":{"applied_effects":35,"operation_id":"1ac912a2962b74315605009a0b8744c4c4bbf756fde792d2a8a647f225756217","phase":"workload_provisioning","plan_sha256":"9fb80acaad047f31e892621047412a9bf3cb4f181356d1719ee02c0057f10055","reviewed_effects":37,"state":{"kind":"awaiting_progress"}},"unix_ms":1789234238586}
[FLEET-MEASURE] {"progress":{"applied_effects":35,"operation_id":"1ac912a2962b74315605009a0b8744c4c4bbf756fde792d2a8a647f225756217","phase":"workload_provisioning","plan_sha256":"9fb80acaad047f31e892621047412a9bf3cb4f181356d1719ee02c0057f10055","reviewed_effects":37,"state":{"kind":"awaiting_progress"}},"unix_ms":1789234239105}
[FLEET-MEASURE] {"progress":{"applied_effects":35,"operation_id":"1ac912a2962b74315605009a0b8744c4c4bbf756fde792d2a8a647f225756217","phase":"workload_provisioning","plan_sha256":"9fb80acaad047f31e892621047412a9bf3cb4f181356d1719ee02c0057f10055","reviewed_effects":37,"state":{"kind":"awaiting_progress"}},"unix_ms":1789234239581}
[FLEET-MEASURE] {"progress":{"applied_effects":35,"operation_id":"1ac912a2962b74315605009a0b8744c4c4bbf756fde792d2a8a647f225756217","phase":"workload_provisioning","plan_sha256":"9fb80acaad047f31e892621047412a9bf3cb4f181356d1719ee02c0057f10055","reviewed_effects":37,"state":{"kind":"awaiting_progress"}},"unix_ms":1789234240129}
[FLEET-MEASURE] {"progress":{"applied_effects":36,"operation_id":"1ac912a2962b74315605009a0b8744c4c4bbf756fde792d2a8a647f225756217","phase":"pool_readiness","plan_sha256":"9fb80acaad047f31e892621047412a9bf3cb4f181356d1719ee02c0057f10055","reviewed_effects":37,"state":{"kind":"advancing"}},"unix_ms":1789234240616}
[FLEET-MEASURE] {"progress":{"applied_effects":37,"operation_id":"1ac912a2962b74315605009a0b8744c4c4bbf756fde792d2a8a647f225756217","phase":"terminal_verification","plan_sha256":"9fb80acaad047f31e892621047412a9bf3cb4f181356d1719ee02c0057f10055","reviewed_effects":37,"state":{"kind":"advancing"}},"unix_ms":1789234241367}
[CANIC-OBSERVATION] {"schema_version":1,"process_id":17331,"parent_id":27,"observation":{"stage":"configured_canisters","elapsed_millis":479,"remote_call_attempts":4,"succeeded":true}}
[CANIC-OBSERVATION] {"schema_version":1,"process_id":17331,"parent_id":27,"observation":{"stage":"estate_funding","elapsed_millis":73,"remote_call_attempts":1,"succeeded":true}}
[CANIC-OBSERVATION] {"schema_version":1,"process_id":17331,"parent_id":27,"observation":{"stage":"pool_balances","elapsed_millis":0,"remote_call_attempts":0,"succeeded":true}}
[CANIC-OBSERVATION] {"schema_version":1,"process_id":17331,"parent_id":27,"observation":{"stage":"protocol_readiness","elapsed_millis":0,"remote_call_attempts":0,"succeeded":true}}
[CANIC-OBSERVATION] {"schema_version":1,"process_id":17331,"parent_id":27,"observation":{"stage":"ledger_fee","elapsed_millis":97,"remote_call_attempts":1,"succeeded":true}}
[CANIC-OBSERVATION] {"schema_version":1,"process_id":17331,"parent_id":27,"observation":{"stage":"operator_balance","elapsed_millis":79,"remote_call_attempts":1,"succeeded":true}}
[CANIC-OBSERVATION] {"schema_version":1,"process_id":17331,"parent_id":27,"observation":{"stage":"protocol_actions","elapsed_millis":3344,"remote_call_attempts":31,"succeeded":true}}
[CANIC-OBSERVATION] {"schema_version":1,"process_id":17331,"parent_id":27,"observation":{"stage":"terminal_inventory","elapsed_millis":7154,"remote_call_attempts":18,"succeeded":true}}
[CANIC-OBSERVATION] {"schema_version":1,"process_id":17331,"parent_id":27,"observation":{"stage":"configured_canisters","elapsed_millis":449,"remote_call_attempts":4,"succeeded":true}}
[CANIC-OBSERVATION] {"schema_version":1,"process_id":17331,"parent_id":27,"observation":{"stage":"estate_funding","elapsed_millis":84,"remote_call_attempts":1,"succeeded":true}}
[CANIC-OBSERVATION] {"schema_version":1,"process_id":17331,"parent_id":27,"observation":{"stage":"pool_balances","elapsed_millis":0,"remote_call_attempts":0,"succeeded":true}}
[CANIC-OBSERVATION] {"schema_version":1,"process_id":17331,"parent_id":27,"observation":{"stage":"protocol_readiness","elapsed_millis":0,"remote_call_attempts":0,"succeeded":true}}
[CANIC-OBSERVATION] {"schema_version":1,"process_id":17331,"parent_id":27,"observation":{"stage":"ledger_fee","elapsed_millis":64,"remote_call_attempts":1,"succeeded":true}}
[CANIC-OBSERVATION] {"schema_version":1,"process_id":17331,"parent_id":27,"observation":{"stage":"operator_balance","elapsed_millis":72,"remote_call_attempts":1,"succeeded":true}}
[CANIC-OBSERVATION] {"schema_version":1,"process_id":17331,"parent_id":27,"observation":{"stage":"root_management","elapsed_millis":471,"remote_call_attempts":2,"succeeded":true}}
[FLEET-MEASURE] {"progress":{"applied_effects":37,"operation_id":"1ac912a2962b74315605009a0b8744c4c4bbf756fde792d2a8a647f225756217","phase":"complete","plan_sha256":"9fb80acaad047f31e892621047412a9bf3cb4f181356d1719ee02c0057f10055","reviewed_effects":37,"state":{"kind":"complete"}},"unix_ms":1789234257610}
[CANIC-TIMING] {"schema_version":1,"process_id":17331,"span_id":27,"parent_id":23,"name":"reset_interruptions_and_recovery","state":"completed","elapsed_us":172553213}
[CANIC-TIMING] {"schema_version":1,"process_id":17331,"span_id":28,"parent_id":23,"name":"reset_state_and_conservation","state":"started","elapsed_us":0}
[CANIC-TIMING] {"schema_version":1,"process_id":17331,"span_id":28,"parent_id":23,"name":"reset_state_and_conservation","state":"completed","elapsed_us":122443}
[CANIC-TIMING] {"schema_version":1,"process_id":17331,"span_id":29,"parent_id":23,"name":"reset_terminal_replay","state":"started","elapsed_us":0}
[CANIC-OBSERVATION] {"schema_version":1,"process_id":17331,"parent_id":29,"observation":{"stage":"configured_canisters","elapsed_millis":437,"remote_call_attempts":4,"succeeded":true}}
[CANIC-OBSERVATION] {"schema_version":1,"process_id":17331,"parent_id":29,"observation":{"stage":"estate_funding","elapsed_millis":75,"remote_call_attempts":1,"succeeded":true}}
[CANIC-OBSERVATION] {"schema_version":1,"process_id":17331,"parent_id":29,"observation":{"stage":"pool_balances","elapsed_millis":0,"remote_call_attempts":0,"succeeded":true}}
[CANIC-OBSERVATION] {"schema_version":1,"process_id":17331,"parent_id":29,"observation":{"stage":"protocol_readiness","elapsed_millis":0,"remote_call_attempts":0,"succeeded":true}}
[CANIC-OBSERVATION] {"schema_version":1,"process_id":17331,"parent_id":29,"observation":{"stage":"ledger_fee","elapsed_millis":84,"remote_call_attempts":1,"succeeded":true}}
[CANIC-OBSERVATION] {"schema_version":1,"process_id":17331,"parent_id":29,"observation":{"stage":"operator_balance","elapsed_millis":65,"remote_call_attempts":1,"succeeded":true}}
[CANIC-OBSERVATION] {"schema_version":1,"process_id":17331,"parent_id":29,"observation":{"stage":"protocol_actions","elapsed_millis":3206,"remote_call_attempts":31,"succeeded":true}}
[CANIC-OBSERVATION] {"schema_version":1,"process_id":17331,"parent_id":29,"observation":{"stage":"terminal_inventory","elapsed_millis":7261,"remote_call_attempts":18,"succeeded":true}}
[CANIC-OBSERVATION] {"schema_version":1,"process_id":17331,"parent_id":29,"observation":{"stage":"configured_canisters","elapsed_millis":470,"remote_call_attempts":4,"succeeded":true}}
[CANIC-OBSERVATION] {"schema_version":1,"process_id":17331,"parent_id":29,"observation":{"stage":"estate_funding","elapsed_millis":76,"remote_call_attempts":1,"succeeded":true}}
[CANIC-OBSERVATION] {"schema_version":1,"process_id":17331,"parent_id":29,"observation":{"stage":"pool_balances","elapsed_millis":0,"remote_call_attempts":0,"succeeded":true}}
[CANIC-OBSERVATION] {"schema_version":1,"process_id":17331,"parent_id":29,"observation":{"stage":"protocol_readiness","elapsed_millis":0,"remote_call_attempts":0,"succeeded":true}}
[CANIC-OBSERVATION] {"schema_version":1,"process_id":17331,"parent_id":29,"observation":{"stage":"ledger_fee","elapsed_millis":64,"remote_call_attempts":1,"succeeded":true}}
[CANIC-OBSERVATION] {"schema_version":1,"process_id":17331,"parent_id":29,"observation":{"stage":"operator_balance","elapsed_millis":69,"remote_call_attempts":1,"succeeded":true}}
[CANIC-OBSERVATION] {"schema_version":1,"process_id":17331,"parent_id":29,"observation":{"stage":"root_management","elapsed_millis":467,"remote_call_attempts":2,"succeeded":true}}
[FLEET-MEASURE] {"progress":{"applied_effects":37,"operation_id":"1ac912a2962b74315605009a0b8744c4c4bbf756fde792d2a8a647f225756217","phase":"complete","plan_sha256":"9fb80acaad047f31e892621047412a9bf3cb4f181356d1719ee02c0057f10055","reviewed_effects":37,"state":{"kind":"complete"}},"unix_ms":1789234274618}
[CANIC-OBSERVATION] {"schema_version":1,"process_id":17331,"parent_id":29,"observation":{"stage":"root_management","elapsed_millis":346,"remote_call_attempts":1,"succeeded":true}}
[CANIC-OBSERVATION] {"schema_version":1,"process_id":17331,"parent_id":29,"observation":{"stage":"configured_canisters","elapsed_millis":445,"remote_call_attempts":4,"succeeded":true}}
[CANIC-OBSERVATION] {"schema_version":1,"process_id":17331,"parent_id":29,"observation":{"stage":"estate_funding","elapsed_millis":84,"remote_call_attempts":1,"succeeded":true}}
[CANIC-OBSERVATION] {"schema_version":1,"process_id":17331,"parent_id":29,"observation":{"stage":"pool_balances","elapsed_millis":0,"remote_call_attempts":0,"succeeded":true}}
[CANIC-OBSERVATION] {"schema_version":1,"process_id":17331,"parent_id":29,"observation":{"stage":"protocol_readiness","elapsed_millis":0,"remote_call_attempts":0,"succeeded":true}}
[CANIC-OBSERVATION] {"schema_version":1,"process_id":17331,"parent_id":29,"observation":{"stage":"ledger_fee","elapsed_millis":79,"remote_call_attempts":1,"succeeded":true}}
[CANIC-OBSERVATION] {"schema_version":1,"process_id":17331,"parent_id":29,"observation":{"stage":"operator_balance","elapsed_millis":75,"remote_call_attempts":1,"succeeded":true}}
[CANIC-OBSERVATION] {"schema_version":1,"process_id":17331,"parent_id":29,"observation":{"stage":"terminal_inventory","elapsed_millis":7096,"remote_call_attempts":18,"succeeded":true}}
[CANIC-OBSERVATION] {"schema_version":1,"process_id":17331,"parent_id":29,"observation":{"stage":"protocol_actions","elapsed_millis":3212,"remote_call_attempts":31,"succeeded":true}}
[CANIC-OBSERVATION] {"schema_version":1,"process_id":17331,"parent_id":29,"observation":{"stage":"configured_canisters","elapsed_millis":409,"remote_call_attempts":4,"succeeded":true}}
[CANIC-OBSERVATION] {"schema_version":1,"process_id":17331,"parent_id":29,"observation":{"stage":"estate_funding","elapsed_millis":85,"remote_call_attempts":1,"succeeded":true}}
[CANIC-OBSERVATION] {"schema_version":1,"process_id":17331,"parent_id":29,"observation":{"stage":"pool_balances","elapsed_millis":0,"remote_call_attempts":0,"succeeded":true}}
[CANIC-OBSERVATION] {"schema_version":1,"process_id":17331,"parent_id":29,"observation":{"stage":"protocol_readiness","elapsed_millis":0,"remote_call_attempts":0,"succeeded":true}}
[CANIC-OBSERVATION] {"schema_version":1,"process_id":17331,"parent_id":29,"observation":{"stage":"ledger_fee","elapsed_millis":66,"remote_call_attempts":1,"succeeded":true}}
[CANIC-OBSERVATION] {"schema_version":1,"process_id":17331,"parent_id":29,"observation":{"stage":"operator_balance","elapsed_millis":98,"remote_call_attempts":1,"succeeded":true}}
[CANIC-OBSERVATION] {"schema_version":1,"process_id":17331,"parent_id":29,"observation":{"stage":"terminal_inventory","elapsed_millis":7018,"remote_call_attempts":18,"succeeded":true}}
[CANIC-OBSERVATION] {"schema_version":1,"process_id":17331,"parent_id":29,"observation":{"stage":"protocol_actions","elapsed_millis":3193,"remote_call_attempts":31,"succeeded":true}}
[FLEET-MEASURE] {"progress":{"applied_effects":0,"operation_id":"1ac912a2962b74315605009a0b8744c4c4bbf756fde792d2a8a647f225756217","phase":"terminal_verification","plan_sha256":"09c0898b426a642e6b05d2d18c94ba97b8d8f778639b08f22a6b6030d4435ae2","reviewed_effects":0,"state":{"kind":"advancing"}},"unix_ms":1789234298284}
[CANIC-OBSERVATION] {"schema_version":1,"process_id":17331,"parent_id":29,"observation":{"stage":"configured_canisters","elapsed_millis":444,"remote_call_attempts":4,"succeeded":true}}
[CANIC-OBSERVATION] {"schema_version":1,"process_id":17331,"parent_id":29,"observation":{"stage":"estate_funding","elapsed_millis":77,"remote_call_attempts":1,"succeeded":true}}
[CANIC-OBSERVATION] {"schema_version":1,"process_id":17331,"parent_id":29,"observation":{"stage":"pool_balances","elapsed_millis":0,"remote_call_attempts":0,"succeeded":true}}
[CANIC-OBSERVATION] {"schema_version":1,"process_id":17331,"parent_id":29,"observation":{"stage":"protocol_readiness","elapsed_millis":0,"remote_call_attempts":0,"succeeded":true}}
[CANIC-OBSERVATION] {"schema_version":1,"process_id":17331,"parent_id":29,"observation":{"stage":"ledger_fee","elapsed_millis":81,"remote_call_attempts":1,"succeeded":true}}
[CANIC-OBSERVATION] {"schema_version":1,"process_id":17331,"parent_id":29,"observation":{"stage":"operator_balance","elapsed_millis":73,"remote_call_attempts":1,"succeeded":true}}
[CANIC-OBSERVATION] {"schema_version":1,"process_id":17331,"parent_id":29,"observation":{"stage":"protocol_actions","elapsed_millis":3186,"remote_call_attempts":31,"succeeded":true}}
[CANIC-OBSERVATION] {"schema_version":1,"process_id":17331,"parent_id":29,"observation":{"stage":"terminal_inventory","elapsed_millis":7165,"remote_call_attempts":18,"succeeded":true}}
[CANIC-OBSERVATION] {"schema_version":1,"process_id":17331,"parent_id":29,"observation":{"stage":"configured_canisters","elapsed_millis":456,"remote_call_attempts":4,"succeeded":true}}
[CANIC-OBSERVATION] {"schema_version":1,"process_id":17331,"parent_id":29,"observation":{"stage":"estate_funding","elapsed_millis":64,"remote_call_attempts":1,"succeeded":true}}
[CANIC-OBSERVATION] {"schema_version":1,"process_id":17331,"parent_id":29,"observation":{"stage":"pool_balances","elapsed_millis":0,"remote_call_attempts":0,"succeeded":true}}
[CANIC-OBSERVATION] {"schema_version":1,"process_id":17331,"parent_id":29,"observation":{"stage":"protocol_readiness","elapsed_millis":0,"remote_call_attempts":0,"succeeded":true}}
[CANIC-OBSERVATION] {"schema_version":1,"process_id":17331,"parent_id":29,"observation":{"stage":"ledger_fee","elapsed_millis":65,"remote_call_attempts":1,"succeeded":true}}
[CANIC-OBSERVATION] {"schema_version":1,"process_id":17331,"parent_id":29,"observation":{"stage":"operator_balance","elapsed_millis":74,"remote_call_attempts":1,"succeeded":true}}
[FLEET-MEASURE] {"progress":{"applied_effects":0,"operation_id":"1ac912a2962b74315605009a0b8744c4c4bbf756fde792d2a8a647f225756217","phase":"complete","plan_sha256":"09c0898b426a642e6b05d2d18c94ba97b8d8f778639b08f22a6b6030d4435ae2","reviewed_effects":0,"state":{"kind":"complete"}},"unix_ms":1789234310137}
[CANIC-TIMING] {"schema_version":1,"process_id":17331,"span_id":29,"parent_id":23,"name":"reset_terminal_replay","state":"completed","elapsed_us":52394721}
[CANIC-TIMING] {"schema_version":1,"process_id":17331,"span_id":23,"parent_id":12,"name":"first_deliberate_wipe","state":"completed","elapsed_us":261335450}
[CANIC-TIMING] {"schema_version":1,"process_id":17331,"span_id":30,"parent_id":12,"name":"second_deliberate_wipe","state":"started","elapsed_us":0}
[CANIC-TIMING] {"schema_version":1,"process_id":17331,"span_id":31,"parent_id":30,"name":"seed_and_preparation_review","state":"started","elapsed_us":0}
[CANIC-OBSERVATION] {"schema_version":1,"process_id":17331,"parent_id":31,"observation":{"stage":"terminal_inventory","elapsed_millis":7025,"remote_call_attempts":18,"succeeded":true}}
[CANIC-OBSERVATION] {"schema_version":1,"process_id":17331,"parent_id":31,"observation":{"stage":"root_management","elapsed_millis":421,"remote_call_attempts":2,"succeeded":true}}
[CANIC-TIMING] {"schema_version":1,"process_id":17331,"span_id":31,"parent_id":30,"name":"seed_and_preparation_review","state":"completed","elapsed_us":8609500}
[CANIC-TIMING] {"schema_version":1,"process_id":17331,"span_id":32,"parent_id":30,"name":"preparation_seal_and_replay","state":"started","elapsed_us":0}
[CANIC-OBSERVATION] {"schema_version":1,"process_id":17331,"parent_id":32,"observation":{"stage":"root_management","elapsed_millis":424,"remote_call_attempts":2,"succeeded":true}}
[CANIC-OBSERVATION] {"schema_version":1,"process_id":17331,"parent_id":32,"observation":{"stage":"root_management","elapsed_millis":455,"remote_call_attempts":2,"succeeded":true}}
[FLEET-MEASURE] {"progress":{"applied_effects":0,"operation_id":"4a884592ddb324445b24bd77e180a36c47dd39d32dd6297e32005f46d60672c9","phase":"infrastructure","plan_sha256":"ec954af64f675d7ed1f45b6dd0ab33631ec3eeca6120d28ebee1ebda8cc4b6ac","reviewed_effects":2,"state":{"kind":"advancing"}},"unix_ms":1789234321732}
[CANIC-OBSERVATION] {"schema_version":1,"process_id":17331,"parent_id":32,"observation":{"stage":"root_management","elapsed_millis":443,"remote_call_attempts":2,"succeeded":true}}
[CANIC-OBSERVATION] {"schema_version":1,"process_id":17331,"parent_id":32,"observation":{"stage":"root_management","elapsed_millis":447,"remote_call_attempts":2,"succeeded":true}}
[FLEET-MEASURE] {"progress":{"applied_effects":2,"operation_id":"4a884592ddb324445b24bd77e180a36c47dd39d32dd6297e32005f46d60672c9","phase":"terminal_verification","plan_sha256":"ec954af64f675d7ed1f45b6dd0ab33631ec3eeca6120d28ebee1ebda8cc4b6ac","reviewed_effects":2,"state":{"kind":"advancing"}},"unix_ms":1789234328057}
[CANIC-OBSERVATION] {"schema_version":1,"process_id":17331,"parent_id":32,"observation":{"stage":"root_management","elapsed_millis":489,"remote_call_attempts":2,"succeeded":true}}
[FLEET-MEASURE] {"progress":{"applied_effects":2,"operation_id":"4a884592ddb324445b24bd77e180a36c47dd39d32dd6297e32005f46d60672c9","phase":"infrastructure","plan_sha256":"ec954af64f675d7ed1f45b6dd0ab33631ec3eeca6120d28ebee1ebda8cc4b6ac","reviewed_effects":2,"state":{"kind":"prerequisite_complete"}},"unix_ms":1789234329758}
[CANIC-OBSERVATION] {"schema_version":1,"process_id":17331,"parent_id":32,"observation":{"stage":"root_management","elapsed_millis":383,"remote_call_attempts":2,"succeeded":true}}
[CANIC-TIMING] {"schema_version":1,"process_id":17331,"span_id":32,"parent_id":30,"name":"preparation_seal_and_replay","state":"completed","elapsed_us":12597784}
[CANIC-TIMING] {"schema_version":1,"process_id":17331,"span_id":33,"parent_id":30,"name":"reset_review","state":"started","elapsed_us":0}
[CANIC-OBSERVATION] {"schema_version":1,"process_id":17331,"parent_id":33,"observation":{"stage":"root_management","elapsed_millis":482,"remote_call_attempts":2,"succeeded":true}}
[CANIC-OBSERVATION] {"schema_version":1,"process_id":17331,"parent_id":33,"observation":{"stage":"root_management","elapsed_millis":433,"remote_call_attempts":2,"succeeded":true}}
[CANIC-OBSERVATION] {"schema_version":1,"process_id":17331,"parent_id":33,"observation":{"stage":"terminal_inventory","elapsed_millis":7079,"remote_call_attempts":18,"succeeded":true}}
[CANIC-OBSERVATION] {"schema_version":1,"process_id":17331,"parent_id":33,"observation":{"stage":"configured_canisters","elapsed_millis":456,"remote_call_attempts":4,"succeeded":true}}
[CANIC-OBSERVATION] {"schema_version":1,"process_id":17331,"parent_id":33,"observation":{"stage":"estate_funding","elapsed_millis":67,"remote_call_attempts":1,"succeeded":true}}
[CANIC-OBSERVATION] {"schema_version":1,"process_id":17331,"parent_id":33,"observation":{"stage":"pool_balances","elapsed_millis":0,"remote_call_attempts":0,"succeeded":true}}
[CANIC-OBSERVATION] {"schema_version":1,"process_id":17331,"parent_id":33,"observation":{"stage":"protocol_readiness","elapsed_millis":0,"remote_call_attempts":0,"succeeded":true}}
[CANIC-OBSERVATION] {"schema_version":1,"process_id":17331,"parent_id":33,"observation":{"stage":"ledger_fee","elapsed_millis":88,"remote_call_attempts":1,"succeeded":true}}
[CANIC-OBSERVATION] {"schema_version":1,"process_id":17331,"parent_id":33,"observation":{"stage":"operator_balance","elapsed_millis":73,"remote_call_attempts":1,"succeeded":true}}
[CANIC-TIMING] {"schema_version":1,"process_id":17331,"span_id":33,"parent_id":30,"name":"reset_review","state":"completed","elapsed_us":13711398}
[CANIC-TIMING] {"schema_version":1,"process_id":17331,"span_id":34,"parent_id":30,"name":"reset_interruptions_and_recovery","state":"started","elapsed_us":0}
[CANIC-OBSERVATION] {"schema_version":1,"process_id":17331,"parent_id":34,"observation":{"stage":"root_management","elapsed_millis":483,"remote_call_attempts":2,"succeeded":true}}
[CANIC-OBSERVATION] {"schema_version":1,"process_id":17331,"parent_id":34,"observation":{"stage":"root_management","elapsed_millis":475,"remote_call_attempts":2,"succeeded":true}}
[CANIC-OBSERVATION] {"schema_version":1,"process_id":17331,"parent_id":34,"observation":{"stage":"terminal_inventory","elapsed_millis":7160,"remote_call_attempts":18,"succeeded":true}}
[CANIC-OBSERVATION] {"schema_version":1,"process_id":17331,"parent_id":34,"observation":{"stage":"configured_canisters","elapsed_millis":451,"remote_call_attempts":4,"succeeded":true}}
[CANIC-OBSERVATION] {"schema_version":1,"process_id":17331,"parent_id":34,"observation":{"stage":"estate_funding","elapsed_millis":78,"remote_call_attempts":1,"succeeded":true}}
[CANIC-OBSERVATION] {"schema_version":1,"process_id":17331,"parent_id":34,"observation":{"stage":"pool_balances","elapsed_millis":0,"remote_call_attempts":0,"succeeded":true}}
[CANIC-OBSERVATION] {"schema_version":1,"process_id":17331,"parent_id":34,"observation":{"stage":"protocol_readiness","elapsed_millis":0,"remote_call_attempts":0,"succeeded":true}}
[CANIC-OBSERVATION] {"schema_version":1,"process_id":17331,"parent_id":34,"observation":{"stage":"ledger_fee","elapsed_millis":97,"remote_call_attempts":1,"succeeded":true}}
[CANIC-OBSERVATION] {"schema_version":1,"process_id":17331,"parent_id":34,"observation":{"stage":"operator_balance","elapsed_millis":75,"remote_call_attempts":1,"succeeded":true}}
[FLEET-MEASURE] {"progress":{"applied_effects":0,"operation_id":"4a884592ddb324445b24bd77e180a36c47dd39d32dd6297e32005f46d60672c9","phase":"infrastructure","plan_sha256":"9fa5078d72d0bc7ccc5caa4ed17e6d1b0105aa94425b1188e5ca152424052d70","reviewed_effects":3,"state":{"kind":"advancing"}},"unix_ms":1789234358872}
[CANIC-OBSERVATION] {"schema_version":1,"process_id":17331,"parent_id":34,"observation":{"stage":"root_management","elapsed_millis":454,"remote_call_attempts":2,"succeeded":true}}
[CANIC-OBSERVATION] {"schema_version":1,"process_id":17331,"parent_id":34,"observation":{"stage":"root_management","elapsed_millis":452,"remote_call_attempts":2,"succeeded":true}}
[CANIC-OBSERVATION] {"schema_version":1,"process_id":17331,"parent_id":34,"observation":{"stage":"root_management","elapsed_millis":456,"remote_call_attempts":2,"succeeded":true}}
[CANIC-OBSERVATION] {"schema_version":1,"process_id":17331,"parent_id":34,"observation":{"stage":"root_management","elapsed_millis":453,"remote_call_attempts":2,"succeeded":true}}
[CANIC-OBSERVATION] {"schema_version":1,"process_id":17331,"parent_id":34,"observation":{"stage":"root_management","elapsed_millis":452,"remote_call_attempts":2,"succeeded":true}}
[CANIC-OBSERVATION] {"schema_version":1,"process_id":17331,"parent_id":34,"observation":{"stage":"root_management","elapsed_millis":459,"remote_call_attempts":2,"succeeded":true}}
[CANIC-OBSERVATION] {"schema_version":1,"process_id":17331,"parent_id":34,"observation":{"stage":"root_management","elapsed_millis":453,"remote_call_attempts":2,"succeeded":true}}
[CANIC-OBSERVATION] {"schema_version":1,"process_id":17331,"parent_id":34,"observation":{"stage":"root_management","elapsed_millis":453,"remote_call_attempts":2,"succeeded":true}}
[CANIC-OBSERVATION] {"schema_version":1,"process_id":17331,"parent_id":34,"observation":{"stage":"root_management","elapsed_millis":453,"remote_call_attempts":2,"succeeded":true}}
[FLEET-MEASURE] {"progress":{"applied_effects":3,"operation_id":"4a884592ddb324445b24bd77e180a36c47dd39d32dd6297e32005f46d60672c9","phase":"terminal_verification","plan_sha256":"9fa5078d72d0bc7ccc5caa4ed17e6d1b0105aa94425b1188e5ca152424052d70","reviewed_effects":3,"state":{"kind":"advancing"}},"unix_ms":1789234392150}
[CANIC-OBSERVATION] {"schema_version":1,"process_id":17331,"parent_id":34,"observation":{"stage":"configured_canisters","elapsed_millis":1699,"remote_call_attempts":10,"succeeded":true}}
[CANIC-OBSERVATION] {"schema_version":1,"process_id":17331,"parent_id":34,"observation":{"stage":"estate_funding","elapsed_millis":91,"remote_call_attempts":1,"succeeded":true}}
[CANIC-OBSERVATION] {"schema_version":1,"process_id":17331,"parent_id":34,"observation":{"stage":"pool_balances","elapsed_millis":303,"remote_call_attempts":0,"succeeded":true}}
[CANIC-OBSERVATION] {"schema_version":1,"process_id":17331,"parent_id":34,"observation":{"stage":"protocol_readiness","elapsed_millis":0,"remote_call_attempts":0,"succeeded":true}}
[CANIC-OBSERVATION] {"schema_version":1,"process_id":17331,"parent_id":34,"observation":{"stage":"ledger_fee","elapsed_millis":78,"remote_call_attempts":1,"succeeded":true}}
[CANIC-OBSERVATION] {"schema_version":1,"process_id":17331,"parent_id":34,"observation":{"stage":"operator_balance","elapsed_millis":77,"remote_call_attempts":1,"succeeded":true}}
[CANIC-OBSERVATION] {"schema_version":1,"process_id":17331,"parent_id":34,"observation":{"stage":"protocol_actions","elapsed_millis":944,"remote_call_attempts":3,"succeeded":true}}
[FLEET-MEASURE] {"progress":{"applied_effects":3,"operation_id":"4a884592ddb324445b24bd77e180a36c47dd39d32dd6297e32005f46d60672c9","phase":"terminal_verification","plan_sha256":"9fa5078d72d0bc7ccc5caa4ed17e6d1b0105aa94425b1188e5ca152424052d70","reviewed_effects":9,"state":{"kind":"prerequisite_complete"}},"unix_ms":1789234395529}
[FLEET-MEASURE] {"progress":{"applied_effects":3,"operation_id":"4a884592ddb324445b24bd77e180a36c47dd39d32dd6297e32005f46d60672c9","phase":"import_reconciliation","plan_sha256":"9fa5078d72d0bc7ccc5caa4ed17e6d1b0105aa94425b1188e5ca152424052d70","reviewed_effects":9,"state":{"kind":"advancing"}},"unix_ms":1789234395529}
[CANIC-OBSERVATION] {"schema_version":1,"process_id":17331,"parent_id":34,"observation":{"stage":"configured_canisters","elapsed_millis":1686,"remote_call_attempts":10,"succeeded":true}}
[CANIC-OBSERVATION] {"schema_version":1,"process_id":17331,"parent_id":34,"observation":{"stage":"estate_funding","elapsed_millis":88,"remote_call_attempts":1,"succeeded":true}}
[CANIC-OBSERVATION] {"schema_version":1,"process_id":17331,"parent_id":34,"observation":{"stage":"pool_balances","elapsed_millis":312,"remote_call_attempts":0,"succeeded":true}}
[CANIC-OBSERVATION] {"schema_version":1,"process_id":17331,"parent_id":34,"observation":{"stage":"protocol_readiness","elapsed_millis":0,"remote_call_attempts":0,"succeeded":true}}
[CANIC-OBSERVATION] {"schema_version":1,"process_id":17331,"parent_id":34,"observation":{"stage":"ledger_fee","elapsed_millis":85,"remote_call_attempts":1,"succeeded":true}}
[CANIC-OBSERVATION] {"schema_version":1,"process_id":17331,"parent_id":34,"observation":{"stage":"operator_balance","elapsed_millis":72,"remote_call_attempts":1,"succeeded":true}}
[FLEET-MEASURE] {"progress":{"applied_effects":9,"operation_id":"4a884592ddb324445b24bd77e180a36c47dd39d32dd6297e32005f46d60672c9","phase":"terminal_verification","plan_sha256":"9fa5078d72d0bc7ccc5caa4ed17e6d1b0105aa94425b1188e5ca152424052d70","reviewed_effects":9,"state":{"kind":"advancing"}},"unix_ms":1789234410637}
[CANIC-OBSERVATION] {"schema_version":1,"process_id":17331,"parent_id":34,"observation":{"stage":"configured_canisters","elapsed_millis":461,"remote_call_attempts":4,"succeeded":true}}
[CANIC-OBSERVATION] {"schema_version":1,"process_id":17331,"parent_id":34,"observation":{"stage":"estate_funding","elapsed_millis":84,"remote_call_attempts":1,"succeeded":true}}
[CANIC-OBSERVATION] {"schema_version":1,"process_id":17331,"parent_id":34,"observation":{"stage":"pool_balances","elapsed_millis":0,"remote_call_attempts":0,"succeeded":true}}
[CANIC-OBSERVATION] {"schema_version":1,"process_id":17331,"parent_id":34,"observation":{"stage":"protocol_readiness","elapsed_millis":0,"remote_call_attempts":0,"succeeded":true}}
[CANIC-OBSERVATION] {"schema_version":1,"process_id":17331,"parent_id":34,"observation":{"stage":"ledger_fee","elapsed_millis":64,"remote_call_attempts":1,"succeeded":true}}
[CANIC-OBSERVATION] {"schema_version":1,"process_id":17331,"parent_id":34,"observation":{"stage":"operator_balance","elapsed_millis":69,"remote_call_attempts":1,"succeeded":true}}
[CANIC-OBSERVATION] {"schema_version":1,"process_id":17331,"parent_id":34,"observation":{"stage":"protocol_actions","elapsed_millis":3444,"remote_call_attempts":34,"succeeded":true}}
[FLEET-MEASURE] {"progress":{"applied_effects":9,"operation_id":"4a884592ddb324445b24bd77e180a36c47dd39d32dd6297e32005f46d60672c9","phase":"terminal_verification","plan_sha256":"9fa5078d72d0bc7ccc5caa4ed17e6d1b0105aa94425b1188e5ca152424052d70","reviewed_effects":37,"state":{"kind":"prerequisite_complete"}},"unix_ms":1789234415717}
[FLEET-MEASURE] {"progress":{"applied_effects":9,"operation_id":"4a884592ddb324445b24bd77e180a36c47dd39d32dd6297e32005f46d60672c9","phase":"control_plane","plan_sha256":"9fa5078d72d0bc7ccc5caa4ed17e6d1b0105aa94425b1188e5ca152424052d70","reviewed_effects":37,"state":{"kind":"advancing"}},"unix_ms":1789234415718}
[FLEET-MEASURE] {"progress":{"applied_effects":35,"operation_id":"4a884592ddb324445b24bd77e180a36c47dd39d32dd6297e32005f46d60672c9","phase":"workload_provisioning","plan_sha256":"9fa5078d72d0bc7ccc5caa4ed17e6d1b0105aa94425b1188e5ca152424052d70","reviewed_effects":37,"state":{"kind":"advancing"}},"unix_ms":1789234456626}
[FLEET-MEASURE] {"progress":{"applied_effects":35,"operation_id":"4a884592ddb324445b24bd77e180a36c47dd39d32dd6297e32005f46d60672c9","phase":"workload_provisioning","plan_sha256":"9fa5078d72d0bc7ccc5caa4ed17e6d1b0105aa94425b1188e5ca152424052d70","reviewed_effects":37,"state":{"kind":"awaiting_progress"}},"unix_ms":1789234458120}
[FLEET-MEASURE] {"progress":{"applied_effects":35,"operation_id":"4a884592ddb324445b24bd77e180a36c47dd39d32dd6297e32005f46d60672c9","phase":"workload_provisioning","plan_sha256":"9fa5078d72d0bc7ccc5caa4ed17e6d1b0105aa94425b1188e5ca152424052d70","reviewed_effects":37,"state":{"kind":"awaiting_progress"}},"unix_ms":1789234458542}
[FLEET-MEASURE] {"progress":{"applied_effects":35,"operation_id":"4a884592ddb324445b24bd77e180a36c47dd39d32dd6297e32005f46d60672c9","phase":"workload_provisioning","plan_sha256":"9fa5078d72d0bc7ccc5caa4ed17e6d1b0105aa94425b1188e5ca152424052d70","reviewed_effects":37,"state":{"kind":"awaiting_progress"}},"unix_ms":1789234459672}
[FLEET-MEASURE] {"progress":{"applied_effects":35,"operation_id":"4a884592ddb324445b24bd77e180a36c47dd39d32dd6297e32005f46d60672c9","phase":"workload_provisioning","plan_sha256":"9fa5078d72d0bc7ccc5caa4ed17e6d1b0105aa94425b1188e5ca152424052d70","reviewed_effects":37,"state":{"kind":"awaiting_progress"}},"unix_ms":1789234460160}
[FLEET-MEASURE] {"progress":{"applied_effects":35,"operation_id":"4a884592ddb324445b24bd77e180a36c47dd39d32dd6297e32005f46d60672c9","phase":"workload_provisioning","plan_sha256":"9fa5078d72d0bc7ccc5caa4ed17e6d1b0105aa94425b1188e5ca152424052d70","reviewed_effects":37,"state":{"kind":"awaiting_progress"}},"unix_ms":1789234460637}
[FLEET-MEASURE] {"progress":{"applied_effects":35,"operation_id":"4a884592ddb324445b24bd77e180a36c47dd39d32dd6297e32005f46d60672c9","phase":"workload_provisioning","plan_sha256":"9fa5078d72d0bc7ccc5caa4ed17e6d1b0105aa94425b1188e5ca152424052d70","reviewed_effects":37,"state":{"kind":"awaiting_progress"}},"unix_ms":1789234461152}
[FLEET-MEASURE] {"progress":{"applied_effects":35,"operation_id":"4a884592ddb324445b24bd77e180a36c47dd39d32dd6297e32005f46d60672c9","phase":"workload_provisioning","plan_sha256":"9fa5078d72d0bc7ccc5caa4ed17e6d1b0105aa94425b1188e5ca152424052d70","reviewed_effects":37,"state":{"kind":"awaiting_progress"}},"unix_ms":1789234461605}
[FLEET-MEASURE] {"progress":{"applied_effects":35,"operation_id":"4a884592ddb324445b24bd77e180a36c47dd39d32dd6297e32005f46d60672c9","phase":"workload_provisioning","plan_sha256":"9fa5078d72d0bc7ccc5caa4ed17e6d1b0105aa94425b1188e5ca152424052d70","reviewed_effects":37,"state":{"kind":"awaiting_progress"}},"unix_ms":1789234462111}
[FLEET-MEASURE] {"progress":{"applied_effects":35,"operation_id":"4a884592ddb324445b24bd77e180a36c47dd39d32dd6297e32005f46d60672c9","phase":"workload_provisioning","plan_sha256":"9fa5078d72d0bc7ccc5caa4ed17e6d1b0105aa94425b1188e5ca152424052d70","reviewed_effects":37,"state":{"kind":"awaiting_progress"}},"unix_ms":1789234462607}
[FLEET-MEASURE] {"progress":{"applied_effects":35,"operation_id":"4a884592ddb324445b24bd77e180a36c47dd39d32dd6297e32005f46d60672c9","phase":"workload_provisioning","plan_sha256":"9fa5078d72d0bc7ccc5caa4ed17e6d1b0105aa94425b1188e5ca152424052d70","reviewed_effects":37,"state":{"kind":"awaiting_progress"}},"unix_ms":1789234463139}
[FLEET-MEASURE] {"progress":{"applied_effects":35,"operation_id":"4a884592ddb324445b24bd77e180a36c47dd39d32dd6297e32005f46d60672c9","phase":"workload_provisioning","plan_sha256":"9fa5078d72d0bc7ccc5caa4ed17e6d1b0105aa94425b1188e5ca152424052d70","reviewed_effects":37,"state":{"kind":"awaiting_progress"}},"unix_ms":1789234463670}
[FLEET-MEASURE] {"progress":{"applied_effects":35,"operation_id":"4a884592ddb324445b24bd77e180a36c47dd39d32dd6297e32005f46d60672c9","phase":"workload_provisioning","plan_sha256":"9fa5078d72d0bc7ccc5caa4ed17e6d1b0105aa94425b1188e5ca152424052d70","reviewed_effects":37,"state":{"kind":"awaiting_progress"}},"unix_ms":1789234464120}
[FLEET-MEASURE] {"progress":{"applied_effects":35,"operation_id":"4a884592ddb324445b24bd77e180a36c47dd39d32dd6297e32005f46d60672c9","phase":"workload_provisioning","plan_sha256":"9fa5078d72d0bc7ccc5caa4ed17e6d1b0105aa94425b1188e5ca152424052d70","reviewed_effects":37,"state":{"kind":"awaiting_progress"}},"unix_ms":1789234464745}
[FLEET-MEASURE] {"progress":{"applied_effects":35,"operation_id":"4a884592ddb324445b24bd77e180a36c47dd39d32dd6297e32005f46d60672c9","phase":"workload_provisioning","plan_sha256":"9fa5078d72d0bc7ccc5caa4ed17e6d1b0105aa94425b1188e5ca152424052d70","reviewed_effects":37,"state":{"kind":"awaiting_progress"}},"unix_ms":1789234465331}
[FLEET-MEASURE] {"progress":{"applied_effects":35,"operation_id":"4a884592ddb324445b24bd77e180a36c47dd39d32dd6297e32005f46d60672c9","phase":"workload_provisioning","plan_sha256":"9fa5078d72d0bc7ccc5caa4ed17e6d1b0105aa94425b1188e5ca152424052d70","reviewed_effects":37,"state":{"kind":"awaiting_progress"}},"unix_ms":1789234465910}
[FLEET-MEASURE] {"progress":{"applied_effects":35,"operation_id":"4a884592ddb324445b24bd77e180a36c47dd39d32dd6297e32005f46d60672c9","phase":"workload_provisioning","plan_sha256":"9fa5078d72d0bc7ccc5caa4ed17e6d1b0105aa94425b1188e5ca152424052d70","reviewed_effects":37,"state":{"kind":"awaiting_progress"}},"unix_ms":1789234466399}
[FLEET-MEASURE] {"progress":{"applied_effects":35,"operation_id":"4a884592ddb324445b24bd77e180a36c47dd39d32dd6297e32005f46d60672c9","phase":"workload_provisioning","plan_sha256":"9fa5078d72d0bc7ccc5caa4ed17e6d1b0105aa94425b1188e5ca152424052d70","reviewed_effects":37,"state":{"kind":"awaiting_progress"}},"unix_ms":1789234467065}
[FLEET-MEASURE] {"progress":{"applied_effects":35,"operation_id":"4a884592ddb324445b24bd77e180a36c47dd39d32dd6297e32005f46d60672c9","phase":"workload_provisioning","plan_sha256":"9fa5078d72d0bc7ccc5caa4ed17e6d1b0105aa94425b1188e5ca152424052d70","reviewed_effects":37,"state":{"kind":"awaiting_progress"}},"unix_ms":1789234467515}
[FLEET-MEASURE] {"progress":{"applied_effects":35,"operation_id":"4a884592ddb324445b24bd77e180a36c47dd39d32dd6297e32005f46d60672c9","phase":"workload_provisioning","plan_sha256":"9fa5078d72d0bc7ccc5caa4ed17e6d1b0105aa94425b1188e5ca152424052d70","reviewed_effects":37,"state":{"kind":"awaiting_progress"}},"unix_ms":1789234468355}
[FLEET-MEASURE] {"progress":{"applied_effects":35,"operation_id":"4a884592ddb324445b24bd77e180a36c47dd39d32dd6297e32005f46d60672c9","phase":"workload_provisioning","plan_sha256":"9fa5078d72d0bc7ccc5caa4ed17e6d1b0105aa94425b1188e5ca152424052d70","reviewed_effects":37,"state":{"kind":"awaiting_progress"}},"unix_ms":1789234468940}
[FLEET-MEASURE] {"progress":{"applied_effects":35,"operation_id":"4a884592ddb324445b24bd77e180a36c47dd39d32dd6297e32005f46d60672c9","phase":"workload_provisioning","plan_sha256":"9fa5078d72d0bc7ccc5caa4ed17e6d1b0105aa94425b1188e5ca152424052d70","reviewed_effects":37,"state":{"kind":"awaiting_progress"}},"unix_ms":1789234469773}
[FLEET-MEASURE] {"progress":{"applied_effects":35,"operation_id":"4a884592ddb324445b24bd77e180a36c47dd39d32dd6297e32005f46d60672c9","phase":"workload_provisioning","plan_sha256":"9fa5078d72d0bc7ccc5caa4ed17e6d1b0105aa94425b1188e5ca152424052d70","reviewed_effects":37,"state":{"kind":"awaiting_progress"}},"unix_ms":1789234470246}
[FLEET-MEASURE] {"progress":{"applied_effects":35,"operation_id":"4a884592ddb324445b24bd77e180a36c47dd39d32dd6297e32005f46d60672c9","phase":"workload_provisioning","plan_sha256":"9fa5078d72d0bc7ccc5caa4ed17e6d1b0105aa94425b1188e5ca152424052d70","reviewed_effects":37,"state":{"kind":"awaiting_progress"}},"unix_ms":1789234470814}
[FLEET-MEASURE] {"progress":{"applied_effects":35,"operation_id":"4a884592ddb324445b24bd77e180a36c47dd39d32dd6297e32005f46d60672c9","phase":"workload_provisioning","plan_sha256":"9fa5078d72d0bc7ccc5caa4ed17e6d1b0105aa94425b1188e5ca152424052d70","reviewed_effects":37,"state":{"kind":"awaiting_progress"}},"unix_ms":1789234471281}
[FLEET-MEASURE] {"progress":{"applied_effects":35,"operation_id":"4a884592ddb324445b24bd77e180a36c47dd39d32dd6297e32005f46d60672c9","phase":"workload_provisioning","plan_sha256":"9fa5078d72d0bc7ccc5caa4ed17e6d1b0105aa94425b1188e5ca152424052d70","reviewed_effects":37,"state":{"kind":"awaiting_progress"}},"unix_ms":1789234471900}
[FLEET-MEASURE] {"progress":{"applied_effects":35,"operation_id":"4a884592ddb324445b24bd77e180a36c47dd39d32dd6297e32005f46d60672c9","phase":"workload_provisioning","plan_sha256":"9fa5078d72d0bc7ccc5caa4ed17e6d1b0105aa94425b1188e5ca152424052d70","reviewed_effects":37,"state":{"kind":"awaiting_progress"}},"unix_ms":1789234472401}
[FLEET-MEASURE] {"progress":{"applied_effects":35,"operation_id":"4a884592ddb324445b24bd77e180a36c47dd39d32dd6297e32005f46d60672c9","phase":"workload_provisioning","plan_sha256":"9fa5078d72d0bc7ccc5caa4ed17e6d1b0105aa94425b1188e5ca152424052d70","reviewed_effects":37,"state":{"kind":"awaiting_progress"}},"unix_ms":1789234472920}
[FLEET-MEASURE] {"progress":{"applied_effects":35,"operation_id":"4a884592ddb324445b24bd77e180a36c47dd39d32dd6297e32005f46d60672c9","phase":"workload_provisioning","plan_sha256":"9fa5078d72d0bc7ccc5caa4ed17e6d1b0105aa94425b1188e5ca152424052d70","reviewed_effects":37,"state":{"kind":"awaiting_progress"}},"unix_ms":1789234473310}
[FLEET-MEASURE] {"progress":{"applied_effects":35,"operation_id":"4a884592ddb324445b24bd77e180a36c47dd39d32dd6297e32005f46d60672c9","phase":"workload_provisioning","plan_sha256":"9fa5078d72d0bc7ccc5caa4ed17e6d1b0105aa94425b1188e5ca152424052d70","reviewed_effects":37,"state":{"kind":"awaiting_progress"}},"unix_ms":1789234473783}
[FLEET-MEASURE] {"progress":{"applied_effects":35,"operation_id":"4a884592ddb324445b24bd77e180a36c47dd39d32dd6297e32005f46d60672c9","phase":"workload_provisioning","plan_sha256":"9fa5078d72d0bc7ccc5caa4ed17e6d1b0105aa94425b1188e5ca152424052d70","reviewed_effects":37,"state":{"kind":"awaiting_progress"}},"unix_ms":1789234474261}
[FLEET-MEASURE] {"progress":{"applied_effects":35,"operation_id":"4a884592ddb324445b24bd77e180a36c47dd39d32dd6297e32005f46d60672c9","phase":"workload_provisioning","plan_sha256":"9fa5078d72d0bc7ccc5caa4ed17e6d1b0105aa94425b1188e5ca152424052d70","reviewed_effects":37,"state":{"kind":"awaiting_progress"}},"unix_ms":1789234474725}
[FLEET-MEASURE] {"progress":{"applied_effects":35,"operation_id":"4a884592ddb324445b24bd77e180a36c47dd39d32dd6297e32005f46d60672c9","phase":"workload_provisioning","plan_sha256":"9fa5078d72d0bc7ccc5caa4ed17e6d1b0105aa94425b1188e5ca152424052d70","reviewed_effects":37,"state":{"kind":"awaiting_progress"}},"unix_ms":1789234475150}
[FLEET-MEASURE] {"progress":{"applied_effects":35,"operation_id":"4a884592ddb324445b24bd77e180a36c47dd39d32dd6297e32005f46d60672c9","phase":"workload_provisioning","plan_sha256":"9fa5078d72d0bc7ccc5caa4ed17e6d1b0105aa94425b1188e5ca152424052d70","reviewed_effects":37,"state":{"kind":"awaiting_progress"}},"unix_ms":1789234475651}
[FLEET-MEASURE] {"progress":{"applied_effects":35,"operation_id":"4a884592ddb324445b24bd77e180a36c47dd39d32dd6297e32005f46d60672c9","phase":"workload_provisioning","plan_sha256":"9fa5078d72d0bc7ccc5caa4ed17e6d1b0105aa94425b1188e5ca152424052d70","reviewed_effects":37,"state":{"kind":"awaiting_progress"}},"unix_ms":1789234476129}
[FLEET-MEASURE] {"progress":{"applied_effects":35,"operation_id":"4a884592ddb324445b24bd77e180a36c47dd39d32dd6297e32005f46d60672c9","phase":"workload_provisioning","plan_sha256":"9fa5078d72d0bc7ccc5caa4ed17e6d1b0105aa94425b1188e5ca152424052d70","reviewed_effects":37,"state":{"kind":"awaiting_progress"}},"unix_ms":1789234476932}
[FLEET-MEASURE] {"progress":{"applied_effects":35,"operation_id":"4a884592ddb324445b24bd77e180a36c47dd39d32dd6297e32005f46d60672c9","phase":"workload_provisioning","plan_sha256":"9fa5078d72d0bc7ccc5caa4ed17e6d1b0105aa94425b1188e5ca152424052d70","reviewed_effects":37,"state":{"kind":"awaiting_progress"}},"unix_ms":1789234477407}
[FLEET-MEASURE] {"progress":{"applied_effects":35,"operation_id":"4a884592ddb324445b24bd77e180a36c47dd39d32dd6297e32005f46d60672c9","phase":"workload_provisioning","plan_sha256":"9fa5078d72d0bc7ccc5caa4ed17e6d1b0105aa94425b1188e5ca152424052d70","reviewed_effects":37,"state":{"kind":"awaiting_progress"}},"unix_ms":1789234477830}
[FLEET-MEASURE] {"progress":{"applied_effects":35,"operation_id":"4a884592ddb324445b24bd77e180a36c47dd39d32dd6297e32005f46d60672c9","phase":"workload_provisioning","plan_sha256":"9fa5078d72d0bc7ccc5caa4ed17e6d1b0105aa94425b1188e5ca152424052d70","reviewed_effects":37,"state":{"kind":"awaiting_progress"}},"unix_ms":1789234478510}
[FLEET-MEASURE] {"progress":{"applied_effects":35,"operation_id":"4a884592ddb324445b24bd77e180a36c47dd39d32dd6297e32005f46d60672c9","phase":"workload_provisioning","plan_sha256":"9fa5078d72d0bc7ccc5caa4ed17e6d1b0105aa94425b1188e5ca152424052d70","reviewed_effects":37,"state":{"kind":"awaiting_progress"}},"unix_ms":1789234478923}
[FLEET-MEASURE] {"progress":{"applied_effects":35,"operation_id":"4a884592ddb324445b24bd77e180a36c47dd39d32dd6297e32005f46d60672c9","phase":"workload_provisioning","plan_sha256":"9fa5078d72d0bc7ccc5caa4ed17e6d1b0105aa94425b1188e5ca152424052d70","reviewed_effects":37,"state":{"kind":"awaiting_progress"}},"unix_ms":1789234479397}
[FLEET-MEASURE] {"progress":{"applied_effects":35,"operation_id":"4a884592ddb324445b24bd77e180a36c47dd39d32dd6297e32005f46d60672c9","phase":"workload_provisioning","plan_sha256":"9fa5078d72d0bc7ccc5caa4ed17e6d1b0105aa94425b1188e5ca152424052d70","reviewed_effects":37,"state":{"kind":"awaiting_progress"}},"unix_ms":1789234479883}
[FLEET-MEASURE] {"progress":{"applied_effects":36,"operation_id":"4a884592ddb324445b24bd77e180a36c47dd39d32dd6297e32005f46d60672c9","phase":"pool_readiness","plan_sha256":"9fa5078d72d0bc7ccc5caa4ed17e6d1b0105aa94425b1188e5ca152424052d70","reviewed_effects":37,"state":{"kind":"advancing"}},"unix_ms":1789234480319}
[FLEET-MEASURE] {"progress":{"applied_effects":37,"operation_id":"4a884592ddb324445b24bd77e180a36c47dd39d32dd6297e32005f46d60672c9","phase":"terminal_verification","plan_sha256":"9fa5078d72d0bc7ccc5caa4ed17e6d1b0105aa94425b1188e5ca152424052d70","reviewed_effects":37,"state":{"kind":"advancing"}},"unix_ms":1789234481066}
[CANIC-OBSERVATION] {"schema_version":1,"process_id":17331,"parent_id":34,"observation":{"stage":"configured_canisters","elapsed_millis":380,"remote_call_attempts":4,"succeeded":true}}
[CANIC-OBSERVATION] {"schema_version":1,"process_id":17331,"parent_id":34,"observation":{"stage":"estate_funding","elapsed_millis":84,"remote_call_attempts":1,"succeeded":true}}
[CANIC-OBSERVATION] {"schema_version":1,"process_id":17331,"parent_id":34,"observation":{"stage":"pool_balances","elapsed_millis":0,"remote_call_attempts":0,"succeeded":true}}
[CANIC-OBSERVATION] {"schema_version":1,"process_id":17331,"parent_id":34,"observation":{"stage":"protocol_readiness","elapsed_millis":0,"remote_call_attempts":0,"succeeded":true}}
[CANIC-OBSERVATION] {"schema_version":1,"process_id":17331,"parent_id":34,"observation":{"stage":"ledger_fee","elapsed_millis":85,"remote_call_attempts":1,"succeeded":true}}
[CANIC-OBSERVATION] {"schema_version":1,"process_id":17331,"parent_id":34,"observation":{"stage":"operator_balance","elapsed_millis":102,"remote_call_attempts":1,"succeeded":true}}
[CANIC-OBSERVATION] {"schema_version":1,"process_id":17331,"parent_id":34,"observation":{"stage":"protocol_actions","elapsed_millis":3390,"remote_call_attempts":31,"succeeded":true}}
[CANIC-OBSERVATION] {"schema_version":1,"process_id":17331,"parent_id":34,"observation":{"stage":"terminal_inventory","elapsed_millis":7257,"remote_call_attempts":18,"succeeded":true}}
[CANIC-OBSERVATION] {"schema_version":1,"process_id":17331,"parent_id":34,"observation":{"stage":"configured_canisters","elapsed_millis":463,"remote_call_attempts":4,"succeeded":true}}
[CANIC-OBSERVATION] {"schema_version":1,"process_id":17331,"parent_id":34,"observation":{"stage":"estate_funding","elapsed_millis":83,"remote_call_attempts":1,"succeeded":true}}
[CANIC-OBSERVATION] {"schema_version":1,"process_id":17331,"parent_id":34,"observation":{"stage":"pool_balances","elapsed_millis":0,"remote_call_attempts":0,"succeeded":true}}
[CANIC-OBSERVATION] {"schema_version":1,"process_id":17331,"parent_id":34,"observation":{"stage":"protocol_readiness","elapsed_millis":0,"remote_call_attempts":0,"succeeded":true}}
[CANIC-OBSERVATION] {"schema_version":1,"process_id":17331,"parent_id":34,"observation":{"stage":"ledger_fee","elapsed_millis":84,"remote_call_attempts":1,"succeeded":true}}
[CANIC-OBSERVATION] {"schema_version":1,"process_id":17331,"parent_id":34,"observation":{"stage":"operator_balance","elapsed_millis":100,"remote_call_attempts":1,"succeeded":true}}
[CANIC-OBSERVATION] {"schema_version":1,"process_id":17331,"parent_id":34,"observation":{"stage":"root_management","elapsed_millis":414,"remote_call_attempts":2,"succeeded":true}}
[FLEET-MEASURE] {"progress":{"applied_effects":37,"operation_id":"4a884592ddb324445b24bd77e180a36c47dd39d32dd6297e32005f46d60672c9","phase":"complete","plan_sha256":"9fa5078d72d0bc7ccc5caa4ed17e6d1b0105aa94425b1188e5ca152424052d70","reviewed_effects":37,"state":{"kind":"complete"}},"unix_ms":1789234497387}
[CANIC-TIMING] {"schema_version":1,"process_id":17331,"span_id":34,"parent_id":30,"name":"reset_interruptions_and_recovery","state":"completed","elapsed_us":152334985}
[CANIC-TIMING] {"schema_version":1,"process_id":17331,"span_id":35,"parent_id":30,"name":"reset_state_and_conservation","state":"started","elapsed_us":0}
[CANIC-TIMING] {"schema_version":1,"process_id":17331,"span_id":35,"parent_id":30,"name":"reset_state_and_conservation","state":"completed","elapsed_us":116861}
[CANIC-TIMING] {"schema_version":1,"process_id":17331,"span_id":36,"parent_id":30,"name":"reset_terminal_replay","state":"started","elapsed_us":0}
[CANIC-OBSERVATION] {"schema_version":1,"process_id":17331,"parent_id":36,"observation":{"stage":"configured_canisters","elapsed_millis":511,"remote_call_attempts":4,"succeeded":true}}
[CANIC-OBSERVATION] {"schema_version":1,"process_id":17331,"parent_id":36,"observation":{"stage":"estate_funding","elapsed_millis":83,"remote_call_attempts":1,"succeeded":true}}
[CANIC-OBSERVATION] {"schema_version":1,"process_id":17331,"parent_id":36,"observation":{"stage":"pool_balances","elapsed_millis":0,"remote_call_attempts":0,"succeeded":true}}
[CANIC-OBSERVATION] {"schema_version":1,"process_id":17331,"parent_id":36,"observation":{"stage":"protocol_readiness","elapsed_millis":0,"remote_call_attempts":0,"succeeded":true}}
[CANIC-OBSERVATION] {"schema_version":1,"process_id":17331,"parent_id":36,"observation":{"stage":"ledger_fee","elapsed_millis":79,"remote_call_attempts":1,"succeeded":true}}
[CANIC-OBSERVATION] {"schema_version":1,"process_id":17331,"parent_id":36,"observation":{"stage":"operator_balance","elapsed_millis":71,"remote_call_attempts":1,"succeeded":true}}
[CANIC-OBSERVATION] {"schema_version":1,"process_id":17331,"parent_id":36,"observation":{"stage":"protocol_actions","elapsed_millis":3331,"remote_call_attempts":31,"succeeded":true}}
[CANIC-OBSERVATION] {"schema_version":1,"process_id":17331,"parent_id":36,"observation":{"stage":"terminal_inventory","elapsed_millis":7142,"remote_call_attempts":18,"succeeded":true}}
[CANIC-OBSERVATION] {"schema_version":1,"process_id":17331,"parent_id":36,"observation":{"stage":"configured_canisters","elapsed_millis":453,"remote_call_attempts":4,"succeeded":true}}
[CANIC-OBSERVATION] {"schema_version":1,"process_id":17331,"parent_id":36,"observation":{"stage":"estate_funding","elapsed_millis":66,"remote_call_attempts":1,"succeeded":true}}
[CANIC-OBSERVATION] {"schema_version":1,"process_id":17331,"parent_id":36,"observation":{"stage":"pool_balances","elapsed_millis":0,"remote_call_attempts":0,"succeeded":true}}
[CANIC-OBSERVATION] {"schema_version":1,"process_id":17331,"parent_id":36,"observation":{"stage":"protocol_readiness","elapsed_millis":0,"remote_call_attempts":0,"succeeded":true}}
[CANIC-OBSERVATION] {"schema_version":1,"process_id":17331,"parent_id":36,"observation":{"stage":"ledger_fee","elapsed_millis":113,"remote_call_attempts":1,"succeeded":true}}
[CANIC-OBSERVATION] {"schema_version":1,"process_id":17331,"parent_id":36,"observation":{"stage":"operator_balance","elapsed_millis":81,"remote_call_attempts":1,"succeeded":true}}
[CANIC-OBSERVATION] {"schema_version":1,"process_id":17331,"parent_id":36,"observation":{"stage":"root_management","elapsed_millis":425,"remote_call_attempts":2,"succeeded":true}}
[FLEET-MEASURE] {"progress":{"applied_effects":37,"operation_id":"4a884592ddb324445b24bd77e180a36c47dd39d32dd6297e32005f46d60672c9","phase":"complete","plan_sha256":"9fa5078d72d0bc7ccc5caa4ed17e6d1b0105aa94425b1188e5ca152424052d70","reviewed_effects":37,"state":{"kind":"complete"}},"unix_ms":1789234514481}
[CANIC-OBSERVATION] {"schema_version":1,"process_id":17331,"parent_id":36,"observation":{"stage":"root_management","elapsed_millis":361,"remote_call_attempts":1,"succeeded":true}}
[CANIC-OBSERVATION] {"schema_version":1,"process_id":17331,"parent_id":36,"observation":{"stage":"configured_canisters","elapsed_millis":437,"remote_call_attempts":4,"succeeded":true}}
[CANIC-OBSERVATION] {"schema_version":1,"process_id":17331,"parent_id":36,"observation":{"stage":"estate_funding","elapsed_millis":82,"remote_call_attempts":1,"succeeded":true}}
[CANIC-OBSERVATION] {"schema_version":1,"process_id":17331,"parent_id":36,"observation":{"stage":"pool_balances","elapsed_millis":0,"remote_call_attempts":0,"succeeded":true}}
[CANIC-OBSERVATION] {"schema_version":1,"process_id":17331,"parent_id":36,"observation":{"stage":"protocol_readiness","elapsed_millis":0,"remote_call_attempts":0,"succeeded":true}}
[CANIC-OBSERVATION] {"schema_version":1,"process_id":17331,"parent_id":36,"observation":{"stage":"ledger_fee","elapsed_millis":80,"remote_call_attempts":1,"succeeded":true}}
[CANIC-OBSERVATION] {"schema_version":1,"process_id":17331,"parent_id":36,"observation":{"stage":"operator_balance","elapsed_millis":107,"remote_call_attempts":1,"succeeded":true}}
[CANIC-OBSERVATION] {"schema_version":1,"process_id":17331,"parent_id":36,"observation":{"stage":"terminal_inventory","elapsed_millis":7171,"remote_call_attempts":18,"succeeded":true}}
[CANIC-OBSERVATION] {"schema_version":1,"process_id":17331,"parent_id":36,"observation":{"stage":"protocol_actions","elapsed_millis":3251,"remote_call_attempts":31,"succeeded":true}}
[CANIC-OBSERVATION] {"schema_version":1,"process_id":17331,"parent_id":36,"observation":{"stage":"configured_canisters","elapsed_millis":489,"remote_call_attempts":4,"succeeded":true}}
[CANIC-OBSERVATION] {"schema_version":1,"process_id":17331,"parent_id":36,"observation":{"stage":"estate_funding","elapsed_millis":68,"remote_call_attempts":1,"succeeded":true}}
[CANIC-OBSERVATION] {"schema_version":1,"process_id":17331,"parent_id":36,"observation":{"stage":"pool_balances","elapsed_millis":0,"remote_call_attempts":0,"succeeded":true}}
[CANIC-OBSERVATION] {"schema_version":1,"process_id":17331,"parent_id":36,"observation":{"stage":"protocol_readiness","elapsed_millis":0,"remote_call_attempts":0,"succeeded":true}}
[CANIC-OBSERVATION] {"schema_version":1,"process_id":17331,"parent_id":36,"observation":{"stage":"ledger_fee","elapsed_millis":82,"remote_call_attempts":1,"succeeded":true}}
[CANIC-OBSERVATION] {"schema_version":1,"process_id":17331,"parent_id":36,"observation":{"stage":"operator_balance","elapsed_millis":77,"remote_call_attempts":1,"succeeded":true}}
[CANIC-OBSERVATION] {"schema_version":1,"process_id":17331,"parent_id":36,"observation":{"stage":"terminal_inventory","elapsed_millis":7175,"remote_call_attempts":18,"succeeded":true}}
[CANIC-OBSERVATION] {"schema_version":1,"process_id":17331,"parent_id":36,"observation":{"stage":"protocol_actions","elapsed_millis":3231,"remote_call_attempts":31,"succeeded":true}}
[FLEET-MEASURE] {"progress":{"applied_effects":0,"operation_id":"4a884592ddb324445b24bd77e180a36c47dd39d32dd6297e32005f46d60672c9","phase":"terminal_verification","plan_sha256":"ec3a86b6eb35accdf5d45cd31edc7ae7e99bf441bf89a56f26fe302a784035e3","reviewed_effects":0,"state":{"kind":"advancing"}},"unix_ms":1789234538546}
[CANIC-OBSERVATION] {"schema_version":1,"process_id":17331,"parent_id":36,"observation":{"stage":"configured_canisters","elapsed_millis":494,"remote_call_attempts":4,"succeeded":true}}
[CANIC-OBSERVATION] {"schema_version":1,"process_id":17331,"parent_id":36,"observation":{"stage":"estate_funding","elapsed_millis":80,"remote_call_attempts":1,"succeeded":true}}
[CANIC-OBSERVATION] {"schema_version":1,"process_id":17331,"parent_id":36,"observation":{"stage":"pool_balances","elapsed_millis":0,"remote_call_attempts":0,"succeeded":true}}
[CANIC-OBSERVATION] {"schema_version":1,"process_id":17331,"parent_id":36,"observation":{"stage":"protocol_readiness","elapsed_millis":0,"remote_call_attempts":0,"succeeded":true}}
[CANIC-OBSERVATION] {"schema_version":1,"process_id":17331,"parent_id":36,"observation":{"stage":"ledger_fee","elapsed_millis":81,"remote_call_attempts":1,"succeeded":true}}
[CANIC-OBSERVATION] {"schema_version":1,"process_id":17331,"parent_id":36,"observation":{"stage":"operator_balance","elapsed_millis":66,"remote_call_attempts":1,"succeeded":true}}
[CANIC-OBSERVATION] {"schema_version":1,"process_id":17331,"parent_id":36,"observation":{"stage":"protocol_actions","elapsed_millis":3260,"remote_call_attempts":31,"succeeded":true}}
[CANIC-OBSERVATION] {"schema_version":1,"process_id":17331,"parent_id":36,"observation":{"stage":"terminal_inventory","elapsed_millis":7129,"remote_call_attempts":18,"succeeded":true}}
[CANIC-OBSERVATION] {"schema_version":1,"process_id":17331,"parent_id":36,"observation":{"stage":"configured_canisters","elapsed_millis":456,"remote_call_attempts":4,"succeeded":true}}
[CANIC-OBSERVATION] {"schema_version":1,"process_id":17331,"parent_id":36,"observation":{"stage":"estate_funding","elapsed_millis":67,"remote_call_attempts":1,"succeeded":true}}
[CANIC-OBSERVATION] {"schema_version":1,"process_id":17331,"parent_id":36,"observation":{"stage":"pool_balances","elapsed_millis":0,"remote_call_attempts":0,"succeeded":true}}
[CANIC-OBSERVATION] {"schema_version":1,"process_id":17331,"parent_id":36,"observation":{"stage":"protocol_readiness","elapsed_millis":0,"remote_call_attempts":0,"succeeded":true}}
[CANIC-OBSERVATION] {"schema_version":1,"process_id":17331,"parent_id":36,"observation":{"stage":"ledger_fee","elapsed_millis":85,"remote_call_attempts":1,"succeeded":true}}
[CANIC-OBSERVATION] {"schema_version":1,"process_id":17331,"parent_id":36,"observation":{"stage":"operator_balance","elapsed_millis":70,"remote_call_attempts":1,"succeeded":true}}
[FLEET-MEASURE] {"progress":{"applied_effects":0,"operation_id":"4a884592ddb324445b24bd77e180a36c47dd39d32dd6297e32005f46d60672c9","phase":"complete","plan_sha256":"ec3a86b6eb35accdf5d45cd31edc7ae7e99bf441bf89a56f26fe302a784035e3","reviewed_effects":0,"state":{"kind":"complete"}},"unix_ms":1789234550504}
[CANIC-TIMING] {"schema_version":1,"process_id":17331,"span_id":36,"parent_id":30,"name":"reset_terminal_replay","state":"completed","elapsed_us":52990779}
[CANIC-TIMING] {"schema_version":1,"process_id":17331,"span_id":30,"parent_id":12,"name":"second_deliberate_wipe","state":"completed","elapsed_us":240367006}
[CANIC-TIMING] {"schema_version":1,"process_id":17331,"span_id":12,"parent_id":1,"name":"selected_build_reinstall","state":"completed","elapsed_us":558884401}
[CANIC-TIMING] {"schema_version":1,"process_id":17331,"span_id":37,"parent_id":1,"name":"public_memory_allocation_qualification","state":"started","elapsed_us":0}
CANIC164 role=root physical_bytes=469827584 measured_ids=255 sample_ns=1789234851476405767
CANIC164 role=user_shard physical_bytes=243335168 measured_ids=255 sample_ns=1789234851476405767
CANIC164 role=scale_hub physical_bytes=218169344 measured_ids=255 sample_ns=1789234851476405767
CANIC164 role=app physical_bytes=218169344 measured_ids=255 sample_ns=1789234851476405767
CANIC164 role=scale_replica physical_bytes=218169344 measured_ids=255 sample_ns=1789234851476405767
CANIC164 role=user_hub physical_bytes=260112384 measured_ids=255 sample_ns=1789234851476405767
[CANIC-TIMING] {"schema_version":1,"process_id":17331,"span_id":37,"parent_id":1,"name":"public_memory_allocation_qualification","state":"completed","elapsed_us":33081666}
[CANIC-TIMING] {"schema_version":1,"process_id":17331,"span_id":38,"parent_id":1,"name":"cleanup","state":"started","elapsed_us":0}
[FLEET]      DONE   literal-zero production-adapter journey complete    13m 43s
[CANIC-TIMING] {"schema_version":1,"process_id":17331,"span_id":38,"parent_id":1,"name":"cleanup","state":"completed","elapsed_us":118027}
[CANIC-TIMING] {"schema_version":1,"process_id":17331,"span_id":1,"parent_id":null,"name":"production_adapter_journey","state":"completed","elapsed_us":823914077}
ok

test result: ok. 1 passed; 0 failed; 0 ignored; 0 measured; 68 filtered out; finished in 824.01s

==> shared PocketIC resources after targeted canic-testing-internal PocketIC proof: rss=721968 kB high_water=2412520 kB threads=22
==> targeted canic-testing-internal PocketIC proof done in 838s

==> workspace timing summary
kind             elapsed  result label
----             -------  ------ -----
pocketic-serial  838s     PASS   targeted canic-testing-internal PocketIC proof
workspace runner wall time: 839s
WORKSPACE TESTS PASSED: all requested suites succeeded.
==> leaving Cargo build artifacts intact
==> clearing invocation-owned test scratch: test-runtime.OazGxX
