profile	owner_class	disposition	method	mode	signature	endpoint_source	compile_condition	authority_and_payload	delegate	replay_policy	protocol_constant	in_repo_references	rust_signature	replacement	executable_callers
fleet-subnet-root	canic-owned	role-status-variant	canic_authority_restore_fence_status	query	canic_authority_restore_fence_status : () -> (Result) query;	crates/canic/src/macros/endpoints/shared.rs:12	always	#[$crate::canic_query(requires(caller::is_controller()))]	$crate::__internal::core::api::authority_restore::AuthorityRestoreApi::status()	query_read_only	CANIC_AUTHORITY_RESTORE_FENCE_STATUS	crates/canic-core/src/domain/policy/pure/fleet_activation.rs:281;crates/canic-core/src/domain/policy/pure/fleet_activation.rs:39;crates/canic-testing-internal/src/pic/fleet_coordinator/mod.rs:293;crates/canic-testing-internal/src/pic/fleet_registry/baseline.rs:105;crates/canic-testing-internal/src/pic/fleet_registry/baseline.rs:874;crates/canic/tests/protocol_surface.rs:2775	async fn canic_authority_restore_fence_status() -> Result< ::canic::dto::authority_restore::AuthorityRestoreFenceStatusResponse, ::canic::Error, >	RootStatusRequest::AuthorityRestore	crates/canic-testing-internal/src/pic/fleet_coordinator/mod.rs:293;crates/canic-testing-internal/src/pic/fleet_registry/baseline.rs:105;crates/canic-testing-internal/src/pic/fleet_registry/baseline.rs:874
fleet-subnet-root	canic-owned	role-command-variant	canic_authority_snapshot_prepare	update	canic_authority_snapshot_prepare : (AuthoritySnapshotRequest) -> (Result);	crates/canic/src/macros/endpoints/shared.rs:20	always	#[$crate::canic_update(requires(caller::is_controller()))]	$crate::__internal::core::api::authority_restore::AuthorityRestoreApi::prepare_snapshot(	update_response_idempotent	CANIC_AUTHORITY_SNAPSHOT_PREPARE	crates/canic-core/src/domain/policy/pure/authority_restore.rs:31;crates/canic-core/src/domain/policy/pure/authority_restore.rs:47;crates/canic-core/src/domain/policy/pure/authority_restore.rs:7;crates/canic-core/src/domain/policy/pure/fleet_activation.rs:284;crates/canic-core/src/domain/policy/pure/fleet_activation.rs:39;crates/canic-testing-internal/src/pic/fleet_coordinator/mod.rs:260;crates/canic-testing-internal/src/pic/fleet_registry/baseline.rs:105;crates/canic-testing-internal/src/pic/fleet_registry/baseline.rs:932;crates/canic/tests/protocol_surface.rs:2776	async fn canic_authority_snapshot_prepare( request: ::canic::dto::authority_restore::AuthoritySnapshotRequest, ) -> Result< ::canic::dto::authority_restore::AuthorityRestoreFenceStatusResponse, ::canic::Error, >	RootCommand::PrepareAuthoritySnapshot	crates/canic-testing-internal/src/pic/fleet_coordinator/mod.rs:260;crates/canic-testing-internal/src/pic/fleet_registry/baseline.rs:105;crates/canic-testing-internal/src/pic/fleet_registry/baseline.rs:932
fleet-subnet-root	canic-owned	role-command-variant	canic_authority_snapshot_resume	update	canic_authority_snapshot_resume : (AuthoritySnapshotRequest) -> (Result);	crates/canic/src/macros/endpoints/shared.rs:33	always	#[$crate::canic_update(requires(caller::is_controller()))]	$crate::__internal::core::api::authority_restore::AuthorityRestoreApi::resume_snapshot(	update_response_idempotent	CANIC_AUTHORITY_SNAPSHOT_RESUME	crates/canic-core/src/domain/policy/pure/authority_restore.rs:31;crates/canic-core/src/domain/policy/pure/authority_restore.rs:48;crates/canic-core/src/domain/policy/pure/authority_restore.rs:7;crates/canic-core/src/domain/policy/pure/fleet_activation.rs:285;crates/canic-core/src/domain/policy/pure/fleet_activation.rs:40;crates/canic-testing-internal/src/pic/fleet_coordinator/mod.rs:274;crates/canic-testing-internal/src/pic/fleet_coordinator/mod.rs:305;crates/canic-testing-internal/src/pic/fleet_registry/baseline.rs:106;crates/canic-testing-internal/src/pic/fleet_registry/baseline.rs:900;crates/canic-testing-internal/src/pic/fleet_registry/baseline.rs:944;crates/canic/tests/protocol_surface.rs:2777	async fn canic_authority_snapshot_resume( request: ::canic::dto::authority_restore::AuthoritySnapshotRequest, ) -> Result< ::canic::dto::authority_restore::AuthorityRestoreFenceStatusResponse, ::canic::Error, >	RootCommand::ResumeAuthoritySnapshot	crates/canic-testing-internal/src/pic/fleet_coordinator/mod.rs:274;crates/canic-testing-internal/src/pic/fleet_coordinator/mod.rs:305;crates/canic-testing-internal/src/pic/fleet_registry/baseline.rs:106;crates/canic-testing-internal/src/pic/fleet_registry/baseline.rs:900;crates/canic-testing-internal/src/pic/fleet_registry/baseline.rs:944
fleet-subnet-root	canic-owned	role-status-variant	canic_bootstrap_status	query	canic_bootstrap_status : () -> (BootstrapStatusResponse) query;	crates/canic/src/macros/endpoints/shared.rs:62	always	#[$crate::canic_query(internal, public)]	$crate::__internal::core::api::ready::ReadyApi::bootstrap_status()	query_read_only(mode-derived)	missing	apps/skynet/console/src/lib.rs:69;apps/skynet/memory_cell/src/lib.rs:78;apps/skynet/node/src/lib.rs:115;apps/skynet/root/src/lib.rs:54;apps/skynet/t800/src/lib.rs:77;crates/canic-core/src/api/runtime/mod.rs:134;crates/canic-core/src/ops/runtime/bootstrap.rs:105;crates/canic-core/src/ops/runtime/bootstrap.rs:162	fn canic_bootstrap_status() -> ::canic::dto::state::BootstrapStatusResponse	RootStatusRequest::Overview	none
fleet-subnet-root	canic-owned	role-status-variant	canic_canister_children	query	canic_canister_children : (PageRequest) -> (Result_1) query;	crates/canic/src/macros/endpoints/topology.rs:25	always	#[$crate::canic_query(public)]	Ok($crate::__internal::core::api::topology::children::CanisterChildrenApi::page(page))	query_read_only(mode-derived)	CANIC_CANISTER_CHILDREN	apps/skynet/console/src/lib.rs:75;crates/canic-testing-internal/src/pic/root/topology.rs:181;crates/canic-tests/src/root/workers.rs:47	fn canic_canister_children( page: ::canic::dto::page::PageRequest, ) -> Result<::canic::dto::page::Page<::canic::dto::canister::CanisterInfo>, ::canic::Error>	RootStatusRequest::Children	crates/canic-testing-internal/src/pic/root/topology.rs:181;crates/canic-tests/src/root/workers.rs:47
fleet-subnet-root	canic-owned	role-command-variant	canic_canister_status	update	canic_canister_status : (principal) -> (Result_2);	crates/canic/src/macros/endpoints/root.rs:585	always	#[$crate::canic_update(requires(caller::is_controller()))]	$crate::__internal::core::api::ic::mgmt::MgmtApi::canister_status(pid).await	update_read_only	CANIC_CANISTER_STATUS	crates/canic-core/src/replay_policy/tests/endpoint.rs:155	async fn canic_canister_status( pid: ::canic::__internal::cdk::Principal, ) -> Result<::canic::dto::canister::CanisterStatusResponse, ::canic::Error>	RootCommand::InspectCanister	none
fleet-subnet-root	canic-owned	role-status-variant	canic_config	query	canic_config : () -> (Result_3) query;	crates/canic/src/macros/endpoints/root.rs:592	always	#[$crate::canic_query(requires(caller::is_controller()))]	$crate::__internal::core::api::config::ConfigApi::export_toml()	query_read_only(mode-derived)	CANIC_CONFIG	apps/skynet/root/src/lib.rs:118;crates/canic-cli/src/apps/adoption_report.rs:303;crates/canic-cli/src/apps/tests.rs:825;crates/canic-cli/src/deploy/check.rs:284;crates/canic-cli/src/deploy/check.rs:293;crates/canic-cli/src/deploy/tests/deploy_check.rs:246;crates/canic-host/src/build_provenance/envelope.rs:65;crates/canic-host/src/policy_gate/tests/envelope.rs:107;crates/canic-host/src/policy_gate/tests/envelope.rs:127;crates/canic-host/src/policy_gate/tests/envelope.rs:148	async fn canic_config() -> Result<String, ::canic::Error>	RootStatusRequest::Config	crates/canic-cli/src/apps/adoption_report.rs:303;crates/canic-cli/src/deploy/check.rs:284;crates/canic-cli/src/deploy/check.rs:293;crates/canic-host/src/build_provenance/envelope.rs:65
fleet-subnet-root	canic-owned	role-status-variant	canic_cycle_balance	query	canic_cycle_balance : () -> (Result_4) query;	crates/canic/src/macros/endpoints/shared.rs:52	always	#[$crate::canic_query(public)]	Ok($crate::__internal::cdk::api::canister_cycle_balance())	query_read_only(mode-derived)	CANIC_CYCLE_BALANCE	apps/skynet/console/src/lib.rs:80;crates/canic-host/src/cycle_balance/mod.rs:41;crates/canic-host/src/cycle_balance/mod.rs:56;crates/canic-host/src/replica_query/mod.rs:103;crates/canic-host/src/replica_query/mod.rs:109;crates/canic-testing-internal/src/pic/fleet_registry/baseline.rs:1854;crates/canic-testing-internal/src/pic/fleet_registry/baseline.rs:190	fn canic_cycle_balance() -> Result<u128, ::canic::Error>	RootStatusRequest::CycleBalance	crates/canic-host/src/cycle_balance/mod.rs:41;crates/canic-host/src/cycle_balance/mod.rs:56;crates/canic-host/src/replica_query/mod.rs:103;crates/canic-host/src/replica_query/mod.rs:109;crates/canic-testing-internal/src/pic/fleet_registry/baseline.rs:1854;crates/canic-testing-internal/src/pic/fleet_registry/baseline.rs:190
fleet-subnet-root	canic-owned	private-delete	canic_cycle_topups	query	canic_cycle_topups : (PageRequest) -> (Result_5) query;	crates/canic/src/macros/endpoints/cycles.rs:20	always	#[$crate::canic_query(public)]	Ok($crate::__internal::core::api::cycles::CycleTrackerQuery::topups(page))	query_read_only(mode-derived)	CANIC_CYCLE_TOPUPS	apps/skynet/console/src/lib.rs:82;crates/canic-cli/src/cycles/transport.rs:399;crates/canic-cli/src/cycles/transport.rs:406;crates/canic/tests/protocol_surface.rs:276;crates/canic/tests/protocol_surface.rs:277	fn canic_cycle_topups( page: ::canic::dto::page::PageRequest, ) -> Result<::canic::dto::page::Page<::canic::dto::cycles::CycleTopupEvent>, ::canic::Error>	none	none
fleet-subnet-root	canic-owned	role-status-variant	canic_cycle_tracker	query	canic_cycle_tracker : (PageRequest) -> (Result_6) query;	crates/canic/src/macros/endpoints/cycles.rs:12	always	#[$crate::canic_query(public)]	Ok($crate::__internal::core::api::cycles::CycleTrackerQuery::page(page))	query_read_only(mode-derived)	CANIC_CYCLE_TRACKER	apps/skynet/console/src/lib.rs:88;crates/canic-cli/src/cycles/transport.rs:431;crates/canic-cli/src/cycles/transport.rs:438;crates/canic-cli/src/cycles/transport.rs:575;crates/canic/tests/protocol_surface.rs:270;crates/canic/tests/protocol_surface.rs:271	fn canic_cycle_tracker( page: ::canic::dto::page::PageRequest, ) -> Result<::canic::dto::page::Page<::canic::dto::cycles::CycleTrackerEntry>, ::canic::Error>	RootStatusRequest::CycleHistory	crates/canic-cli/src/cycles/transport.rs:431;crates/canic-cli/src/cycles/transport.rs:438;crates/canic-cli/src/cycles/transport.rs:575
fleet-subnet-root	canic-owned	role-status-variant	canic_fleet_activation_status	query	canic_fleet_activation_status : () -> (Result_7) query;	crates/canic/src/macros/endpoints/shared.rs:67	always	#[$crate::canic_query(requires(caller::is_controller()))]	$crate::__internal::core::api::fleet_activation::FleetActivationApi::status()	query_read_only(mode-derived)	CANIC_FLEET_ACTIVATION_STATUS	apps/skynet/console/src/lib.rs:94;crates/canic-core/src/domain/policy/pure/fleet_activation.rs:12;crates/canic-core/src/domain/policy/pure/fleet_activation.rs:142;crates/canic-core/src/domain/policy/pure/fleet_activation.rs:179;crates/canic-core/src/domain/policy/pure/fleet_activation.rs:290;crates/canic-core/src/domain/policy/pure/fleet_activation.rs:317;crates/canic-core/src/domain/policy/pure/fleet_activation.rs:335;crates/canic-core/src/domain/policy/pure/fleet_activation.rs:373;crates/canic-core/src/workflow/runtime/fleet_activation.rs:403;crates/canic-host/src/install_root/fleet_subnet_root_install/mod.rs:429;crates/canic-testing-internal/src/pic/canic.rs:367;crates/canic-testing-internal/src/pic/fleet_registry/baseline.rs:2210;crates/canic-testing-internal/src/pic/fleet_registry/baseline.rs:3342;crates/canic-testing-internal/src/pic/fleet_registry/baseline.rs:3410;crates/canic-testing-internal/src/pic/fleet_registry/baseline.rs:4191;crates/canic-testing-internal/src/pic/fleet_registry/baseline.rs:78;crates/canic-tests/tests/lifecycle_boundary.rs:8;crates/canic-tests/tests/lifecycle_boundary.rs:94;crates/canic/tests/endpoint_macro.rs:40;crates/canic/tests/endpoint_macro.rs:42;crates/canic/tests/endpoint_macro.rs:43;crates/canic/tests/protocol_surface.rs:339;crates/canic/tests/protocol_surface.rs:390;crates/canic/tests/protocol_surface.rs:391;crates/canic/tests/protocol_surface.rs:397	async fn canic_fleet_activation_status() -> Result<::canic::dto::fleet_activation::FleetActivationStatusResponse, ::canic::Error>	RootStatusRequest::Operation	crates/canic-core/src/workflow/runtime/fleet_activation.rs:403;crates/canic-host/src/install_root/fleet_subnet_root_install/mod.rs:429;crates/canic-testing-internal/src/pic/canic.rs:367;crates/canic-testing-internal/src/pic/fleet_registry/baseline.rs:2210;crates/canic-testing-internal/src/pic/fleet_registry/baseline.rs:3342;crates/canic-testing-internal/src/pic/fleet_registry/baseline.rs:3410;crates/canic-testing-internal/src/pic/fleet_registry/baseline.rs:4191;crates/canic-testing-internal/src/pic/fleet_registry/baseline.rs:78;crates/canic-tests/tests/lifecycle_boundary.rs:8;crates/canic-tests/tests/lifecycle_boundary.rs:94
fleet-subnet-root	canic-owned	role-command-variant	canic_fleet_admin	update	canic_fleet_admin : (FleetCommand) -> (Result_8);	crates/canic/src/macros/endpoints/root.rs:578	always	#[$crate::canic_update(internal, requires(caller::is_controller()))]	$crate::__internal::control_plane::api::state::FleetStateApi::execute_command(cmd).await	update_response_idempotent	CANIC_FLEET_ADMIN	crates/canic/tests/protocol_surface.rs:103	async fn canic_fleet_admin( cmd: ::canic::dto::state::FleetCommand, ) -> Result<::canic::dto::state::FleetCommandResponse, ::canic::Error>	RootCommand::{SetCyclesFunding,SetFleetStatus}	none
fleet-subnet-root	canic-owned	private-delete	canic_fleet_registry_activate_mirror	update	canic_fleet_registry_activate_mirror : ( FleetSubnetRootRegistryMirrorActivationRequest, ) -> (Result_9);	crates/canic/src/macros/endpoints/root.rs:150	always	#[$crate::canic_update(requires(caller::is_controller()))]	$crate::__internal::control_plane::api::lifecycle::LifecycleApi::activate_fleet_registry_mirror(request).await	update_snapshot_convergent	CANIC_FLEET_REGISTRY_ACTIVATE_MIRROR	crates/canic-core/src/domain/policy/pure/fleet_activation.rs:111;crates/canic-core/src/domain/policy/pure/fleet_activation.rs:12;crates/canic-core/src/domain/policy/pure/fleet_activation.rs:191;crates/canic-core/src/replay_policy/tests/endpoint.rs:617;crates/canic-host/examples/empty_fleet_subnet_root_retirement.rs:343;crates/canic-host/src/install_root/fleet_subnet_root_registry_mirror_activation/mod.rs:142;crates/canic-testing-internal/src/pic/fleet_registry/baseline.rs:2513;crates/canic-testing-internal/src/pic/fleet_registry/baseline.rs:2526;crates/canic-testing-internal/src/pic/fleet_registry/baseline.rs:2692;crates/canic-testing-internal/src/pic/fleet_registry/baseline.rs:2700;crates/canic-testing-internal/src/pic/fleet_registry/baseline.rs:79;crates/canic/tests/protocol_surface.rs:1105;crates/canic/tests/protocol_surface.rs:1106;crates/canic/tests/protocol_surface.rs:1107;crates/canic/tests/protocol_surface.rs:1425	async fn canic_fleet_registry_activate_mirror( request: ::canic::dto::fleet_registry::FleetSubnetRootRegistryMirrorActivationRequest, ) -> Result<::canic::dto::fleet_registry::FleetSubnetRootRegistryMirrorActivationResponse, ::canic::Error>	none	crates/canic-host/examples/empty_fleet_subnet_root_retirement.rs:343;crates/canic-host/src/install_root/fleet_subnet_root_registry_mirror_activation/mod.rs:142;crates/canic-testing-internal/src/pic/fleet_registry/baseline.rs:2513;crates/canic-testing-internal/src/pic/fleet_registry/baseline.rs:2526;crates/canic-testing-internal/src/pic/fleet_registry/baseline.rs:2692;crates/canic-testing-internal/src/pic/fleet_registry/baseline.rs:2700;crates/canic-testing-internal/src/pic/fleet_registry/baseline.rs:79
fleet-subnet-root	canic-owned	role-status-variant	canic_fleet_registry_mirror_status	composite-query	canic_fleet_registry_mirror_status : ( FleetSubnetRootRegistryMirrorActivationRequest, ) -> (Result_9) composite_query;	crates/canic/src/macros/endpoints/root.rs:157	always	#[$crate::canic_query(composite, requires(caller::is_controller()))]	$crate::__internal::control_plane::api::lifecycle::LifecycleApi::fleet_registry_mirror_status(request).await	query_read_only(mode-derived)	CANIC_FLEET_REGISTRY_MIRROR_STATUS	crates/canic-core/src/domain/policy/pure/fleet_activation.rs:106;crates/canic-core/src/domain/policy/pure/fleet_activation.rs:13;crates/canic-core/src/domain/policy/pure/fleet_activation.rs:199;crates/canic-host/src/install_root/fleet_subnet_root_registry_mirror_activation/mod.rs:151;crates/canic-testing-internal/src/pic/fleet_registry/baseline.rs:2536;crates/canic-testing-internal/src/pic/fleet_registry/baseline.rs:2711;crates/canic-testing-internal/src/pic/fleet_registry/baseline.rs:80;crates/canic/tests/protocol_surface.rs:1110;crates/canic/tests/protocol_surface.rs:1111;crates/canic/tests/protocol_surface.rs:1112;crates/canic/tests/protocol_surface.rs:1430	async fn canic_fleet_registry_mirror_status( request: ::canic::dto::fleet_registry::FleetSubnetRootRegistryMirrorActivationRequest, ) -> Result<::canic::dto::fleet_registry::FleetSubnetRootRegistryMirrorActivationResponse, ::canic::Error>	RootStatusRequest::Operation	crates/canic-host/src/install_root/fleet_subnet_root_registry_mirror_activation/mod.rs:151;crates/canic-testing-internal/src/pic/fleet_registry/baseline.rs:2536;crates/canic-testing-internal/src/pic/fleet_registry/baseline.rs:2711;crates/canic-testing-internal/src/pic/fleet_registry/baseline.rs:80
fleet-subnet-root	canic-owned	role-status-variant	canic_fleet_registry_sync_status	composite-query	canic_fleet_registry_sync_status : (FleetSubnetRootRegistrySyncRequest) -> ( Result_10, ) composite_query;	crates/canic/src/macros/endpoints/root.rs:143	always	#[$crate::canic_query(composite, requires(caller::is_controller()))]	$crate::__internal::control_plane::api::lifecycle::LifecycleApi::fleet_registry_sync_status(request).await	query_read_only(mode-derived)	CANIC_FLEET_REGISTRY_SYNC_STATUS	crates/canic-core/src/domain/policy/pure/fleet_activation.rs:105;crates/canic-core/src/domain/policy/pure/fleet_activation.rs:13;crates/canic-core/src/domain/policy/pure/fleet_activation.rs:195;crates/canic-host/src/install_root/fleet_subnet_root_registry_sync/mod.rs:194;crates/canic-testing-internal/src/pic/fleet_registry/baseline.rs:2121;crates/canic-testing-internal/src/pic/fleet_registry/baseline.rs:2723;crates/canic-testing-internal/src/pic/fleet_registry/baseline.rs:81;crates/canic/tests/protocol_surface.rs:1100;crates/canic/tests/protocol_surface.rs:1101;crates/canic/tests/protocol_surface.rs:1102;crates/canic/tests/protocol_surface.rs:977	async fn canic_fleet_registry_sync_status( request: ::canic::dto::fleet_registry::FleetSubnetRootRegistrySyncRequest, ) -> Result<::canic::dto::fleet_registry::FleetSubnetRootRegistrySyncResponse, ::canic::Error>	RootStatusRequest::Operation	crates/canic-host/src/install_root/fleet_subnet_root_registry_sync/mod.rs:194;crates/canic-testing-internal/src/pic/fleet_registry/baseline.rs:2121;crates/canic-testing-internal/src/pic/fleet_registry/baseline.rs:2723;crates/canic-testing-internal/src/pic/fleet_registry/baseline.rs:81
fleet-subnet-root	canic-owned	role-command-variant	canic_fleet_registry_synchronize	update	canic_fleet_registry_synchronize : (FleetSubnetRootRegistrySyncRequest) -> ( Result_10, );	crates/canic/src/macros/endpoints/root.rs:136	always	#[$crate::canic_update(requires(caller::is_controller()))]	$crate::__internal::control_plane::api::lifecycle::LifecycleApi::synchronize_fleet_registry(request).await	update_response_idempotent	CANIC_FLEET_REGISTRY_SYNCHRONIZE	crates/canic-core/src/domain/policy/pure/fleet_activation.rs:112;crates/canic-core/src/domain/policy/pure/fleet_activation.rs:14;crates/canic-core/src/domain/policy/pure/fleet_activation.rs:189;crates/canic-host/src/install_root/fleet_subnet_root_registry_sync/mod.rs:185;crates/canic-testing-internal/src/pic/fleet_registry/baseline.rs:2099;crates/canic-testing-internal/src/pic/fleet_registry/baseline.rs:2110;crates/canic-testing-internal/src/pic/fleet_registry/baseline.rs:694;crates/canic-testing-internal/src/pic/fleet_registry/baseline.rs:81;crates/canic/tests/protocol_surface.rs:1095;crates/canic/tests/protocol_surface.rs:1096;crates/canic/tests/protocol_surface.rs:1097;crates/canic/tests/protocol_surface.rs:972	async fn canic_fleet_registry_synchronize( request: ::canic::dto::fleet_registry::FleetSubnetRootRegistrySyncRequest, ) -> Result<::canic::dto::fleet_registry::FleetSubnetRootRegistrySyncResponse, ::canic::Error>	RootCommand::SynchronizeRegistry	crates/canic-host/src/install_root/fleet_subnet_root_registry_sync/mod.rs:185;crates/canic-testing-internal/src/pic/fleet_registry/baseline.rs:2099;crates/canic-testing-internal/src/pic/fleet_registry/baseline.rs:2110;crates/canic-testing-internal/src/pic/fleet_registry/baseline.rs:694;crates/canic-testing-internal/src/pic/fleet_registry/baseline.rs:81
fleet-subnet-root	canic-owned	role-status-variant	canic_fleet_state	query	canic_fleet_state : () -> (Result_11) query;	crates/canic/src/macros/endpoints/topology.rs:13	#[cfg(canic_is_root)]	#[$crate::canic_query(requires(caller::is_controller()))]	Ok($crate::__internal::core::api::state::FleetStateQuery::snapshot())	query_read_only(mode-derived)	CANIC_FLEET_STATE	apps/skynet/root/src/lib.rs:124;crates/canic/tests/protocol_surface.rs:104	async fn canic_fleet_state() -> Result<::canic::dto::state::FleetStateResponse, ::canic::Error>	RootStatusRequest::FleetState	none
fleet-subnet-root	canic-owned	role-status-variant	canic_fleet_subnet_root_authority	query	canic_fleet_subnet_root_authority : () -> (Result_12) query;	crates/canic/src/macros/endpoints/root.rs:12	always	#[$crate::canic_query(requires(caller::is_controller()))]	$crate::__internal::control_plane::api::lifecycle::LifecycleApi::fleet_subnet_root_authority()	query_read_only(mode-derived)	CANIC_FLEET_SUBNET_ROOT_AUTHORITY	crates/canic-core/src/domain/policy/pure/fleet_activation.rs:14;crates/canic-core/src/domain/policy/pure/fleet_activation.rs:180;crates/canic-core/src/domain/policy/pure/fleet_activation.rs:315;crates/canic-core/src/domain/policy/pure/fleet_activation.rs:96;crates/canic-host/src/install_root/fleet_subnet_root_install/mod.rs:374;crates/canic-testing-internal/src/pic/fleet_registry/baseline.rs:4198;crates/canic-testing-internal/src/pic/fleet_registry/baseline.rs:82;crates/canic/tests/protocol_surface.rs:408;crates/canic/tests/protocol_surface.rs:409;crates/canic/tests/protocol_surface.rs:415	async fn canic_fleet_subnet_root_authority( ) -> Result<::canic::dto::fleet_subnet_root::FleetSubnetRootAuthority, ::canic::Error>	RootStatusRequest::FleetAuthority	crates/canic-host/src/install_root/fleet_subnet_root_install/mod.rs:374;crates/canic-testing-internal/src/pic/fleet_registry/baseline.rs:4198;crates/canic-testing-internal/src/pic/fleet_registry/baseline.rs:82
fleet-subnet-root	canic-owned	role-status-variant	canic_fleet_subnet_root_canister_summary	query	canic_fleet_subnet_root_canister_summary : () -> (Result_13) query;	crates/canic/src/macros/endpoints/root.rs:18	always	#[$crate::canic_query(requires(caller::is_controller()))]	$crate::__internal::control_plane::api::lifecycle::LifecycleApi::fleet_subnet_root_canister_summary()	query_read_only	CANIC_FLEET_SUBNET_ROOT_CANISTER_SUMMARY	crates/canic-cli/src/info_subnets/transport.rs:66;crates/canic-host/src/install_root/fleet_catalog_closeout/mod.rs:135;crates/canic-testing-internal/src/pic/fleet_registry/baseline.rs:2267;crates/canic-testing-internal/src/pic/fleet_registry/baseline.rs:2545;crates/canic-testing-internal/src/pic/fleet_registry/baseline.rs:83;crates/canic/tests/protocol_surface.rs:444;crates/canic/tests/protocol_surface.rs:445;crates/canic/tests/protocol_surface.rs:448;crates/canic/tests/protocol_surface.rs:449;crates/canic/tests/protocol_surface.rs:456	async fn canic_fleet_subnet_root_canister_summary( ) -> Result<::canic::dto::fleet_subnet_root::FleetSubnetRootCanisterSummary, ::canic::Error>	RootStatusRequest::Inventory	crates/canic-cli/src/info_subnets/transport.rs:66;crates/canic-host/src/install_root/fleet_catalog_closeout/mod.rs:135;crates/canic-testing-internal/src/pic/fleet_registry/baseline.rs:2267;crates/canic-testing-internal/src/pic/fleet_registry/baseline.rs:2545;crates/canic-testing-internal/src/pic/fleet_registry/baseline.rs:83
fleet-subnet-root	canic-owned	role-status-variant	canic_fleet_subnet_root_deletion_preparation_status	query	canic_fleet_subnet_root_deletion_preparation_status : ( AuthoritySnapshotRequest, ) -> (Result_14) query;	crates/canic/src/macros/endpoints/root.rs:129	always	#[$crate::canic_query(requires(caller::is_controller()))]	$crate::__internal::control_plane::api::lifecycle::LifecycleApi::fleet_subnet_root_deletion_preparation_status(request)	query_read_only	CANIC_FLEET_SUBNET_ROOT_DELETION_PREPARATION_STATUS	crates/canic-core/src/replay_policy/tests/endpoint.rs:566;crates/canic-host/src/fleet_subnet_root_deletion/mod.rs:795;crates/canic-testing-internal/src/pic/fleet_registry/baseline.rs:1760;crates/canic-testing-internal/src/pic/fleet_registry/baseline.rs:194;crates/canic/tests/protocol_surface.rs:643;crates/canic/tests/protocol_surface.rs:644;crates/canic/tests/protocol_surface.rs:677	async fn canic_fleet_subnet_root_deletion_preparation_status( request: ::canic::dto::fleet_subnet_root::FleetSubnetRootDeletionPreparationStatusRequest, ) -> Result<::canic::dto::fleet_subnet_root::FleetSubnetRootDeletionPreparationResponse, ::canic::Error>	RootStatusRequest::Operation	crates/canic-host/src/fleet_subnet_root_deletion/mod.rs:795;crates/canic-testing-internal/src/pic/fleet_registry/baseline.rs:1760;crates/canic-testing-internal/src/pic/fleet_registry/baseline.rs:194
fleet-subnet-root	canic-owned	private-delete	canic_fleet_subnet_root_deletion_prepare	update	canic_fleet_subnet_root_deletion_prepare : ( FleetSubnetRootDeletionPreparationRequest, ) -> (Result_14);	crates/canic/src/macros/endpoints/root.rs:122	always	#[$crate::canic_update(requires(caller::is_controller()))]	$crate::__internal::control_plane::api::lifecycle::LifecycleApi::prepare_fleet_subnet_root_deletion(request).await	update_costed_response_idempotent	CANIC_FLEET_SUBNET_ROOT_DELETION_PREPARE	crates/canic-core/src/replay_policy/tests/endpoint.rs:533;crates/canic-host/src/fleet_subnet_root_deletion/mod.rs:823;crates/canic-testing-internal/src/pic/fleet_registry/baseline.rs:1734;crates/canic-testing-internal/src/pic/fleet_registry/baseline.rs:195;crates/canic/tests/protocol_surface.rs:639;crates/canic/tests/protocol_surface.rs:640;crates/canic/tests/protocol_surface.rs:676	async fn canic_fleet_subnet_root_deletion_prepare( request: ::canic::dto::fleet_subnet_root::FleetSubnetRootDeletionPreparationRequest, ) -> Result<::canic::dto::fleet_subnet_root::FleetSubnetRootDeletionPreparationResponse, ::canic::Error>	none	crates/canic-host/src/fleet_subnet_root_deletion/mod.rs:823;crates/canic-testing-internal/src/pic/fleet_registry/baseline.rs:1734;crates/canic-testing-internal/src/pic/fleet_registry/baseline.rs:195
fleet-subnet-root	canic-owned	role-command-variant	canic_fleet_subnet_root_draining_begin	update	canic_fleet_subnet_root_draining_begin : (FleetSubnetRootDrainingRequest) -> ( Result_15, );	crates/canic/src/macros/endpoints/root.rs:38	always	#[$crate::canic_update(requires(caller::is_controller()))]	$crate::__internal::control_plane::api::lifecycle::LifecycleApi::begin_fleet_subnet_root_draining(request).await	update_response_idempotent	CANIC_FLEET_SUBNET_ROOT_DRAINING_BEGIN	crates/canic-core/src/replay_policy/tests/endpoint.rs:399;crates/canic-host/examples/empty_fleet_subnet_root_retirement.rs:236;crates/canic-testing-internal/src/pic/fleet_registry/baseline.rs:195;crates/canic-testing-internal/src/pic/fleet_registry/baseline.rs:2314;crates/canic-testing-internal/src/pic/fleet_registry/baseline.rs:2336;crates/canic/tests/protocol_surface.rs:484;crates/canic/tests/protocol_surface.rs:485;crates/canic/tests/protocol_surface.rs:518	async fn canic_fleet_subnet_root_draining_begin( request: ::canic::dto::fleet_subnet_root::FleetSubnetRootDrainingRequest, ) -> Result<::canic::dto::fleet_subnet_root::FleetSubnetRootDrainingResponse, ::canic::Error>	RootCommand::RemoveRoot	crates/canic-host/examples/empty_fleet_subnet_root_retirement.rs:236;crates/canic-testing-internal/src/pic/fleet_registry/baseline.rs:195;crates/canic-testing-internal/src/pic/fleet_registry/baseline.rs:2314;crates/canic-testing-internal/src/pic/fleet_registry/baseline.rs:2336
fleet-subnet-root	canic-owned	private-delete	canic_fleet_subnet_root_draining_inventory_finalize	update	canic_fleet_subnet_root_draining_inventory_finalize : ( FleetSubnetRootDrainingRequest, ) -> (Result_16);	crates/canic/src/macros/endpoints/root.rs:52	always	#[$crate::canic_update(requires(caller::is_controller()))]	$crate::__internal::control_plane::api::lifecycle::LifecycleApi::finalize_fleet_subnet_root_inventory(request).await	update_response_idempotent	CANIC_FLEET_SUBNET_ROOT_DRAINING_INVENTORY_FINALIZE	crates/canic-core/src/replay_policy/tests/endpoint.rs:407;crates/canic-host/examples/empty_fleet_subnet_root_retirement.rs:95;crates/canic-testing-internal/src/pic/fleet_registry/baseline.rs:1337;crates/canic-testing-internal/src/pic/fleet_registry/baseline.rs:1363;crates/canic-testing-internal/src/pic/fleet_registry/baseline.rs:196;crates/canic/tests/protocol_surface.rs:488;crates/canic/tests/protocol_surface.rs:489;crates/canic/tests/protocol_surface.rs:523	async fn canic_fleet_subnet_root_draining_inventory_finalize( request: ::canic::dto::fleet_subnet_root::FleetSubnetRootFinalInventoryRequest, ) -> Result<::canic::dto::fleet_subnet_root::FleetSubnetRootFinalInventoryResponse, ::canic::Error>	none	crates/canic-host/examples/empty_fleet_subnet_root_retirement.rs:95;crates/canic-testing-internal/src/pic/fleet_registry/baseline.rs:1337;crates/canic-testing-internal/src/pic/fleet_registry/baseline.rs:1363;crates/canic-testing-internal/src/pic/fleet_registry/baseline.rs:196
fleet-subnet-root	canic-owned	role-status-variant	canic_fleet_subnet_root_draining_inventory_status	query	canic_fleet_subnet_root_draining_inventory_status : ( AuthoritySnapshotRequest, ) -> (Result_16) query;	crates/canic/src/macros/endpoints/root.rs:59	always	#[$crate::canic_query(requires(caller::is_controller()))]	$crate::__internal::control_plane::api::lifecycle::LifecycleApi::fleet_subnet_root_final_inventory_status(request)	query_read_only	CANIC_FLEET_SUBNET_ROOT_DRAINING_INVENTORY_STATUS	crates/canic-core/src/replay_policy/tests/endpoint.rs:411;crates/canic-testing-internal/src/pic/fleet_registry/baseline.rs:1375;crates/canic-testing-internal/src/pic/fleet_registry/baseline.rs:197;crates/canic/tests/protocol_surface.rs:492;crates/canic/tests/protocol_surface.rs:493;crates/canic/tests/protocol_surface.rs:527	async fn canic_fleet_subnet_root_draining_inventory_status( request: ::canic::dto::fleet_subnet_root::FleetSubnetRootFinalInventoryStatusRequest, ) -> Result<::canic::dto::fleet_subnet_root::FleetSubnetRootFinalInventoryResponse, ::canic::Error>	RootStatusRequest::Operation	crates/canic-testing-internal/src/pic/fleet_registry/baseline.rs:1375;crates/canic-testing-internal/src/pic/fleet_registry/baseline.rs:197
fleet-subnet-root	canic-owned	role-status-variant	canic_fleet_subnet_root_draining_status	query	canic_fleet_subnet_root_draining_status : (AuthoritySnapshotRequest) -> ( Result_15, ) query;	crates/canic/src/macros/endpoints/root.rs:45	always	#[$crate::canic_query(requires(caller::is_controller()))]	$crate::__internal::control_plane::api::lifecycle::LifecycleApi::fleet_subnet_root_draining_status(request)	query_read_only	CANIC_FLEET_SUBNET_ROOT_DRAINING_STATUS	crates/canic-core/src/replay_policy/tests/endpoint.rs:403;crates/canic-testing-internal/src/pic/fleet_registry/baseline.rs:1308;crates/canic-testing-internal/src/pic/fleet_registry/baseline.rs:198;crates/canic-testing-internal/src/pic/fleet_registry/baseline.rs:2345;crates/canic/tests/protocol_surface.rs:496;crates/canic/tests/protocol_surface.rs:497;crates/canic/tests/protocol_surface.rs:520	async fn canic_fleet_subnet_root_draining_status( request: ::canic::dto::fleet_subnet_root::FleetSubnetRootDrainingStatusRequest, ) -> Result<::canic::dto::fleet_subnet_root::FleetSubnetRootDrainingResponse, ::canic::Error>	RootStatusRequest::Operation	crates/canic-testing-internal/src/pic/fleet_registry/baseline.rs:1308;crates/canic-testing-internal/src/pic/fleet_registry/baseline.rs:198;crates/canic-testing-internal/src/pic/fleet_registry/baseline.rs:2345
fleet-subnet-root	canic-owned	private-delete	canic_fleet_subnet_root_removal_publish	update	canic_fleet_subnet_root_removal_publish : (FleetSubnetRootRemovalRequest) -> ( Result_17, );	crates/canic/src/macros/endpoints/root.rs:66	always	#[$crate::canic_update(requires(caller::is_controller()))]	$crate::__internal::control_plane::api::lifecycle::LifecycleApi::publish_fleet_subnet_root_removal(request).await	update_response_idempotent	CANIC_FLEET_SUBNET_ROOT_REMOVAL_PUBLISH	crates/canic-core/src/replay_policy/tests/endpoint.rs:415;crates/canic-host/examples/empty_fleet_subnet_root_retirement.rs:105;crates/canic-testing-internal/src/pic/fleet_registry/baseline.rs:1394;crates/canic-testing-internal/src/pic/fleet_registry/baseline.rs:1410;crates/canic-testing-internal/src/pic/fleet_registry/baseline.rs:198;crates/canic/tests/protocol_surface.rs:500;crates/canic/tests/protocol_surface.rs:501;crates/canic/tests/protocol_surface.rs:530	async fn canic_fleet_subnet_root_removal_publish( request: ::canic::dto::fleet_subnet_root::FleetSubnetRootRemovalRequest, ) -> Result<::canic::dto::fleet_registry::FleetSubnetRootRemovalPublicationResponse, ::canic::Error>	none	crates/canic-host/examples/empty_fleet_subnet_root_retirement.rs:105;crates/canic-testing-internal/src/pic/fleet_registry/baseline.rs:1394;crates/canic-testing-internal/src/pic/fleet_registry/baseline.rs:1410;crates/canic-testing-internal/src/pic/fleet_registry/baseline.rs:198
fleet-subnet-root	canic-owned	role-status-variant	canic_fleet_subnet_root_removal_status	query	canic_fleet_subnet_root_removal_status : (AuthoritySnapshotRequest) -> ( Result_17, ) query;	crates/canic/src/macros/endpoints/root.rs:73	always	#[$crate::canic_query(requires(caller::is_controller()))]	$crate::__internal::control_plane::api::lifecycle::LifecycleApi::fleet_subnet_root_removal_status(request)	query_read_only	CANIC_FLEET_SUBNET_ROOT_REMOVAL_STATUS	crates/canic-core/src/replay_policy/tests/endpoint.rs:419;crates/canic-testing-internal/src/pic/fleet_registry/baseline.rs:1419;crates/canic-testing-internal/src/pic/fleet_registry/baseline.rs:199;crates/canic/tests/protocol_surface.rs:504;crates/canic/tests/protocol_surface.rs:505;crates/canic/tests/protocol_surface.rs:532	async fn canic_fleet_subnet_root_removal_status( request: ::canic::dto::fleet_subnet_root::FleetSubnetRootRemovalStatusRequest, ) -> Result<::canic::dto::fleet_registry::FleetSubnetRootRemovalPublicationResponse, ::canic::Error>	RootStatusRequest::Operation	crates/canic-testing-internal/src/pic/fleet_registry/baseline.rs:1419;crates/canic-testing-internal/src/pic/fleet_registry/baseline.rs:199
fleet-subnet-root	canic-owned	role-status-variant	canic_fleet_subnet_root_store_binding_finalization_status	query	canic_fleet_subnet_root_store_binding_finalization_status : ( AuthoritySnapshotRequest, ) -> (Result_18) query;	crates/canic/src/macros/endpoints/root.rs:101	always	#[$crate::canic_query(requires(caller::is_controller()))]	$crate::__internal::control_plane::api::lifecycle::LifecycleApi::fleet_subnet_root_store_binding_finalization_status(request)	query_read_only	CANIC_FLEET_SUBNET_ROOT_STORE_BINDING_FINALIZATION_STATUS	crates/canic-core/src/replay_policy/tests/endpoint.rs:493;crates/canic-host/examples/empty_fleet_subnet_root_retirement.rs:204;crates/canic-testing-internal/src/pic/fleet_registry/baseline.rs:1581;crates/canic-testing-internal/src/pic/fleet_registry/baseline.rs:200;crates/canic/tests/protocol_surface.rs:580;crates/canic/tests/protocol_surface.rs:581;crates/canic/tests/protocol_surface.rs:592	async fn canic_fleet_subnet_root_store_binding_finalization_status( request: ::canic::dto::fleet_subnet_root::FleetSubnetRootStoreBindingFinalizationStatusRequest, ) -> Result<::canic::dto::fleet_subnet_root::FleetSubnetRootStoreBindingFinalizationResponse, ::canic::Error>	RootStatusRequest::Operation	crates/canic-host/examples/empty_fleet_subnet_root_retirement.rs:204;crates/canic-testing-internal/src/pic/fleet_registry/baseline.rs:1581;crates/canic-testing-internal/src/pic/fleet_registry/baseline.rs:200
fleet-subnet-root	canic-owned	private-delete	canic_fleet_subnet_root_store_binding_finalize	update	canic_fleet_subnet_root_store_binding_finalize : ( FleetSubnetRootStoreBindingFinalizationRequest, ) -> (Result_18);	crates/canic/src/macros/endpoints/root.rs:94	always	#[$crate::canic_update(requires(caller::is_controller()))]	$crate::__internal::control_plane::api::lifecycle::LifecycleApi::finalize_fleet_subnet_root_store_binding(request).await	update_response_idempotent	CANIC_FLEET_SUBNET_ROOT_STORE_BINDING_FINALIZE	crates/canic-core/src/replay_policy/tests/endpoint.rs:489;crates/canic-host/examples/empty_fleet_subnet_root_retirement.rs:125;crates/canic-testing-internal/src/pic/fleet_registry/baseline.rs:1547;crates/canic-testing-internal/src/pic/fleet_registry/baseline.rs:1569;crates/canic-testing-internal/src/pic/fleet_registry/baseline.rs:201;crates/canic/tests/protocol_surface.rs:576;crates/canic/tests/protocol_surface.rs:577;crates/canic/tests/protocol_surface.rs:588	async fn canic_fleet_subnet_root_store_binding_finalize( request: ::canic::dto::fleet_subnet_root::FleetSubnetRootStoreBindingFinalizationRequest, ) -> Result<::canic::dto::fleet_subnet_root::FleetSubnetRootStoreBindingFinalizationResponse, ::canic::Error>	none	crates/canic-host/examples/empty_fleet_subnet_root_retirement.rs:125;crates/canic-testing-internal/src/pic/fleet_registry/baseline.rs:1547;crates/canic-testing-internal/src/pic/fleet_registry/baseline.rs:1569;crates/canic-testing-internal/src/pic/fleet_registry/baseline.rs:201
fleet-subnet-root	canic-owned	private-delete	canic_fleet_subnet_root_store_delete	update	canic_fleet_subnet_root_store_delete : ( FleetSubnetRootStoreDeletionRequest, ) -> (Result_19);	crates/canic/src/macros/endpoints/root.rs:108	always	#[$crate::canic_update(requires(caller::is_controller()))]	$crate::__internal::control_plane::api::lifecycle::LifecycleApi::delete_fleet_subnet_root_store(request).await	update_response_idempotent	CANIC_FLEET_SUBNET_ROOT_STORE_DELETE	crates/canic-core/src/replay_policy/tests/endpoint.rs:511;crates/canic-host/examples/empty_fleet_subnet_root_retirement.rs:135;crates/canic-host/examples/empty_fleet_subnet_root_retirement.rs:212;crates/canic-testing-internal/src/pic/fleet_registry/baseline.rs:1620;crates/canic-testing-internal/src/pic/fleet_registry/baseline.rs:1655;crates/canic-testing-internal/src/pic/fleet_registry/baseline.rs:201;crates/canic/tests/protocol_surface.rs:608;crates/canic/tests/protocol_surface.rs:609;crates/canic/tests/protocol_surface.rs:619	async fn canic_fleet_subnet_root_store_delete( request: ::canic::dto::fleet_subnet_root::FleetSubnetRootStoreDeletionRequest, ) -> Result<::canic::dto::fleet_subnet_root::FleetSubnetRootStoreDeletionResponse, ::canic::Error>	none	crates/canic-host/examples/empty_fleet_subnet_root_retirement.rs:135;crates/canic-host/examples/empty_fleet_subnet_root_retirement.rs:212;crates/canic-testing-internal/src/pic/fleet_registry/baseline.rs:1620;crates/canic-testing-internal/src/pic/fleet_registry/baseline.rs:1655;crates/canic-testing-internal/src/pic/fleet_registry/baseline.rs:201
fleet-subnet-root	canic-owned	role-status-variant	canic_fleet_subnet_root_store_deletion_status	query	canic_fleet_subnet_root_store_deletion_status : ( AuthoritySnapshotRequest, ) -> (Result_19) query;	crates/canic/src/macros/endpoints/root.rs:115	always	#[$crate::canic_query(requires(caller::is_controller()))]	$crate::__internal::control_plane::api::lifecycle::LifecycleApi::fleet_subnet_root_store_deletion_status(request)	query_read_only	CANIC_FLEET_SUBNET_ROOT_STORE_DELETION_STATUS	crates/canic-core/src/replay_policy/tests/endpoint.rs:515;crates/canic-host/src/fleet_subnet_root_deletion/mod.rs:809;crates/canic-testing-internal/src/pic/fleet_registry/baseline.rs:1667;crates/canic-testing-internal/src/pic/fleet_registry/baseline.rs:202;crates/canic/tests/protocol_surface.rs:612;crates/canic/tests/protocol_surface.rs:613;crates/canic/tests/protocol_surface.rs:622	async fn canic_fleet_subnet_root_store_deletion_status( request: ::canic::dto::fleet_subnet_root::FleetSubnetRootStoreDeletionStatusRequest, ) -> Result<::canic::dto::fleet_subnet_root::FleetSubnetRootStoreDeletionResponse, ::canic::Error>	RootStatusRequest::Operation	crates/canic-host/src/fleet_subnet_root_deletion/mod.rs:809;crates/canic-testing-internal/src/pic/fleet_registry/baseline.rs:1667;crates/canic-testing-internal/src/pic/fleet_registry/baseline.rs:202
fleet-subnet-root	canic-owned	private-delete	canic_fleet_subnet_root_store_reclaim	update	canic_fleet_subnet_root_store_reclaim : ( FleetSubnetRootStoreReclamationRequest, ) -> (Result_20);	crates/canic/src/macros/endpoints/root.rs:80	always	#[$crate::canic_update(requires(caller::is_controller()))]	$crate::__internal::control_plane::api::lifecycle::LifecycleApi::reclaim_fleet_subnet_root_store(request).await	update_response_idempotent	CANIC_FLEET_SUBNET_ROOT_STORE_RECLAIM	crates/canic-core/src/replay_policy/tests/endpoint.rs:423;crates/canic-host/examples/empty_fleet_subnet_root_retirement.rs:115;crates/canic-testing-internal/src/pic/fleet_registry/baseline.rs:1446;crates/canic-testing-internal/src/pic/fleet_registry/baseline.rs:1485;crates/canic-testing-internal/src/pic/fleet_registry/baseline.rs:202;crates/canic/tests/protocol_surface.rs:508;crates/canic/tests/protocol_surface.rs:509;crates/canic/tests/protocol_surface.rs:534	async fn canic_fleet_subnet_root_store_reclaim( request: ::canic::dto::fleet_subnet_root::FleetSubnetRootStoreReclamationRequest, ) -> Result<::canic::dto::fleet_subnet_root::FleetSubnetRootStoreReclamationResponse, ::canic::Error>	none	crates/canic-host/examples/empty_fleet_subnet_root_retirement.rs:115;crates/canic-testing-internal/src/pic/fleet_registry/baseline.rs:1446;crates/canic-testing-internal/src/pic/fleet_registry/baseline.rs:1485;crates/canic-testing-internal/src/pic/fleet_registry/baseline.rs:202
fleet-subnet-root	canic-owned	role-status-variant	canic_fleet_subnet_root_store_reclamation_status	query	canic_fleet_subnet_root_store_reclamation_status : ( AuthoritySnapshotRequest, ) -> (Result_20) query;	crates/canic/src/macros/endpoints/root.rs:87	always	#[$crate::canic_query(requires(caller::is_controller()))]	$crate::__internal::control_plane::api::lifecycle::LifecycleApi::fleet_subnet_root_store_reclamation_status(request)	query_read_only	CANIC_FLEET_SUBNET_ROOT_STORE_RECLAMATION_STATUS	crates/canic-core/src/replay_policy/tests/endpoint.rs:427;crates/canic-testing-internal/src/pic/fleet_registry/baseline.rs:1497;crates/canic-testing-internal/src/pic/fleet_registry/baseline.rs:203;crates/canic/tests/protocol_surface.rs:512;crates/canic/tests/protocol_surface.rs:513;crates/canic/tests/protocol_surface.rs:537	async fn canic_fleet_subnet_root_store_reclamation_status( request: ::canic::dto::fleet_subnet_root::FleetSubnetRootStoreReclamationStatusRequest, ) -> Result<::canic::dto::fleet_subnet_root::FleetSubnetRootStoreReclamationResponse, ::canic::Error>	RootStatusRequest::Operation	crates/canic-testing-internal/src/pic/fleet_registry/baseline.rs:1497;crates/canic-testing-internal/src/pic/fleet_registry/baseline.rs:203
fleet-subnet-root	canic-owned	role-command-variant	canic_fleet_subnet_wasm_store_adopt	update	canic_fleet_subnet_wasm_store_adopt : ( FleetSubnetWasmStoreAdoptionRequest, ) -> (Result_21);	crates/canic/src/macros/endpoints/root.rs:24	always	#[$crate::canic_update(requires(caller::is_controller()))]	$crate::__internal::control_plane::api::lifecycle::LifecycleApi::adopt_fleet_subnet_wasm_store(request).await	update_response_idempotent	CANIC_FLEET_SUBNET_WASM_STORE_ADOPT	crates/canic-core/src/domain/policy/pure/fleet_activation.rs:113;crates/canic-core/src/domain/policy/pure/fleet_activation.rs:15;crates/canic-core/src/domain/policy/pure/fleet_activation.rs:186;crates/canic-host/src/install_root/fleet_subnet_root_store_bootstrap/mod.rs:215;crates/canic-testing-internal/src/pic/canic.rs:197	async fn canic_fleet_subnet_wasm_store_adopt( request: ::canic::dto::fleet_subnet_root::FleetSubnetWasmStoreAdoptionRequest, ) -> Result<::canic::dto::fleet_subnet_root::FleetSubnetWasmStoreAdoptionResponse, ::canic::Error>	RootCommand::AdoptStore	crates/canic-host/src/install_root/fleet_subnet_root_store_bootstrap/mod.rs:215;crates/canic-testing-internal/src/pic/canic.rs:197
fleet-subnet-root	canic-owned	role-status-variant	canic_fleet_subnet_wasm_store_adoption_status	query	canic_fleet_subnet_wasm_store_adoption_status : ( FleetSubnetWasmStoreAdoptionRequest, ) -> (Result_21) query;	crates/canic/src/macros/endpoints/root.rs:31	always	#[$crate::canic_query(requires(caller::is_controller()))]	$crate::__internal::control_plane::api::lifecycle::LifecycleApi::fleet_subnet_wasm_store_adoption_status(request)	query_read_only	CANIC_FLEET_SUBNET_WASM_STORE_ADOPTION_STATUS	crates/canic-core/src/domain/policy/pure/fleet_activation.rs:15;crates/canic-core/src/domain/policy/pure/fleet_activation.rs:182;crates/canic-core/src/domain/policy/pure/fleet_activation.rs:97;crates/canic-host/src/install_root/fleet_subnet_root_store_bootstrap/mod.rs:221;crates/canic-testing-internal/src/pic/canic.rs:211	async fn canic_fleet_subnet_wasm_store_adoption_status( request: ::canic::dto::fleet_subnet_root::FleetSubnetWasmStoreAdoptionRequest, ) -> Result<::canic::dto::fleet_subnet_root::FleetSubnetWasmStoreAdoptionResponse, ::canic::Error>	RootStatusRequest::Operation	crates/canic-host/src/install_root/fleet_subnet_root_store_bootstrap/mod.rs:221;crates/canic-testing-internal/src/pic/canic.rs:211
fleet-subnet-root	canic-owned	role-command-variant	canic_get_or_create_chain_key_delegation_proof	update	canic_get_or_create_chain_key_delegation_proof : () -> (Result_22);	crates/canic/src/macros/endpoints/root.rs:650	always	#[$crate::canic_update(internal, requires(custom(::canic::__internal::control_plane::api::component_auth::ActiveComponentMemberPredicate)))]	$crate::__internal::core::api::auth::AuthApi::get_or_create_chain_key_delegation_proof_root()	update_costed_snapshot_convergent	CANIC_GET_OR_CREATE_CHAIN_KEY_DELEGATION_PROOF	crates/canic-core/src/replay_policy/tests/endpoint.rs:14;crates/canic-core/src/workflow/runtime/auth/prepare/mod.rs:345;crates/canic/tests/protocol_surface.rs:2322;crates/canic/tests/protocol_surface.rs:2323;crates/canic/tests/protocol_surface.rs:2324;crates/canic/tests/protocol_surface.rs:2338;crates/canic/tests/protocol_surface.rs:2390	async fn canic_get_or_create_chain_key_delegation_proof( ) -> Result<::canic::dto::auth::RootDelegationProofBatchProof, ::canic::Error>	RootCommand::GetOrCreateDelegationProof	crates/canic-core/src/workflow/runtime/auth/prepare/mod.rs:345
fleet-subnet-root	canic-owned	role-status-variant	canic_get_role_attestation	query	canic_get_role_attestation : (RoleAttestationGetRequest) -> (Result_23) query;	crates/canic/src/macros/endpoints/root.rs:664	always	#[$crate::canic_query(internal, public)]	$crate::__internal::control_plane::api::component_auth::ComponentAuthApi::get_role_attestation(request)	query_read_only	CANIC_GET_ROLE_ATTESTATION	crates/canic-core/src/replay_policy/tests/endpoint.rs:143;crates/canic-testing-internal/src/pic/fleet_registry/role_attestation.rs:22;crates/canic-testing-internal/src/pic/fleet_registry/role_attestation.rs:251;crates/canic/tests/protocol_surface.rs:2636;crates/canic/tests/protocol_surface.rs:2637;crates/canic/tests/protocol_surface.rs:2644;crates/canic/tests/protocol_surface.rs:2645;crates/canic/tests/protocol_surface.rs:2651;crates/canic/tests/protocol_surface.rs:2664	async fn canic_get_role_attestation( request: ::canic::dto::auth::RoleAttestationGetRequest, ) -> Result<::canic::dto::auth::SignedRoleAttestation, ::canic::Error>	RootStatusRequest::RoleAttestation	crates/canic-testing-internal/src/pic/fleet_registry/role_attestation.rs:22;crates/canic-testing-internal/src/pic/fleet_registry/role_attestation.rs:251
fleet-subnet-root	canic-owned	role-status-variant	canic_health	query	canic_health : () -> (Result_24) query;	crates/canic/src/macros/endpoints/shared.rs:85	always	#[$crate::canic_query(requires(caller::is_controller()))]	$crate::__internal::core::api::runtime::RuntimeIntrospectionApi::health(Some(	query_read_only	CANIC_HEALTH	apps/skynet/console/src/lib.rs:99;crates/canic-core/src/replay_policy/tests/endpoint.rs:182;crates/canic/tests/protocol_surface.rs:2739	async fn canic_health() -> Result<::canic::dto::runtime::CanicHealthStatus, ::canic::Error>	RootStatusRequest::Health	none
fleet-subnet-root	canic-owned	role-command-variant	canic_icp_refill	update	canic_icp_refill : (IcpRefillRequest) -> (Result_25);	crates/canic/src/macros/endpoints/root.rs:597	always	#[$crate::canic_update(requires(caller::is_controller()))]	$crate::__internal::core::api::icp_refill::IcpRefillApi::refill(request).await	update_replay_protected	missing	crates/canic-cli/src/cycles/convert/mod.rs:28;crates/canic-core/src/replay_policy/tests/endpoint.rs:851;crates/canic-host/src/icp/tests.rs:156;crates/canic-host/src/icp/tests.rs:161;crates/canic/tests/protocol_surface.rs:2816	async fn canic_icp_refill( request: ::canic::dto::icp_refill::IcpRefillRequest, ) -> Result<::canic::dto::icp_refill::IcpRefillEndpointResponse, ::canic::Error>	RootCommand::{PreviewCycleRefill,RefillCycles}	crates/canic-cli/src/cycles/convert/mod.rs:28
fleet-subnet-root	canic-owned	role-status-variant	canic_log	query	canic_log : (opt text, opt text, opt Level, PageRequest) -> (Result_26) query;	crates/canic/src/macros/endpoints/shared.rs:200	always	#[$crate::canic_query(requires(caller::is_controller()))]	Ok($crate::__internal::core::api::log::LogQuery::page(	query_read_only(mode-derived)	CANIC_LOG	crates/canic-cli/src/endpoints/tests.rs:41;crates/canic-cli/src/endpoints/tests.rs:8;crates/canic-cli/src/endpoints/tests.rs:9;crates/canic-host/src/candid_endpoints/tests.rs:156	async fn canic_log( crate_name: Option<String>, topic: Option<String>, min_level: Option<::canic::__internal::core::log::Level>, page: ::canic::dto::page::PageRequest, ) -> Result<::canic::dto::page::Page<::canic::dto::log::LogEntry>, ::canic::Error>	RootStatusRequest::Logs	none
fleet-subnet-root	canic-owned	private-delete	canic_managed_canister_binding	query	canic_managed_canister_binding : () -> (Result_27) query;	crates/canic/src/macros/endpoints/shared.rs:73	always	#[$crate::canic_query(requires(caller::is_controller()))]	$crate::__internal::core::api::lifecycle::nonroot::LifecycleApi::managed_binding()	query_read_only	CANIC_MANAGED_CANISTER_BINDING	apps/skynet/console/src/lib.rs:142;crates/canic-control-plane/src/workflow/component_registry/mod.rs:4417;crates/canic-core/src/domain/policy/pure/fleet_activation.rs:16;crates/canic-core/src/domain/policy/pure/fleet_activation.rs:336;crates/canic-core/src/domain/policy/pure/fleet_activation.rs:65;crates/canic-testing-internal/src/pic/fleet_registry/baseline.rs:3145	async fn canic_managed_canister_binding() -> Result<::canic::ids::ManagedCanisterBinding, ::canic::Error>	none	crates/canic-control-plane/src/workflow/component_registry/mod.rs:4417;crates/canic-testing-internal/src/pic/fleet_registry/baseline.rs:3145
fleet-subnet-root	canic-owned	role-status-variant	canic_metadata	query	canic_metadata : () -> (CanicMetadataResponse) query;	crates/canic/src/macros/endpoints/shared.rs:144	always	#[$crate::canic_query(internal, public)]	$crate::__internal::core::api::metadata::CanicMetadataApi::metadata_for(	query_read_only(mode-derived)	CANIC_METADATA	apps/skynet/console/src/lib.rs:101;crates/canic-cli/src/apps/adoption_report.rs:162;crates/canic-cli/src/apps/adoption_report.rs:173;crates/canic-cli/src/apps/adoption_report.rs:177;crates/canic-cli/src/list/live/mod.rs:6;crates/canic-host/src/canic_metadata/mod.rs:1;crates/canic-host/src/canic_metadata/mod.rs:31;crates/canic-host/src/canic_metadata/mod.rs:39;crates/canic-host/src/lib.rs:13;crates/canic-host/src/release_set/config/mutation/rename.rs:280;crates/canic-host/src/release_set/config/mutation/rename.rs:290;crates/canic-host/src/release_set/config/mutation/rename.rs:293	fn canic_metadata() -> ::canic::dto::metadata::CanicMetadataResponse	RootStatusRequest::Overview	crates/canic-cli/src/apps/adoption_report.rs:162;crates/canic-cli/src/apps/adoption_report.rs:173;crates/canic-cli/src/apps/adoption_report.rs:177;crates/canic-cli/src/list/live/mod.rs:6;crates/canic-host/src/canic_metadata/mod.rs:1;crates/canic-host/src/canic_metadata/mod.rs:31;crates/canic-host/src/canic_metadata/mod.rs:39;crates/canic-host/src/lib.rs:13;crates/canic-host/src/release_set/config/mutation/rename.rs:280;crates/canic-host/src/release_set/config/mutation/rename.rs:290;crates/canic-host/src/release_set/config/mutation/rename.rs:293
fleet-subnet-root	canic-owned	role-status-variant	canic_metrics	query	canic_metrics : (MetricsKind, PageRequest) -> (Result_28) query;	crates/canic/src/macros/endpoints/shared.rs:229	always	#[$crate::canic_query(public)]	$crate::__internal::core::api::metrics::MetricsQuery::core(page),	query_read_only(mode-derived)	CANIC_METRICS	apps/skynet/console/src/lib.rs:106;crates/canic-cli/src/metrics/mod.rs:23;crates/canic-cli/src/metrics/transport.rs:275;crates/canic-cli/src/metrics/transport.rs:29;crates/canic-cli/src/metrics/transport.rs:41;crates/canic-host/src/icp/diagnostic/mod.rs:135;crates/canic-testing-internal/src/pic/fleet_registry/role_attestation.rs:22;crates/canic-testing-internal/src/pic/fleet_registry/role_attestation.rs:350;crates/canic-tests/tests/instruction_audit_support/execution.rs:573;crates/canic-tests/tests/instruction_audit_support/report.rs:151;crates/canic-tests/tests/timer_authority.rs:379	fn canic_metrics( kind: ::canic::dto::metrics::MetricsKind, page: ::canic::dto::page::PageRequest, ) -> Result<::canic::dto::page::Page<::canic::dto::metrics::MetricEntry>, ::canic::Error>	RootStatusRequest::Metrics	crates/canic-cli/src/metrics/mod.rs:23;crates/canic-cli/src/metrics/transport.rs:275;crates/canic-cli/src/metrics/transport.rs:29;crates/canic-cli/src/metrics/transport.rs:41;crates/canic-host/src/icp/diagnostic/mod.rs:135;crates/canic-testing-internal/src/pic/fleet_registry/role_attestation.rs:22;crates/canic-testing-internal/src/pic/fleet_registry/role_attestation.rs:350;crates/canic-tests/tests/instruction_audit_support/execution.rs:573;crates/canic-tests/tests/instruction_audit_support/report.rs:151;crates/canic-tests/tests/timer_authority.rs:379
fleet-subnet-root	canic-owned	role-command-variant	canic_pool_admin	update	canic_pool_admin : (PoolAdminCommand) -> (Result_29);	crates/canic/src/macros/endpoints/root.rs:612	always	#[$crate::canic_update(requires(caller::is_controller()))]	$crate::__internal::control_plane::api::canister_pool::CanisterPoolApi::admin(command)	update_costed_snapshot_convergent	CANIC_POOL_ADMIN	crates/canic-core/src/domain/policy/pure/fleet_activation.rs:114;crates/canic-core/src/domain/policy/pure/fleet_activation.rs:16;crates/canic-core/src/domain/policy/pure/fleet_activation.rs:257;crates/canic-core/src/domain/policy/pure/fleet_activation.rs:287;crates/canic-host/examples/empty_fleet_subnet_root_retirement.rs:398;crates/canic-host/examples/empty_fleet_subnet_root_retirement.rs:40;crates/canic-testing-internal/src/pic/fleet_registry/baseline.rs:1034;crates/canic-testing-internal/src/pic/fleet_registry/baseline.rs:1061;crates/canic-testing-internal/src/pic/fleet_registry/baseline.rs:28;crates/canic-testing-internal/src/pic/fleet_registry/baseline.rs:3939;crates/canic-testing-internal/src/pic/fleet_registry/baseline.rs:524;crates/canic/tests/protocol_surface.rs:468;crates/canic/tests/protocol_surface.rs:472	async fn canic_pool_admin( command: ::canic::dto::pool::PoolAdminCommand, ) -> Result<::canic::dto::pool::PoolAdminResponse, ::canic::Error>	RootCommand::{HandoffPoolCanister,ImportPoolCanister,MaintainPool,RetryPoolRefill,RetryPoolReset}	crates/canic-host/examples/empty_fleet_subnet_root_retirement.rs:398;crates/canic-host/examples/empty_fleet_subnet_root_retirement.rs:40;crates/canic-testing-internal/src/pic/fleet_registry/baseline.rs:1034;crates/canic-testing-internal/src/pic/fleet_registry/baseline.rs:1061;crates/canic-testing-internal/src/pic/fleet_registry/baseline.rs:28;crates/canic-testing-internal/src/pic/fleet_registry/baseline.rs:3939;crates/canic-testing-internal/src/pic/fleet_registry/baseline.rs:524
fleet-subnet-root	canic-owned	role-status-variant	canic_pool_list	query	canic_pool_list : (CanisterPoolStatusRequest) -> (Result_30) query;	crates/canic/src/macros/endpoints/root.rs:604	always	#[$crate::canic_query(requires(caller::is_controller()))]	$crate::__internal::control_plane::api::canister_pool::CanisterPoolApi::status(request)	query_read_only	CANIC_POOL_LIST	apps/skynet/root/src/lib.rs:130;crates/canic-core/src/domain/policy/pure/fleet_activation.rs:103;crates/canic-core/src/domain/policy/pure/fleet_activation.rs:17;crates/canic-core/src/domain/policy/pure/fleet_activation.rs:256;crates/canic-core/src/domain/policy/pure/fleet_activation.rs:288;crates/canic-host/examples/empty_fleet_subnet_root_retirement.rs:378;crates/canic-host/examples/empty_fleet_subnet_root_retirement.rs:39;crates/canic-testing-internal/src/pic/fleet_registry/baseline.rs:2237;crates/canic-testing-internal/src/pic/fleet_registry/baseline.rs:28;crates/canic-testing-internal/src/pic/fleet_registry/baseline.rs:3949;crates/canic-testing-internal/src/pic/fleet_registry/baseline.rs:999;crates/canic/tests/protocol_surface.rs:467;crates/canic/tests/protocol_surface.rs:472	async fn canic_pool_list( request: ::canic::dto::pool::CanisterPoolStatusRequest, ) -> Result<::canic::dto::pool::CanisterPoolResponse, ::canic::Error>	RootStatusRequest::Pool	crates/canic-host/examples/empty_fleet_subnet_root_retirement.rs:378;crates/canic-host/examples/empty_fleet_subnet_root_retirement.rs:39;crates/canic-testing-internal/src/pic/fleet_registry/baseline.rs:2237;crates/canic-testing-internal/src/pic/fleet_registry/baseline.rs:28;crates/canic-testing-internal/src/pic/fleet_registry/baseline.rs:3949;crates/canic-testing-internal/src/pic/fleet_registry/baseline.rs:999
fleet-subnet-root	canic-owned	role-command-variant	canic_prepare_fleet_activation	update	canic_prepare_fleet_activation : () -> (Result_7);	crates/canic/src/macros/endpoints/root.rs:558	always	#[$crate::canic_update(requires(caller::is_controller()))]	$crate::__internal::control_plane::api::lifecycle::LifecycleApi::prepare_fleet_activation()	update_response_idempotent	CANIC_PREPARE_FLEET_ACTIVATION	crates/canic-core/src/domain/policy/pure/fleet_activation.rs:115;crates/canic-core/src/domain/policy/pure/fleet_activation.rs:17;crates/canic-core/src/domain/policy/pure/fleet_activation.rs:258;crates/canic-testing-internal/src/pic/canic.rs:232;crates/canic-testing-internal/src/pic/fleet_registry/baseline.rs:2841;crates/canic-testing-internal/src/pic/fleet_registry/baseline.rs:2895;crates/canic-testing-internal/src/pic/fleet_registry/baseline.rs:84	async fn canic_prepare_fleet_activation( ) -> Result<::canic::dto::fleet_activation::FleetActivationStatusResponse, ::canic::Error>	RootCommand::PrepareFleetActivation	crates/canic-testing-internal/src/pic/canic.rs:232;crates/canic-testing-internal/src/pic/fleet_registry/baseline.rs:2841;crates/canic-testing-internal/src/pic/fleet_registry/baseline.rs:2895;crates/canic-testing-internal/src/pic/fleet_registry/baseline.rs:84
fleet-subnet-root	canic-owned	role-command-variant	canic_prepare_role_attestation	update	canic_prepare_role_attestation : (RoleAttestationRequest) -> (Result_31);	crates/canic/src/macros/endpoints/root.rs:657	always	#[$crate::canic_update(internal, public)]	$crate::__internal::control_plane::api::component_auth::ComponentAuthApi::prepare_role_attestation(request)	update_replay_protected	CANIC_PREPARE_ROLE_ATTESTATION	crates/canic-core/src/replay_policy/tests/endpoint.rs:120;crates/canic-testing-internal/src/pic/fleet_registry/role_attestation.rs:206;crates/canic-testing-internal/src/pic/fleet_registry/role_attestation.rs:22;crates/canic-testing-internal/src/pic/fleet_registry/role_attestation.rs:242;crates/canic/tests/protocol_surface.rs:2632;crates/canic/tests/protocol_surface.rs:2633;crates/canic/tests/protocol_surface.rs:2640;crates/canic/tests/protocol_surface.rs:2641;crates/canic/tests/protocol_surface.rs:2650;crates/canic/tests/protocol_surface.rs:2658	async fn canic_prepare_role_attestation( request: ::canic::dto::auth::RoleAttestationRequest, ) -> Result<::canic::dto::auth::RoleAttestationPrepareResponse, ::canic::Error>	RootCommand::PrepareRoleAttestation	crates/canic-testing-internal/src/pic/fleet_registry/role_attestation.rs:206;crates/canic-testing-internal/src/pic/fleet_registry/role_attestation.rs:22;crates/canic-testing-internal/src/pic/fleet_registry/role_attestation.rs:242
fleet-subnet-root	canic-owned	role-status-variant	canic_readiness	query	canic_readiness : () -> (Result_32) query;	crates/canic/src/macros/endpoints/shared.rs:95	always	#[$crate::canic_query(requires(caller::is_controller()))]	$crate::__internal::core::api::runtime::RuntimeIntrospectionApi::readiness(	query_read_only	CANIC_READINESS	apps/skynet/console/src/lib.rs:109;crates/canic-core/src/replay_policy/tests/endpoint.rs:182;crates/canic/tests/protocol_surface.rs:2740	async fn canic_readiness() -> Result<::canic::dto::runtime::CanicReadinessStatus, ::canic::Error>	RootStatusRequest::Readiness	none
fleet-subnet-root	canic-owned	role-status-variant	canic_ready	query	canic_ready : () -> (bool) query;	crates/canic/src/macros/endpoints/shared.rs:57	always	#[$crate::canic_query(internal, public)]	$crate::__internal::core::api::ready::ReadyApi::is_ready()	query_read_only(mode-derived)	CANIC_READY	apps/skynet/console/src/lib.rs:107;apps/skynet/console/src/tests.rs:41;apps/skynet/memory_cell/src/lib.rs:72;apps/skynet/node/src/lib.rs:112;apps/skynet/root/src/lib.rs:51;apps/skynet/root/src/lib.rs:52;apps/skynet/t800/src/lib.rs:71;crates/canic-cli/src/medic/tests.rs:1122;crates/canic-host/src/candid_endpoints/tests.rs:18;crates/canic-host/src/candid_endpoints/tests.rs:20;crates/canic-host/src/candid_endpoints/tests.rs:21;crates/canic-host/src/candid_endpoints/tests.rs:32;crates/canic-host/src/candid_endpoints/tests.rs:33;crates/canic-host/src/candid_endpoints/tests.rs:6;crates/canic-host/src/canister_ready/mod.rs:15;crates/canic-host/src/canister_ready/mod.rs:37;crates/canic-host/src/canister_ready/mod.rs:52;crates/canic-host/src/replica_query/cbor/tests.rs:5;crates/canic-host/src/replica_query/mod.rs:93;crates/canic-host/src/replica_query/mod.rs:99;crates/canic-testing-internal/src/pic/canic.rs:258;crates/canic-testing-internal/src/pic/canic.rs:269;crates/canic-testing-internal/src/pic/canic.rs:363;crates/canic-testing-internal/src/pic/canic.rs:377;crates/canic-testing-internal/src/pic/canic.rs:378;crates/canic-testing-internal/src/pic/canic.rs:73;crates/canic-testing-internal/src/pic/canic.rs:76;crates/canic-testing-internal/src/pic/root/topology.rs:128;crates/canic-testing-internal/src/pic/root/topology.rs:133;crates/canic-tests/tests/lifecycle_boundary.rs:101;crates/canic-tests/tests/lifecycle_boundary.rs:8	fn canic_ready() -> bool	RootStatusRequest::Overview	crates/canic-host/src/canister_ready/mod.rs:15;crates/canic-host/src/canister_ready/mod.rs:37;crates/canic-host/src/canister_ready/mod.rs:52;crates/canic-host/src/replica_query/mod.rs:93;crates/canic-host/src/replica_query/mod.rs:99;crates/canic-testing-internal/src/pic/canic.rs:258;crates/canic-testing-internal/src/pic/canic.rs:269;crates/canic-testing-internal/src/pic/canic.rs:363;crates/canic-testing-internal/src/pic/canic.rs:377;crates/canic-testing-internal/src/pic/canic.rs:378;crates/canic-testing-internal/src/pic/canic.rs:73;crates/canic-testing-internal/src/pic/canic.rs:76;crates/canic-testing-internal/src/pic/root/topology.rs:128;crates/canic-testing-internal/src/pic/root/topology.rs:133;crates/canic-tests/tests/lifecycle_boundary.rs:101;crates/canic-tests/tests/lifecycle_boundary.rs:8
fleet-subnet-root	canic-owned	role-command-variant	canic_response_capability_v1	update	canic_response_capability_v1 : (RootCapabilityEnvelopeV1) -> (Result_33);	crates/canic/src/macros/endpoints/shared.rs:274	#[cfg(canic_is_root)]	#[$crate::canic_update(internal, requires(custom( $crate::__internal::control_plane::api::component_rpc::RootCapabilityCallerPredicate )))]	$crate::__internal::control_plane::api::component_rpc::ComponentRpcApi::response_capability_v1_root(envelope).await	update_command_dispatch	CANIC_RESPONSE_CAPABILITY_V1	canisters/test/sharding_root_stub/src/lib.rs:60;crates/canic-cli/src/endpoints/tests.rs:27;crates/canic-cli/src/endpoints/tests.rs:28;crates/canic-cli/src/endpoints/tests.rs:43;crates/canic-core/src/ops/rpc/mod.rs:146;crates/canic-core/src/ops/rpc/mod.rs:165;crates/canic-core/src/replay_policy/tests/root_capability.rs:25;crates/canic-tests/tests/instruction_audit_support/execution.rs:260;crates/canic-tests/tests/instruction_audit_support/execution.rs:317;crates/canic-tests/tests/instruction_audit_support/execution.rs:318;crates/canic-tests/tests/instruction_audit_support/execution.rs:730;crates/canic-tests/tests/instruction_audit_support/report.rs:518;crates/canic-tests/tests/instruction_audit_support/report.rs:591;crates/canic-tests/tests/instruction_audit_support/report.rs:675;crates/canic-tests/tests/instruction_audit_support/scenarios.rs:108;crates/canic-tests/tests/instruction_audit_support/scenarios.rs:110;crates/canic-tests/tests/instruction_audit_support/scenarios.rs:113;crates/canic-tests/tests/instruction_audit_support/scenarios.rs:124;crates/canic-tests/tests/instruction_audit_support/scenarios.rs:126;crates/canic-tests/tests/instruction_audit_support/scenarios.rs:129;crates/canic-tests/tests/instruction_audit_support/scenarios.rs:264;crates/canic-tests/tests/instruction_audit_support/scenarios.rs:265;crates/canic/tests/protocol_surface.rs:184;crates/canic/tests/protocol_surface.rs:185;crates/canic/tests/protocol_surface.rs:190	async fn canic_response_capability_v1( envelope: ::canic::dto::capability::RootCapabilityEnvelopeV1, ) -> Result<::canic::dto::capability::RootCapabilityResponseV1, ::canic::Error>	RootCommand::RespondCapability	crates/canic-core/src/ops/rpc/mod.rs:146;crates/canic-core/src/ops/rpc/mod.rs:165;crates/canic-tests/tests/instruction_audit_support/execution.rs:260;crates/canic-tests/tests/instruction_audit_support/execution.rs:317;crates/canic-tests/tests/instruction_audit_support/execution.rs:318;crates/canic-tests/tests/instruction_audit_support/execution.rs:730;crates/canic-tests/tests/instruction_audit_support/report.rs:518;crates/canic-tests/tests/instruction_audit_support/report.rs:591;crates/canic-tests/tests/instruction_audit_support/report.rs:675;crates/canic-tests/tests/instruction_audit_support/scenarios.rs:108;crates/canic-tests/tests/instruction_audit_support/scenarios.rs:110;crates/canic-tests/tests/instruction_audit_support/scenarios.rs:113;crates/canic-tests/tests/instruction_audit_support/scenarios.rs:124;crates/canic-tests/tests/instruction_audit_support/scenarios.rs:126;crates/canic-tests/tests/instruction_audit_support/scenarios.rs:129;crates/canic-tests/tests/instruction_audit_support/scenarios.rs:264;crates/canic-tests/tests/instruction_audit_support/scenarios.rs:265
fleet-subnet-root	canic-owned	role-command-variant	canic_resume_fleet_activation	update	canic_resume_fleet_activation : (FleetActivationResumeRequest) -> (Result_7);	crates/canic/src/macros/endpoints/root.rs:566	always	#[$crate::canic_update(requires(caller::is_controller()))]	let transition = $crate::__internal::control_plane::api::lifecycle::LifecycleApi::resume_fleet_activation(	update_response_idempotent	CANIC_RESUME_FLEET_ACTIVATION	crates/canic-core/src/domain/policy/pure/fleet_activation.rs:116;crates/canic-core/src/domain/policy/pure/fleet_activation.rs:18;crates/canic-core/src/domain/policy/pure/fleet_activation.rs:259;crates/canic-testing-internal/src/pic/canic.rs:246;crates/canic-testing-internal/src/pic/fleet_registry/baseline.rs:2919;crates/canic-testing-internal/src/pic/fleet_registry/baseline.rs:2932;crates/canic-testing-internal/src/pic/fleet_registry/baseline.rs:84	async fn canic_resume_fleet_activation( request: ::canic::dto::fleet_activation::FleetActivationResumeRequest, ) -> Result<::canic::dto::fleet_activation::FleetActivationStatusResponse, ::canic::Error>	RootCommand::ResumeFleetActivation	crates/canic-testing-internal/src/pic/canic.rs:246;crates/canic-testing-internal/src/pic/fleet_registry/baseline.rs:2919;crates/canic-testing-internal/src/pic/fleet_registry/baseline.rs:2932;crates/canic-testing-internal/src/pic/fleet_registry/baseline.rs:84
fleet-subnet-root	canic-owned	role-command-variant	canic_root_component_allocate	update	canic_root_component_allocate : (RootComponentAllocationRequest) -> ( Result_34, );	crates/canic/src/macros/endpoints/root.rs:236	always	#[$crate::canic_update(requires(caller::is_controller()))]	$crate::__internal::control_plane::api::lifecycle::LifecycleApi::reserve_component_allocation(request).await	update_response_idempotent	CANIC_ROOT_COMPONENT_ALLOCATE	crates/canic-core/src/domain/policy/pure/fleet_activation.rs:117;crates/canic-core/src/domain/policy/pure/fleet_activation.rs:18;crates/canic-core/src/domain/policy/pure/fleet_activation.rs:230;crates/canic-testing-internal/src/pic/fleet_registry/baseline.rs:2392;crates/canic-testing-internal/src/pic/fleet_registry/baseline.rs:2410;crates/canic-testing-internal/src/pic/fleet_registry/baseline.rs:2573;crates/canic-testing-internal/src/pic/fleet_registry/baseline.rs:2813;crates/canic-testing-internal/src/pic/fleet_registry/baseline.rs:2985;crates/canic-testing-internal/src/pic/fleet_registry/baseline.rs:3025;crates/canic-testing-internal/src/pic/fleet_registry/baseline.rs:85;crates/canic-testing-internal/src/pic/fleet_registry/baseline.rs:913;crates/canic/tests/protocol_surface.rs:1168;crates/canic/tests/protocol_surface.rs:1169;crates/canic/tests/protocol_surface.rs:1170;crates/canic/tests/protocol_surface.rs:1446	async fn canic_root_component_allocate( request: ::canic::dto::component_registry::RootComponentAllocationRequest, ) -> Result<::canic::dto::component_registry::RootComponentAllocationResponse, ::canic::Error>	RootCommand::ProvisionComponent	crates/canic-testing-internal/src/pic/fleet_registry/baseline.rs:2392;crates/canic-testing-internal/src/pic/fleet_registry/baseline.rs:2410;crates/canic-testing-internal/src/pic/fleet_registry/baseline.rs:2573;crates/canic-testing-internal/src/pic/fleet_registry/baseline.rs:2813;crates/canic-testing-internal/src/pic/fleet_registry/baseline.rs:2985;crates/canic-testing-internal/src/pic/fleet_registry/baseline.rs:3025;crates/canic-testing-internal/src/pic/fleet_registry/baseline.rs:85;crates/canic-testing-internal/src/pic/fleet_registry/baseline.rs:913
fleet-subnet-root	canic-owned	role-status-variant	canic_root_component_allocation_status	query	canic_root_component_allocation_status : (AuthoritySnapshotRequest) -> ( Result_34, ) query;	crates/canic/src/macros/endpoints/root.rs:257	always	#[$crate::canic_query(requires(caller::is_controller()))]	$crate::__internal::control_plane::api::lifecycle::LifecycleApi::component_allocation_status(request)	query_read_only	CANIC_ROOT_COMPONENT_ALLOCATION_STATUS	crates/canic-core/src/domain/policy/pure/fleet_activation.rs:19;crates/canic-core/src/domain/policy/pure/fleet_activation.rs:247;crates/canic-core/src/domain/policy/pure/fleet_activation.rs:98;crates/canic-testing-internal/src/pic/fleet_registry/baseline.rs:3036;crates/canic-testing-internal/src/pic/fleet_registry/baseline.rs:3100;crates/canic-testing-internal/src/pic/fleet_registry/baseline.rs:3619;crates/canic-testing-internal/src/pic/fleet_registry/baseline.rs:85;crates/canic/tests/protocol_surface.rs:1173;crates/canic/tests/protocol_surface.rs:1174;crates/canic/tests/protocol_surface.rs:1175;crates/canic/tests/protocol_surface.rs:1452	async fn canic_root_component_allocation_status( request: ::canic::dto::component_registry::RootComponentAllocationStatusRequest, ) -> Result<::canic::dto::component_registry::RootComponentAllocationResponse, ::canic::Error>	RootStatusRequest::Operation	crates/canic-testing-internal/src/pic/fleet_registry/baseline.rs:3036;crates/canic-testing-internal/src/pic/fleet_registry/baseline.rs:3100;crates/canic-testing-internal/src/pic/fleet_registry/baseline.rs:3619;crates/canic-testing-internal/src/pic/fleet_registry/baseline.rs:85
fleet-subnet-root	canic-owned	role-command-variant	canic_root_component_child_allocate	update	canic_root_component_child_allocate : ( RootComponentChildAllocationRequest, ) -> (Result_35);	crates/canic/src/macros/endpoints/root.rs:264	always	#[$crate::canic_update(internal, public)]	$crate::__internal::control_plane::api::lifecycle::LifecycleApi::reserve_component_child(request).await	update_response_idempotent	CANIC_ROOT_COMPONENT_CHILD_ALLOCATE	crates/canic-core/src/domain/policy/pure/fleet_activation.rs:293;crates/canic-core/src/domain/policy/pure/fleet_activation.rs:40;crates/canic-core/src/replay_policy/tests/endpoint.rs:360;crates/canic/tests/protocol_surface.rs:1188;crates/canic/tests/protocol_surface.rs:1189;crates/canic/tests/protocol_surface.rs:1190;crates/canic/tests/protocol_surface.rs:1457	async fn canic_root_component_child_allocate( request: ::canic::dto::component_registry::RootComponentChildAllocationRequest, ) -> Result<::canic::dto::component_registry::RootComponentChildAllocationResponse, ::canic::Error>	RootCommand::ProvisionChild	none
fleet-subnet-root	canic-owned	role-status-variant	canic_root_component_child_allocation_status	query	canic_root_component_child_allocation_status : (CanisterPoolClaim) -> ( Result_35, ) query;	crates/canic/src/macros/endpoints/root.rs:271	always	#[$crate::canic_query(internal, public)]	$crate::__internal::control_plane::api::lifecycle::LifecycleApi::component_child_allocation_status(request)	query_read_only	CANIC_ROOT_COMPONENT_CHILD_ALLOCATION_STATUS	crates/canic-core/src/domain/policy/pure/fleet_activation.rs:297;crates/canic-core/src/domain/policy/pure/fleet_activation.rs:41;crates/canic-core/src/replay_policy/tests/endpoint.rs:364;crates/canic/tests/protocol_surface.rs:1193;crates/canic/tests/protocol_surface.rs:1194;crates/canic/tests/protocol_surface.rs:1195;crates/canic/tests/protocol_surface.rs:1473	async fn canic_root_component_child_allocation_status( request: ::canic::dto::component_registry::RootComponentChildAllocationStatusRequest, ) -> Result<::canic::dto::component_registry::RootComponentChildAllocationResponse, ::canic::Error>	RootStatusRequest::Operation	none
fleet-subnet-root	canic-owned	private-delete	canic_root_component_child_commit	update	canic_root_component_child_commit : (CanisterPoolClaim) -> (Result_36);	crates/canic/src/macros/endpoints/root.rs:425	always	#[$crate::canic_update(internal, public)]	$crate::__internal::control_plane::api::lifecycle::LifecycleApi::commit_component_child(request).await	update_response_idempotent	CANIC_ROOT_COMPONENT_CHILD_COMMIT	crates/canic-core/src/domain/policy/pure/fleet_activation.rs:302;crates/canic-core/src/domain/policy/pure/fleet_activation.rs:41;crates/canic-core/src/replay_policy/tests/endpoint.rs:272;crates/canic/tests/protocol_surface.rs:1303;crates/canic/tests/protocol_surface.rs:1304;crates/canic/tests/protocol_surface.rs:1305;crates/canic/tests/protocol_surface.rs:1460	async fn canic_root_component_child_commit( request: ::canic::dto::component_registry::RootComponentChildCommitRequest, ) -> Result<::canic::dto::component_registry::RootComponentChildCommitResponse, ::canic::Error>	none	none
fleet-subnet-root	canic-owned	private-delete	canic_root_component_child_create	update	canic_root_component_child_create : (CanisterPoolClaim) -> (Result_35);	crates/canic/src/macros/endpoints/root.rs:411	always	#[$crate::canic_update(internal, public)]	$crate::__internal::control_plane::api::lifecycle::LifecycleApi::create_component_child(request).await	update_costed_response_idempotent	CANIC_ROOT_COMPONENT_CHILD_CREATE	crates/canic-core/src/domain/policy/pure/fleet_activation.rs:300;crates/canic-core/src/domain/policy/pure/fleet_activation.rs:42;crates/canic-core/src/replay_policy/tests/endpoint.rs:226;crates/canic/tests/protocol_surface.rs:1293;crates/canic/tests/protocol_surface.rs:1294;crates/canic/tests/protocol_surface.rs:1295;crates/canic/tests/protocol_surface.rs:1458	async fn canic_root_component_child_create( request: ::canic::dto::component_registry::RootComponentChildCreationRequest, ) -> Result<::canic::dto::component_registry::RootComponentChildAllocationResponse, ::canic::Error>	none	none
fleet-subnet-root	canic-owned	private-delete	canic_root_component_child_directory_prepare	update	canic_root_component_child_directory_prepare : (CanisterPoolClaim) -> ( Result_37, );	crates/canic/src/macros/endpoints/root.rs:432	always	#[$crate::canic_update(internal, public)]	$crate::__internal::control_plane::api::lifecycle::LifecycleApi::prepare_component_child_directories(request).await	update_response_idempotent	CANIC_ROOT_COMPONENT_CHILD_DIRECTORY_PREPARE	crates/canic-core/src/domain/policy/pure/fleet_activation.rs:304;crates/canic-core/src/domain/policy/pure/fleet_activation.rs:42;crates/canic-core/src/replay_policy/tests/endpoint.rs:294;crates/canic/tests/protocol_surface.rs:1308;crates/canic/tests/protocol_surface.rs:1309;crates/canic/tests/protocol_surface.rs:1310;crates/canic/tests/protocol_surface.rs:1461	async fn canic_root_component_child_directory_prepare( request: ::canic::dto::component_registry::RootComponentChildDirectoryPreparationRequest, ) -> Result<::canic::dto::component_registry::RootComponentChildDirectoryPreparationResponse, ::canic::Error>	none	none
fleet-subnet-root	canic-owned	private-delete	canic_root_component_child_install	update	canic_root_component_child_install : (CanisterPoolClaim) -> (Result_35);	crates/canic/src/macros/endpoints/root.rs:418	always	#[$crate::canic_update(internal, public)]	$crate::__internal::control_plane::api::lifecycle::LifecycleApi::install_component_child(request).await	update_costed_response_idempotent	CANIC_ROOT_COMPONENT_CHILD_INSTALL	crates/canic-core/src/domain/policy/pure/fleet_activation.rs:301;crates/canic-core/src/domain/policy/pure/fleet_activation.rs:43;crates/canic-core/src/replay_policy/tests/endpoint.rs:248;crates/canic/tests/protocol_surface.rs:1298;crates/canic/tests/protocol_surface.rs:1299;crates/canic/tests/protocol_surface.rs:1300;crates/canic/tests/protocol_surface.rs:1459	async fn canic_root_component_child_install( request: ::canic::dto::component_registry::RootComponentChildInstallRequest, ) -> Result<::canic::dto::component_registry::RootComponentChildAllocationResponse, ::canic::Error>	none	none
fleet-subnet-root	canic-owned	private-delete	canic_root_component_child_membership_activate	update	canic_root_component_child_membership_activate : (CanisterPoolClaim) -> ( Result_38, );	crates/canic/src/macros/endpoints/root.rs:446	always	#[$crate::canic_update(internal, public)]	$crate::__internal::control_plane::api::lifecycle::LifecycleApi::activate_component_child_membership(request).await	update_response_idempotent	CANIC_ROOT_COMPONENT_CHILD_MEMBERSHIP_ACTIVATE	crates/canic-core/src/domain/policy/pure/fleet_activation.rs:312;crates/canic-core/src/domain/policy/pure/fleet_activation.rs:43;crates/canic-core/src/replay_policy/tests/endpoint.rs:338;crates/canic/tests/protocol_surface.rs:1318;crates/canic/tests/protocol_surface.rs:1319;crates/canic/tests/protocol_surface.rs:1320;crates/canic/tests/protocol_surface.rs:1463	async fn canic_root_component_child_membership_activate( request: ::canic::dto::component_registry::RootComponentChildMembershipActivationRequest, ) -> Result<::canic::dto::component_registry::RootComponentChildMembershipActivationResponse, ::canic::Error>	none	none
fleet-subnet-root	canic-owned	private-delete	canic_root_component_child_runtime_activate	update	canic_root_component_child_runtime_activate : (CanisterPoolClaim) -> ( Result_39, );	crates/canic/src/macros/endpoints/root.rs:439	always	#[$crate::canic_update(internal, public)]	$crate::__internal::control_plane::api::lifecycle::LifecycleApi::activate_component_child_runtime(request).await	update_response_idempotent	CANIC_ROOT_COMPONENT_CHILD_RUNTIME_ACTIVATE	crates/canic-core/src/domain/policy/pure/fleet_activation.rs:308;crates/canic-core/src/domain/policy/pure/fleet_activation.rs:44;crates/canic-core/src/replay_policy/tests/endpoint.rs:316;crates/canic/tests/protocol_surface.rs:1313;crates/canic/tests/protocol_surface.rs:1314;crates/canic/tests/protocol_surface.rs:1315;crates/canic/tests/protocol_surface.rs:1462	async fn canic_root_component_child_runtime_activate( request: ::canic::dto::component_registry::RootComponentChildRuntimeActivationRequest, ) -> Result<::canic::dto::component_registry::RootComponentChildRuntimeActivationResponse, ::canic::Error>	none	none
fleet-subnet-root	canic-owned	private-delete	canic_root_component_commit	update	canic_root_component_commit : (AuthoritySnapshotRequest) -> (Result_40);	crates/canic/src/macros/endpoints/root.rs:481	always	#[$crate::canic_update(requires(caller::is_controller()))]	$crate::__internal::control_plane::api::lifecycle::LifecycleApi::commit_component_allocation(request).await	update_response_idempotent	CANIC_ROOT_COMPONENT_COMMIT	crates/canic-core/src/domain/policy/pure/fleet_activation.rs:118;crates/canic-core/src/domain/policy/pure/fleet_activation.rs:19;crates/canic-core/src/domain/policy/pure/fleet_activation.rs:233;crates/canic-testing-internal/src/pic/fleet_registry/baseline.rs:3184;crates/canic-testing-internal/src/pic/fleet_registry/baseline.rs:3247;crates/canic-testing-internal/src/pic/fleet_registry/baseline.rs:3574;crates/canic-testing-internal/src/pic/fleet_registry/baseline.rs:86;crates/canic/tests/protocol_surface.rs:1333;crates/canic/tests/protocol_surface.rs:1334;crates/canic/tests/protocol_surface.rs:1335;crates/canic/tests/protocol_surface.rs:1483	async fn canic_root_component_commit( request: ::canic::dto::component_registry::RootComponentCommitRequest, ) -> Result<::canic::dto::component_registry::RootComponentCommitResponse, ::canic::Error>	none	crates/canic-testing-internal/src/pic/fleet_registry/baseline.rs:3184;crates/canic-testing-internal/src/pic/fleet_registry/baseline.rs:3247;crates/canic-testing-internal/src/pic/fleet_registry/baseline.rs:3574;crates/canic-testing-internal/src/pic/fleet_registry/baseline.rs:86
fleet-subnet-root	canic-owned	private-delete	canic_root_component_create	update	canic_root_component_create : (AuthoritySnapshotRequest) -> (Result_34);	crates/canic/src/macros/endpoints/root.rs:453	always	#[$crate::canic_update(requires(caller::is_controller()))]	$crate::__internal::control_plane::api::lifecycle::LifecycleApi::create_component_allocation(request).await	update_costed_response_idempotent	CANIC_ROOT_COMPONENT_CREATE	crates/canic-core/src/domain/policy/pure/fleet_activation.rs:119;crates/canic-core/src/domain/policy/pure/fleet_activation.rs:20;crates/canic-core/src/domain/policy/pure/fleet_activation.rs:231;crates/canic-core/src/replay_policy/tests/endpoint.rs:204;crates/canic-testing-internal/src/pic/fleet_registry/baseline.rs:3059;crates/canic-testing-internal/src/pic/fleet_registry/baseline.rs:3092;crates/canic-testing-internal/src/pic/fleet_registry/baseline.rs:86;crates/canic/tests/protocol_surface.rs:1323;crates/canic/tests/protocol_surface.rs:1324;crates/canic/tests/protocol_surface.rs:1325;crates/canic/tests/protocol_surface.rs:1481	async fn canic_root_component_create( request: ::canic::dto::component_registry::RootComponentCreationRequest, ) -> Result<::canic::dto::component_registry::RootComponentAllocationResponse, ::canic::Error>	none	crates/canic-testing-internal/src/pic/fleet_registry/baseline.rs:3059;crates/canic-testing-internal/src/pic/fleet_registry/baseline.rs:3092;crates/canic-testing-internal/src/pic/fleet_registry/baseline.rs:86
fleet-subnet-root	canic-owned	private-delete	canic_root_component_delete	update	canic_root_component_delete : (RootComponentDeletionRequest) -> (Result_41);	crates/canic/src/macros/endpoints/root.rs:320	always	#[$crate::canic_update(requires(caller::is_controller()))]	$crate::__internal::control_plane::api::lifecycle::LifecycleApi::delete_component(request).await	update_response_idempotent	CANIC_ROOT_COMPONENT_DELETE	crates/canic-core/src/replay_policy/tests/endpoint.rs:671;crates/canic-testing-internal/src/pic/fleet_registry/baseline.rs:1180;crates/canic-testing-internal/src/pic/fleet_registry/baseline.rs:1200;crates/canic-testing-internal/src/pic/fleet_registry/baseline.rs:1266;crates/canic-testing-internal/src/pic/fleet_registry/baseline.rs:1941;crates/canic-testing-internal/src/pic/fleet_registry/baseline.rs:203;crates/canic/tests/protocol_surface.rs:1228;crates/canic/tests/protocol_surface.rs:1229;crates/canic/tests/protocol_surface.rs:1230;crates/canic/tests/protocol_surface.rs:1599	async fn canic_root_component_delete( request: ::canic::dto::component_registry::RootComponentDeletionRequest, ) -> Result<::canic::dto::component_registry::RootComponentDeletionResponse, ::canic::Error>	none	crates/canic-testing-internal/src/pic/fleet_registry/baseline.rs:1180;crates/canic-testing-internal/src/pic/fleet_registry/baseline.rs:1200;crates/canic-testing-internal/src/pic/fleet_registry/baseline.rs:1266;crates/canic-testing-internal/src/pic/fleet_registry/baseline.rs:1941;crates/canic-testing-internal/src/pic/fleet_registry/baseline.rs:203
fleet-subnet-root	canic-owned	role-status-variant	canic_root_component_deletion_status	query	canic_root_component_deletion_status : (CanisterPoolClaim) -> ( Result_41, ) query;	crates/canic/src/macros/endpoints/root.rs:334	always	#[$crate::canic_query(requires(caller::is_controller()))]	$crate::__internal::control_plane::api::lifecycle::LifecycleApi::component_deletion_status(request)	query_read_only	CANIC_ROOT_COMPONENT_DELETION_STATUS	crates/canic-core/src/replay_policy/tests/endpoint.rs:679;crates/canic-testing-internal/src/pic/fleet_registry/baseline.rs:1207;crates/canic-testing-internal/src/pic/fleet_registry/baseline.rs:1276;crates/canic-testing-internal/src/pic/fleet_registry/baseline.rs:204;crates/canic/tests/protocol_surface.rs:1238;crates/canic/tests/protocol_surface.rs:1239;crates/canic/tests/protocol_surface.rs:1240;crates/canic/tests/protocol_surface.rs:1611	async fn canic_root_component_deletion_status( request: ::canic::dto::component_registry::RootComponentDeletionStatusRequest, ) -> Result<::canic::dto::component_registry::RootComponentDeletionResponse, ::canic::Error>	RootStatusRequest::Operation	crates/canic-testing-internal/src/pic/fleet_registry/baseline.rs:1207;crates/canic-testing-internal/src/pic/fleet_registry/baseline.rs:1276;crates/canic-testing-internal/src/pic/fleet_registry/baseline.rs:204
fleet-subnet-root	canic-owned	role-command-variant	canic_root_component_directories_synchronize	update	canic_root_component_directories_synchronize : ( RootComponentDirectorySynchronizationRequest, ) -> (Result_42);	crates/canic/src/macros/endpoints/root.rs:211	always	#[$crate::canic_update( internal, public, payload(max_bytes = ::canic::__internal::core::control_plane_support::ops::component_provisioning_plan::MAX_FLEET_SUBNET_ROOT_COMPONENT_PUBLICATION_PAYLOAD_BYTES) )]	$crate::__internal::control_plane::api::component_provisioning::RootComponentProvisioningApi::synchronize_directories(request).await	update_response_idempotent	CANIC_ROOT_COMPONENT_DIRECTORIES_SYNCHRONIZE	crates/canic-control-plane/src/workflow/fleet_coordinator/mod.rs:578;crates/canic/tests/protocol_surface.rs:1153;crates/canic/tests/protocol_surface.rs:1154;crates/canic/tests/protocol_surface.rs:1155;crates/canic/tests/protocol_surface.rs:792	async fn canic_root_component_directories_synchronize( request: ::canic::dto::component_provisioning::RootComponentDirectorySynchronizationRequest, ) -> Result<::canic::dto::component_provisioning::RootComponentDirectorySynchronizationResponse, ::canic::Error>	RootCommand::SynchronizeComponentDirectories	crates/canic-control-plane/src/workflow/fleet_coordinator/mod.rs:578
fleet-subnet-root	canic-owned	role-status-variant	canic_root_component_directory_head	query	canic_root_component_directory_head : (ComponentDirectoryHeadRequest) -> ( Result_43, ) query;	crates/canic/src/macros/endpoints/root.rs:544	always	#[$crate::canic_query(requires(caller::is_controller()))]	$crate::__internal::control_plane::api::lifecycle::LifecycleApi::component_directory_head(request)	query_read_only	CANIC_ROOT_COMPONENT_DIRECTORY_HEAD	crates/canic-core/src/domain/policy/pure/fleet_activation.rs:101;crates/canic-core/src/domain/policy/pure/fleet_activation.rs:20;crates/canic-core/src/domain/policy/pure/fleet_activation.rs:254;crates/canic-testing-internal/src/pic/fleet_registry/baseline.rs:3540;crates/canic-testing-internal/src/pic/fleet_registry/baseline.rs:3645;crates/canic-testing-internal/src/pic/fleet_registry/baseline.rs:87;crates/canic/tests/protocol_surface.rs:1408;crates/canic/tests/protocol_surface.rs:1409;crates/canic/tests/protocol_surface.rs:1410;crates/canic/tests/protocol_surface.rs:1496	async fn canic_root_component_directory_head( request: ::canic::dto::component_registry::ComponentDirectoryHeadRequest, ) -> Result<::canic::dto::component_registry::ComponentDirectoryHead, ::canic::Error>	RootStatusRequest::ComponentDirectoryHead	crates/canic-testing-internal/src/pic/fleet_registry/baseline.rs:3540;crates/canic-testing-internal/src/pic/fleet_registry/baseline.rs:3645;crates/canic-testing-internal/src/pic/fleet_registry/baseline.rs:87
fleet-subnet-root	canic-owned	role-status-variant	canic_root_component_directory_page	query	canic_root_component_directory_page : (ComponentDirectoryPageRequest) -> ( Result_44, ) query;	crates/canic/src/macros/endpoints/root.rs:551	always	#[$crate::canic_query(internal, public)]	$crate::__internal::control_plane::api::lifecycle::LifecycleApi::component_directory_page(request)	query_read_only	CANIC_ROOT_COMPONENT_DIRECTORY_PAGE	apps/skynet/root/src/lib.rs:136;crates/canic-core/src/domain/policy/pure/fleet_activation.rs:102;crates/canic-core/src/domain/policy/pure/fleet_activation.rs:21;crates/canic-core/src/domain/policy/pure/fleet_activation.rs:255;crates/canic-core/src/domain/policy/pure/fleet_activation.rs:321;crates/canic/tests/protocol_surface.rs:1413;crates/canic/tests/protocol_surface.rs:1414;crates/canic/tests/protocol_surface.rs:1415;crates/canic/tests/protocol_surface.rs:1505	async fn canic_root_component_directory_page( request: ::canic::dto::component_registry::ComponentDirectoryPageRequest, ) -> Result<::canic::dto::component_registry::ComponentDirectoryPageResponse, ::canic::Error>	RootStatusRequest::ComponentDirectoryPage	none
fleet-subnet-root	canic-owned	private-delete	canic_root_component_directory_prepare	update	canic_root_component_directory_prepare : (AuthoritySnapshotRequest) -> ( Result_45, );	crates/canic/src/macros/endpoints/root.rs:495	always	#[$crate::canic_update(requires(caller::is_controller()))]	$crate::__internal::control_plane::api::lifecycle::LifecycleApi::prepare_component_directories(request).await	update_response_idempotent	CANIC_ROOT_COMPONENT_DIRECTORY_PREPARE	crates/canic-core/src/domain/policy/pure/fleet_activation.rs:120;crates/canic-core/src/domain/policy/pure/fleet_activation.rs:21;crates/canic-core/src/domain/policy/pure/fleet_activation.rs:235;crates/canic-testing-internal/src/pic/fleet_registry/baseline.rs:3281;crates/canic-testing-internal/src/pic/fleet_registry/baseline.rs:3325;crates/canic-testing-internal/src/pic/fleet_registry/baseline.rs:3424;crates/canic-testing-internal/src/pic/fleet_registry/baseline.rs:3587;crates/canic-testing-internal/src/pic/fleet_registry/baseline.rs:87;crates/canic/tests/protocol_surface.rs:1338;crates/canic/tests/protocol_surface.rs:1339;crates/canic/tests/protocol_surface.rs:1340;crates/canic/tests/protocol_surface.rs:1484	async fn canic_root_component_directory_prepare( request: ::canic::dto::component_registry::RootComponentDirectoryPreparationRequest, ) -> Result<::canic::dto::component_registry::RootComponentDirectoryPreparationResponse, ::canic::Error>	none	crates/canic-testing-internal/src/pic/fleet_registry/baseline.rs:3281;crates/canic-testing-internal/src/pic/fleet_registry/baseline.rs:3325;crates/canic-testing-internal/src/pic/fleet_registry/baseline.rs:3424;crates/canic-testing-internal/src/pic/fleet_registry/baseline.rs:3587;crates/canic-testing-internal/src/pic/fleet_registry/baseline.rs:87
fleet-subnet-root	canic-owned	private-delete	canic_root_component_draining_advance	update	canic_root_component_draining_advance : (CanisterPoolClaim) -> (Result_46);	crates/canic/src/macros/endpoints/root.rs:306	always	#[$crate::canic_update(requires(caller::is_controller()))]	$crate::__internal::control_plane::api::lifecycle::LifecycleApi::advance_component_draining(request).await	update_snapshot_convergent	CANIC_ROOT_COMPONENT_DRAINING_ADVANCE	crates/canic-core/src/replay_policy/tests/endpoint.rs:663;crates/canic-testing-internal/src/pic/fleet_registry/baseline.rs:1148;crates/canic-testing-internal/src/pic/fleet_registry/baseline.rs:1907;crates/canic-testing-internal/src/pic/fleet_registry/baseline.rs:204;crates/canic/tests/protocol_surface.rs:1218;crates/canic/tests/protocol_surface.rs:1219;crates/canic/tests/protocol_surface.rs:1220;crates/canic/tests/protocol_surface.rs:1597	async fn canic_root_component_draining_advance( request: ::canic::dto::component_registry::RootComponentDrainingAdvanceRequest, ) -> Result<::canic::dto::component_registry::RootComponentDrainingAdvanceResponse, ::canic::Error>	none	crates/canic-testing-internal/src/pic/fleet_registry/baseline.rs:1148;crates/canic-testing-internal/src/pic/fleet_registry/baseline.rs:1907;crates/canic-testing-internal/src/pic/fleet_registry/baseline.rs:204
fleet-subnet-root	canic-owned	role-command-variant	canic_root_component_draining_begin	update	canic_root_component_draining_begin : (RootComponentDrainingRequest) -> ( Result_47, );	crates/canic/src/macros/endpoints/root.rs:278	always	#[$crate::canic_update(requires(caller::is_controller()))]	$crate::__internal::control_plane::api::lifecycle::LifecycleApi::begin_component_draining(request).await	update_response_idempotent	CANIC_ROOT_COMPONENT_DRAINING_BEGIN	crates/canic-core/src/replay_policy/tests/endpoint.rs:633;crates/canic-testing-internal/src/pic/fleet_registry/baseline.rs:1114;crates/canic-testing-internal/src/pic/fleet_registry/baseline.rs:1881;crates/canic-testing-internal/src/pic/fleet_registry/baseline.rs:205;crates/canic/tests/protocol_surface.rs:1198;crates/canic/tests/protocol_surface.rs:1199;crates/canic/tests/protocol_surface.rs:1200;crates/canic/tests/protocol_surface.rs:1595	async fn canic_root_component_draining_begin( request: ::canic::dto::component_registry::RootComponentDrainingRequest, ) -> Result<::canic::dto::component_registry::RootComponentDrainingResponse, ::canic::Error>	RootCommand::RemoveComponent	crates/canic-testing-internal/src/pic/fleet_registry/baseline.rs:1114;crates/canic-testing-internal/src/pic/fleet_registry/baseline.rs:1881;crates/canic-testing-internal/src/pic/fleet_registry/baseline.rs:205
fleet-subnet-root	canic-owned	private-delete	canic_root_component_draining_inventory_finalize	update	canic_root_component_draining_inventory_finalize : ( RootComponentDrainingRequest, ) -> (Result_48);	crates/canic/src/macros/endpoints/root.rs:313	always	#[$crate::canic_update(requires(caller::is_controller()))]	$crate::__internal::control_plane::api::lifecycle::LifecycleApi::finalize_component_inventory(request).await	update_response_idempotent	CANIC_ROOT_COMPONENT_DRAINING_INVENTORY_FINALIZE	crates/canic-core/src/replay_policy/tests/endpoint.rs:667;crates/canic-testing-internal/src/pic/fleet_registry/baseline.rs:1164;crates/canic-testing-internal/src/pic/fleet_registry/baseline.rs:1923;crates/canic-testing-internal/src/pic/fleet_registry/baseline.rs:205;crates/canic/tests/protocol_surface.rs:1223;crates/canic/tests/protocol_surface.rs:1224;crates/canic/tests/protocol_surface.rs:1225;crates/canic/tests/protocol_surface.rs:1598	async fn canic_root_component_draining_inventory_finalize( request: ::canic::dto::component_registry::RootComponentFinalInventoryRequest, ) -> Result<::canic::dto::component_registry::RootComponentFinalInventoryResponse, ::canic::Error>	none	crates/canic-testing-internal/src/pic/fleet_registry/baseline.rs:1164;crates/canic-testing-internal/src/pic/fleet_registry/baseline.rs:1923;crates/canic-testing-internal/src/pic/fleet_registry/baseline.rs:205
fleet-subnet-root	canic-owned	role-status-variant	canic_root_component_draining_status	query	canic_root_component_draining_status : (CanisterPoolClaim) -> ( Result_47, ) query;	crates/canic/src/macros/endpoints/root.rs:285	always	#[$crate::canic_query(requires(caller::is_controller()))]	$crate::__internal::control_plane::api::lifecycle::LifecycleApi::component_draining_status(request)	query_read_only	CANIC_ROOT_COMPONENT_DRAINING_STATUS	crates/canic-core/src/replay_policy/tests/endpoint.rs:637;crates/canic/tests/protocol_surface.rs:1203;crates/canic/tests/protocol_surface.rs:1204;crates/canic/tests/protocol_surface.rs:1205;crates/canic/tests/protocol_surface.rs:1609	async fn canic_root_component_draining_status( request: ::canic::dto::component_registry::RootComponentDrainingStatusRequest, ) -> Result<::canic::dto::component_registry::RootComponentDrainingResponse, ::canic::Error>	RootStatusRequest::Operation	none
fleet-subnet-root	canic-owned	private-delete	canic_root_component_install	update	canic_root_component_install : (AuthoritySnapshotRequest) -> (Result_34);	crates/canic/src/macros/endpoints/root.rs:467	always	#[$crate::canic_update(requires(caller::is_controller()))]	$crate::__internal::control_plane::api::lifecycle::LifecycleApi::install_component_allocation(request).await	update_costed_response_idempotent	CANIC_ROOT_COMPONENT_INSTALL	crates/canic-core/src/domain/policy/pure/fleet_activation.rs:121;crates/canic-core/src/domain/policy/pure/fleet_activation.rs:22;crates/canic-core/src/domain/policy/pure/fleet_activation.rs:232;crates/canic-testing-internal/src/pic/fleet_registry/baseline.rs:3125;crates/canic-testing-internal/src/pic/fleet_registry/baseline.rs:3167;crates/canic-testing-internal/src/pic/fleet_registry/baseline.rs:88;crates/canic/tests/protocol_surface.rs:1328;crates/canic/tests/protocol_surface.rs:1329;crates/canic/tests/protocol_surface.rs:1330;crates/canic/tests/protocol_surface.rs:1482	async fn canic_root_component_install( request: ::canic::dto::component_registry::RootComponentInstallRequest, ) -> Result<::canic::dto::component_registry::RootComponentAllocationResponse, ::canic::Error>	none	crates/canic-testing-internal/src/pic/fleet_registry/baseline.rs:3125;crates/canic-testing-internal/src/pic/fleet_registry/baseline.rs:3167;crates/canic-testing-internal/src/pic/fleet_registry/baseline.rs:88
fleet-subnet-root	canic-owned	private-delete	canic_root_component_membership_activate	update	canic_root_component_membership_activate : (AuthoritySnapshotRequest) -> ( Result_49, );	crates/canic/src/macros/endpoints/root.rs:523	always	#[$crate::canic_update(requires(caller::is_controller()))]	$crate::__internal::control_plane::api::lifecycle::LifecycleApi::activate_component_membership(request).await	update_response_idempotent	CANIC_ROOT_COMPONENT_MEMBERSHIP_ACTIVATE	crates/canic-core/src/domain/policy/pure/fleet_activation.rs:122;crates/canic-core/src/domain/policy/pure/fleet_activation.rs:22;crates/canic-core/src/domain/policy/pure/fleet_activation.rs:243;crates/canic-testing-internal/src/pic/fleet_registry/baseline.rs:3455;crates/canic-testing-internal/src/pic/fleet_registry/baseline.rs:3508;crates/canic-testing-internal/src/pic/fleet_registry/baseline.rs:88;crates/canic/tests/protocol_surface.rs:1348;crates/canic/tests/protocol_surface.rs:1349;crates/canic/tests/protocol_surface.rs:1350;crates/canic/tests/protocol_surface.rs:1486	async fn canic_root_component_membership_activate( request: ::canic::dto::component_registry::RootComponentMembershipActivationRequest, ) -> Result<::canic::dto::component_registry::RootComponentMembershipActivationResponse, ::canic::Error>	none	crates/canic-testing-internal/src/pic/fleet_registry/baseline.rs:3455;crates/canic-testing-internal/src/pic/fleet_registry/baseline.rs:3508;crates/canic-testing-internal/src/pic/fleet_registry/baseline.rs:88
fleet-subnet-root	canic-owned	private-delete	canic_root_component_membership_remove	update	canic_root_component_membership_remove : (RootComponentDeletionRequest) -> ( Result_41, );	crates/canic/src/macros/endpoints/root.rs:327	always	#[$crate::canic_update(requires(caller::is_controller()))]	$crate::__internal::control_plane::api::lifecycle::LifecycleApi::remove_component_membership(request)	update_response_idempotent	CANIC_ROOT_COMPONENT_MEMBERSHIP_REMOVE	crates/canic-core/src/replay_policy/tests/endpoint.rs:675;crates/canic-testing-internal/src/pic/fleet_registry/baseline.rs:1238;crates/canic-testing-internal/src/pic/fleet_registry/baseline.rs:1256;crates/canic-testing-internal/src/pic/fleet_registry/baseline.rs:1951;crates/canic-testing-internal/src/pic/fleet_registry/baseline.rs:206;crates/canic/tests/protocol_surface.rs:1233;crates/canic/tests/protocol_surface.rs:1234;crates/canic/tests/protocol_surface.rs:1235;crates/canic/tests/protocol_surface.rs:1600	async fn canic_root_component_membership_remove( request: ::canic::dto::component_registry::RootComponentDeletionRequest, ) -> Result<::canic::dto::component_registry::RootComponentDeletionResponse, ::canic::Error>	none	crates/canic-testing-internal/src/pic/fleet_registry/baseline.rs:1238;crates/canic-testing-internal/src/pic/fleet_registry/baseline.rs:1256;crates/canic-testing-internal/src/pic/fleet_registry/baseline.rs:1951;crates/canic-testing-internal/src/pic/fleet_registry/baseline.rs:206
fleet-subnet-root	canic-owned	role-command-variant	canic_root_component_provisioning_accept	update	canic_root_component_provisioning_accept : ( RootComponentProvisioningAcceptanceRequest, ) -> (Result_50);	crates/canic/src/macros/endpoints/root.rs:182	always	#[$crate::canic_update( internal, public, payload(max_bytes = ::canic::__internal::core::control_plane_support::ops::component_provisioning_plan::MAX_FLEET_SUBNET_ROOT_PROVISIONING_ACCEPTANCE_PAYLOAD_BYTES) )]	$crate::__internal::control_plane::api::component_provisioning::RootComponentProvisioningApi::accept(request).await	update_response_idempotent	CANIC_ROOT_COMPONENT_PROVISIONING_ACCEPT	crates/canic-control-plane/src/workflow/fleet_coordinator/mod.rs:505;crates/canic-core/src/domain/policy/pure/fleet_activation.rs:123;crates/canic-core/src/domain/policy/pure/fleet_activation.rs:211;crates/canic-core/src/domain/policy/pure/fleet_activation.rs:23;crates/canic/tests/protocol_surface.rs:1138;crates/canic/tests/protocol_surface.rs:1139;crates/canic/tests/protocol_surface.rs:1140;crates/canic/tests/protocol_surface.rs:1513;crates/canic/tests/protocol_surface.rs:776	async fn canic_root_component_provisioning_accept( request: ::canic::dto::component_provisioning::RootComponentProvisioningAcceptanceRequest, ) -> Result<::canic::dto::component_provisioning::RootComponentProvisioningStatusResponse, ::canic::Error>	RootCommand::ProvisionComponents	crates/canic-control-plane/src/workflow/fleet_coordinator/mod.rs:505
fleet-subnet-root	canic-owned	private-delete	canic_root_component_provisioning_activate	update	canic_root_component_provisioning_activate : ( RootComponentActivationRequest, ) -> (Result_50);	crates/canic/src/macros/endpoints/root.rs:222	always	#[$crate::canic_update( internal, public, payload(max_bytes = ::canic::__internal::core::control_plane_support::ops::component_provisioning_plan::MAX_FLEET_SUBNET_ROOT_COMPONENT_ACTIVATION_PAYLOAD_BYTES) )]	$crate::__internal::control_plane::api::component_provisioning::RootComponentProvisioningApi::activate(request).await	update_response_idempotent	CANIC_ROOT_COMPONENT_PROVISIONING_ACTIVATE	crates/canic-control-plane/src/workflow/fleet_coordinator/mod.rs:597;crates/canic-core/src/domain/policy/pure/fleet_activation.rs:124;crates/canic-core/src/domain/policy/pure/fleet_activation.rs:219;crates/canic-core/src/domain/policy/pure/fleet_activation.rs:23;crates/canic/tests/protocol_surface.rs:1158;crates/canic/tests/protocol_surface.rs:1159;crates/canic/tests/protocol_surface.rs:1160;crates/canic/tests/protocol_surface.rs:1524;crates/canic/tests/protocol_surface.rs:800	async fn canic_root_component_provisioning_activate( request: ::canic::dto::component_provisioning::RootComponentActivationRequest, ) -> Result<::canic::dto::component_provisioning::RootComponentProvisioningStatusResponse, ::canic::Error>	none	crates/canic-control-plane/src/workflow/fleet_coordinator/mod.rs:597
fleet-subnet-root	canic-owned	private-delete	canic_root_component_provisioning_advance	update	canic_root_component_provisioning_advance : ( RootComponentProvisioningAdvanceRequest, ) -> (Result_50);	crates/canic/src/macros/endpoints/root.rs:189	always	#[$crate::canic_update(internal, public)]	$crate::__internal::control_plane::api::component_provisioning::RootComponentProvisioningApi::advance(request).await	update_response_idempotent	CANIC_ROOT_COMPONENT_PROVISIONING_ADVANCE	crates/canic-control-plane/src/workflow/fleet_coordinator/mod.rs:519;crates/canic-core/src/domain/policy/pure/fleet_activation.rs:125;crates/canic-core/src/domain/policy/pure/fleet_activation.rs:215;crates/canic-core/src/domain/policy/pure/fleet_activation.rs:24;crates/canic/tests/protocol_surface.rs:1143;crates/canic/tests/protocol_surface.rs:1144;crates/canic/tests/protocol_surface.rs:1145;crates/canic/tests/protocol_surface.rs:1519	async fn canic_root_component_provisioning_advance( request: ::canic::dto::component_provisioning::RootComponentProvisioningAdvanceRequest, ) -> Result<::canic::dto::component_provisioning::RootComponentProvisioningStatusResponse, ::canic::Error>	none	crates/canic-control-plane/src/workflow/fleet_coordinator/mod.rs:519
fleet-subnet-root	canic-owned	private-delete	canic_root_component_provisioning_publish	update	canic_root_component_provisioning_publish : ( RootComponentPublicationRequest, ) -> (Result_50);	crates/canic/src/macros/endpoints/root.rs:200	always	#[$crate::canic_update( internal, public, payload(max_bytes = ::canic::__internal::core::control_plane_support::ops::component_provisioning_plan::MAX_FLEET_SUBNET_ROOT_COMPONENT_PUBLICATION_PAYLOAD_BYTES) )]	$crate::__internal::control_plane::api::component_provisioning::RootComponentProvisioningApi::publish(request).await	update_response_idempotent	CANIC_ROOT_COMPONENT_PROVISIONING_PUBLISH	crates/canic-control-plane/src/workflow/fleet_coordinator/mod.rs:544;crates/canic-control-plane/src/workflow/fleet_coordinator/mod.rs:561;crates/canic-core/src/domain/policy/pure/fleet_activation.rs:126;crates/canic-core/src/domain/policy/pure/fleet_activation.rs:223;crates/canic-core/src/domain/policy/pure/fleet_activation.rs:24;crates/canic/tests/protocol_surface.rs:1148;crates/canic/tests/protocol_surface.rs:1149;crates/canic/tests/protocol_surface.rs:1150;crates/canic/tests/protocol_surface.rs:784	async fn canic_root_component_provisioning_publish( request: ::canic::dto::component_provisioning::RootComponentPublicationRequest, ) -> Result<::canic::dto::component_provisioning::RootComponentProvisioningStatusResponse, ::canic::Error>	none	crates/canic-control-plane/src/workflow/fleet_coordinator/mod.rs:544;crates/canic-control-plane/src/workflow/fleet_coordinator/mod.rs:561
fleet-subnet-root	canic-owned	role-status-variant	canic_root_component_provisioning_status	query	canic_root_component_provisioning_status : ( RootComponentProvisioningStatusRequest, ) -> (Result_50) query;	crates/canic/src/macros/endpoints/root.rs:229	always	#[$crate::canic_query(internal, public)]	$crate::__internal::control_plane::api::component_provisioning::RootComponentProvisioningApi::status(request)	query_read_only	CANIC_ROOT_COMPONENT_PROVISIONING_STATUS	crates/canic-core/src/domain/policy/pure/fleet_activation.rs:227;crates/canic-core/src/domain/policy/pure/fleet_activation.rs:25;crates/canic-core/src/domain/policy/pure/fleet_activation.rs:99;crates/canic/tests/protocol_surface.rs:1163;crates/canic/tests/protocol_surface.rs:1164;crates/canic/tests/protocol_surface.rs:1165;crates/canic/tests/protocol_surface.rs:1530	async fn canic_root_component_provisioning_status( request: ::canic::dto::component_provisioning::RootComponentProvisioningStatusRequest, ) -> Result<::canic::dto::component_provisioning::RootComponentProvisioningStatusResponse, ::canic::Error>	RootStatusRequest::Operation	none
fleet-subnet-root	canic-owned	private-delete	canic_root_component_quiesce	update	canic_root_component_quiesce : (RootComponentDrainingRequest) -> (Result_51);	crates/canic/src/macros/endpoints/root.rs:292	always	#[$crate::canic_update(requires(caller::is_controller()))]	$crate::__internal::control_plane::api::lifecycle::LifecycleApi::quiesce_component(request).await	update_response_idempotent	CANIC_ROOT_COMPONENT_QUIESCE	crates/canic-core/src/replay_policy/tests/endpoint.rs:655;crates/canic-testing-internal/src/pic/fleet_registry/baseline.rs:1128;crates/canic-testing-internal/src/pic/fleet_registry/baseline.rs:1894;crates/canic-testing-internal/src/pic/fleet_registry/baseline.rs:206;crates/canic/tests/protocol_surface.rs:1208;crates/canic/tests/protocol_surface.rs:1209;crates/canic/tests/protocol_surface.rs:1210;crates/canic/tests/protocol_surface.rs:1596	async fn canic_root_component_quiesce( request: ::canic::dto::component_registry::RootComponentQuiescenceRequest, ) -> Result<::canic::dto::component_registry::RootComponentQuiescenceResponse, ::canic::Error>	none	crates/canic-testing-internal/src/pic/fleet_registry/baseline.rs:1128;crates/canic-testing-internal/src/pic/fleet_registry/baseline.rs:1894;crates/canic-testing-internal/src/pic/fleet_registry/baseline.rs:206
fleet-subnet-root	canic-owned	role-status-variant	canic_root_component_quiescence_status	query	canic_root_component_quiescence_status : (CanisterPoolClaim) -> ( Result_51, ) query;	crates/canic/src/macros/endpoints/root.rs:299	always	#[$crate::canic_query(requires(caller::is_controller()))]	$crate::__internal::control_plane::api::lifecycle::LifecycleApi::component_quiescence_status(request)	query_read_only	CANIC_ROOT_COMPONENT_QUIESCENCE_STATUS	crates/canic-core/src/replay_policy/tests/endpoint.rs:659;crates/canic/tests/protocol_surface.rs:1213;crates/canic/tests/protocol_surface.rs:1214;crates/canic/tests/protocol_surface.rs:1215;crates/canic/tests/protocol_surface.rs:1610	async fn canic_root_component_quiescence_status( request: ::canic::dto::component_registry::RootComponentQuiescenceStatusRequest, ) -> Result<::canic::dto::component_registry::RootComponentQuiescenceResponse, ::canic::Error>	RootStatusRequest::Operation	none
fleet-subnet-root	canic-owned	role-status-variant	canic_root_component_registry_partition	query	canic_root_component_registry_partition : (ComponentDirectoryHeadRequest) -> ( Result_52, ) query;	crates/canic/src/macros/endpoints/root.rs:537	always	#[$crate::canic_query(requires(caller::is_controller()))]	$crate::__internal::control_plane::api::lifecycle::LifecycleApi::component_registry_partition(request)	query_read_only	CANIC_ROOT_COMPONENT_REGISTRY_PARTITION	crates/canic-core/src/domain/policy/pure/fleet_activation.rs:100;crates/canic-core/src/domain/policy/pure/fleet_activation.rs:25;crates/canic-core/src/domain/policy/pure/fleet_activation.rs:251;crates/canic-testing-internal/src/pic/fleet_registry/baseline.rs:1100;crates/canic-testing-internal/src/pic/fleet_registry/baseline.rs:1223;crates/canic-testing-internal/src/pic/fleet_registry/baseline.rs:1292;crates/canic-testing-internal/src/pic/fleet_registry/baseline.rs:1869;crates/canic-testing-internal/src/pic/fleet_registry/baseline.rs:3527;crates/canic-testing-internal/src/pic/fleet_registry/baseline.rs:3631;crates/canic-testing-internal/src/pic/fleet_registry/baseline.rs:89;crates/canic/tests/protocol_surface.rs:1403;crates/canic/tests/protocol_surface.rs:1404;crates/canic/tests/protocol_surface.rs:1405;crates/canic/tests/protocol_surface.rs:1495	async fn canic_root_component_registry_partition( request: ::canic::dto::component_registry::ComponentRegistryPartitionRequest, ) -> Result<::canic::dto::component_registry::ComponentRegistryPartitionResponse, ::canic::Error>	RootStatusRequest::ComponentRegistryPartition	crates/canic-testing-internal/src/pic/fleet_registry/baseline.rs:1100;crates/canic-testing-internal/src/pic/fleet_registry/baseline.rs:1223;crates/canic-testing-internal/src/pic/fleet_registry/baseline.rs:1292;crates/canic-testing-internal/src/pic/fleet_registry/baseline.rs:1869;crates/canic-testing-internal/src/pic/fleet_registry/baseline.rs:3527;crates/canic-testing-internal/src/pic/fleet_registry/baseline.rs:3631;crates/canic-testing-internal/src/pic/fleet_registry/baseline.rs:89
fleet-subnet-root	canic-owned	role-command-variant	canic_root_component_registry_prepare	update	canic_root_component_registry_prepare : ( RootComponentRegistryPreparationRequest, ) -> (Result_53);	crates/canic/src/macros/endpoints/root.rs:164	always	#[$crate::canic_update(requires(caller::is_controller()))]	$crate::__internal::control_plane::api::lifecycle::LifecycleApi::prepare_component_registry(request).await	update_response_idempotent	CANIC_ROOT_COMPONENT_REGISTRY_PREPARE	crates/canic-core/src/domain/policy/pure/fleet_activation.rs:127;crates/canic-core/src/domain/policy/pure/fleet_activation.rs:203;crates/canic-core/src/domain/policy/pure/fleet_activation.rs:26;crates/canic-host/src/install_root/fleet_subnet_root_component_registry_preparation/mod.rs:97;crates/canic-testing-internal/src/pic/fleet_registry/baseline.rs:2748;crates/canic-testing-internal/src/pic/fleet_registry/baseline.rs:2776;crates/canic-testing-internal/src/pic/fleet_registry/baseline.rs:89;crates/canic/tests/protocol_surface.rs:1128;crates/canic/tests/protocol_surface.rs:1129;crates/canic/tests/protocol_surface.rs:1130;crates/canic/tests/protocol_surface.rs:1435	async fn canic_root_component_registry_prepare( request: ::canic::dto::component_registry::RootComponentRegistryPreparationRequest, ) -> Result<::canic::dto::component_registry::RootComponentRegistryStatusResponse, ::canic::Error>	RootCommand::PrepareComponentRegistry	crates/canic-host/src/install_root/fleet_subnet_root_component_registry_preparation/mod.rs:97;crates/canic-testing-internal/src/pic/fleet_registry/baseline.rs:2748;crates/canic-testing-internal/src/pic/fleet_registry/baseline.rs:2776;crates/canic-testing-internal/src/pic/fleet_registry/baseline.rs:89
fleet-subnet-root	canic-owned	role-status-variant	canic_root_component_registry_status	composite-query	canic_root_component_registry_status : ( RootComponentRegistryPreparationRequest, ) -> (Result_53) composite_query;	crates/canic/src/macros/endpoints/root.rs:171	always	#[$crate::canic_query(composite, requires(caller::is_controller()))]	$crate::__internal::control_plane::api::lifecycle::LifecycleApi::component_registry_status(request).await	query_read_only	CANIC_ROOT_COMPONENT_REGISTRY_STATUS	crates/canic-core/src/domain/policy/pure/fleet_activation.rs:107;crates/canic-core/src/domain/policy/pure/fleet_activation.rs:207;crates/canic-core/src/domain/policy/pure/fleet_activation.rs:26;crates/canic-host/src/install_root/fleet_subnet_root_component_registry_preparation/mod.rs:106;crates/canic-testing-internal/src/pic/fleet_registry/baseline.rs:2555;crates/canic-testing-internal/src/pic/fleet_registry/baseline.rs:2787;crates/canic-testing-internal/src/pic/fleet_registry/baseline.rs:2827;crates/canic-testing-internal/src/pic/fleet_registry/baseline.rs:2949;crates/canic-testing-internal/src/pic/fleet_registry/baseline.rs:861;crates/canic-testing-internal/src/pic/fleet_registry/baseline.rs:886;crates/canic-testing-internal/src/pic/fleet_registry/baseline.rs:90;crates/canic/tests/protocol_surface.rs:1133;crates/canic/tests/protocol_surface.rs:1134;crates/canic/tests/protocol_surface.rs:1135;crates/canic/tests/protocol_surface.rs:1440	async fn canic_root_component_registry_status( request: ::canic::dto::component_registry::RootComponentRegistryPreparationRequest, ) -> Result<::canic::dto::component_registry::RootComponentRegistryStatusResponse, ::canic::Error>	RootStatusRequest::Operation	crates/canic-host/src/install_root/fleet_subnet_root_component_registry_preparation/mod.rs:106;crates/canic-testing-internal/src/pic/fleet_registry/baseline.rs:2555;crates/canic-testing-internal/src/pic/fleet_registry/baseline.rs:2787;crates/canic-testing-internal/src/pic/fleet_registry/baseline.rs:2827;crates/canic-testing-internal/src/pic/fleet_registry/baseline.rs:2949;crates/canic-testing-internal/src/pic/fleet_registry/baseline.rs:861;crates/canic-testing-internal/src/pic/fleet_registry/baseline.rs:886;crates/canic-testing-internal/src/pic/fleet_registry/baseline.rs:90
fleet-subnet-root	canic-owned	private-delete	canic_root_component_runtime_activate	update	canic_root_component_runtime_activate : (AuthoritySnapshotRequest) -> ( Result_54, );	crates/canic/src/macros/endpoints/root.rs:509	always	#[$crate::canic_update(requires(caller::is_controller()))]	$crate::__internal::control_plane::api::lifecycle::LifecycleApi::activate_component_runtime(request).await	update_response_idempotent	CANIC_ROOT_COMPONENT_RUNTIME_ACTIVATE	crates/canic-core/src/domain/policy/pure/fleet_activation.rs:128;crates/canic-core/src/domain/policy/pure/fleet_activation.rs:239;crates/canic-core/src/domain/policy/pure/fleet_activation.rs:27;crates/canic-testing-internal/src/pic/fleet_registry/baseline.rs:3366;crates/canic-testing-internal/src/pic/fleet_registry/baseline.rs:3394;crates/canic-testing-internal/src/pic/fleet_registry/baseline.rs:3598;crates/canic-testing-internal/src/pic/fleet_registry/baseline.rs:90;crates/canic/tests/protocol_surface.rs:1343;crates/canic/tests/protocol_surface.rs:1344;crates/canic/tests/protocol_surface.rs:1345;crates/canic/tests/protocol_surface.rs:1485	async fn canic_root_component_runtime_activate( request: ::canic::dto::component_registry::RootComponentRuntimeActivationRequest, ) -> Result<::canic::dto::component_registry::RootComponentRuntimeActivationResponse, ::canic::Error>	none	crates/canic-testing-internal/src/pic/fleet_registry/baseline.rs:3366;crates/canic-testing-internal/src/pic/fleet_registry/baseline.rs:3394;crates/canic-testing-internal/src/pic/fleet_registry/baseline.rs:3598;crates/canic-testing-internal/src/pic/fleet_registry/baseline.rs:90
fleet-subnet-root	canic-owned	private-delete	canic_root_component_subtree_removal_advance	update	canic_root_component_subtree_removal_advance : ( RootComponentSubtreeRemovalAdvanceRequest, ) -> (Result_55);	crates/canic/src/macros/endpoints/root.rs:348	always	#[$crate::canic_update(requires(caller::is_controller()))]	$crate::__internal::control_plane::api::lifecycle::LifecycleApi::advance_component_subtree_removal(request).await	update_snapshot_convergent	CANIC_ROOT_COMPONENT_SUBTREE_REMOVAL_ADVANCE	crates/canic-core/src/replay_policy/tests/endpoint.rs:735;crates/canic/tests/protocol_surface.rs:1248;crates/canic/tests/protocol_surface.rs:1249;crates/canic/tests/protocol_surface.rs:1250;crates/canic/tests/protocol_surface.rs:1630	async fn canic_root_component_subtree_removal_advance( request: ::canic::dto::component_registry::RootComponentSubtreeRemovalAdvanceRequest, ) -> Result<::canic::dto::component_registry::RootComponentSubtreeRemovalResponse, ::canic::Error>	none	none
fleet-subnet-root	canic-owned	role-command-variant	canic_root_component_subtree_removal_begin	update	canic_root_component_subtree_removal_begin : ( RootComponentSubtreeRemovalRequest, ) -> (Result_55);	crates/canic/src/macros/endpoints/root.rs:341	always	#[$crate::canic_update(requires(caller::is_controller()))]	$crate::__internal::control_plane::api::lifecycle::LifecycleApi::begin_component_subtree_removal(request).await	update_response_idempotent	CANIC_ROOT_COMPONENT_SUBTREE_REMOVAL_BEGIN	crates/canic-core/src/replay_policy/tests/endpoint.rs:731;crates/canic/tests/protocol_surface.rs:1243;crates/canic/tests/protocol_surface.rs:1244;crates/canic/tests/protocol_surface.rs:1245;crates/canic/tests/protocol_surface.rs:1623	async fn canic_root_component_subtree_removal_begin( request: ::canic::dto::component_registry::RootComponentSubtreeRemovalRequest, ) -> Result<::canic::dto::component_registry::RootComponentSubtreeRemovalResponse, ::canic::Error>	RootCommand::RemoveSubtree	none
fleet-subnet-root	canic-owned	private-delete	canic_root_component_subtree_removal_delete	update	canic_root_component_subtree_removal_delete : ( RootComponentSubtreeRemovalDeleteRequest, ) -> (Result_55);	crates/canic/src/macros/endpoints/root.rs:376	always	#[$crate::canic_update(requires(caller::is_controller()))]	$crate::__internal::control_plane::api::lifecycle::LifecycleApi::delete_component_subtree_leaf(request).await	update_snapshot_convergent	CANIC_ROOT_COMPONENT_SUBTREE_REMOVAL_DELETE	crates/canic-core/src/replay_policy/tests/endpoint.rs:751;crates/canic/tests/protocol_surface.rs:1268;crates/canic/tests/protocol_surface.rs:1269;crates/canic/tests/protocol_surface.rs:1270;crates/canic/tests/protocol_surface.rs:1659	async fn canic_root_component_subtree_removal_delete( request: ::canic::dto::component_registry::RootComponentSubtreeRemovalDeleteRequest, ) -> Result<::canic::dto::component_registry::RootComponentSubtreeRemovalResponse, ::canic::Error>	none	none
fleet-subnet-root	canic-owned	private-delete	canic_root_component_subtree_removal_delete_prepare	update	canic_root_component_subtree_removal_delete_prepare : ( RootComponentSubtreeRemovalDeleteRequest, ) -> (Result_55);	crates/canic/src/macros/endpoints/root.rs:369	always	#[$crate::canic_update(requires(caller::is_controller()))]	$crate::__internal::control_plane::api::lifecycle::LifecycleApi::prepare_component_subtree_leaf_delete(request).await	update_snapshot_convergent	CANIC_ROOT_COMPONENT_SUBTREE_REMOVAL_DELETE_PREPARE	crates/canic-core/src/replay_policy/tests/endpoint.rs:747;crates/canic/tests/protocol_surface.rs:1263;crates/canic/tests/protocol_surface.rs:1264;crates/canic/tests/protocol_surface.rs:1265;crates/canic/tests/protocol_surface.rs:1651	async fn canic_root_component_subtree_removal_delete_prepare( request: ::canic::dto::component_registry::RootComponentSubtreeRemovalDeletePreparationRequest, ) -> Result<::canic::dto::component_registry::RootComponentSubtreeRemovalResponse, ::canic::Error>	none	none
fleet-subnet-root	canic-owned	private-delete	canic_root_component_subtree_removal_directory_synchronize	update	canic_root_component_subtree_removal_directory_synchronize : ( RootComponentSubtreeRemovalDeleteRequest, ) -> (Result_55);	crates/canic/src/macros/endpoints/root.rs:390	always	#[$crate::canic_update(requires(caller::is_controller()))]	$crate::__internal::control_plane::api::lifecycle::LifecycleApi::synchronize_component_subtree_leaf_directory(request).await	update_snapshot_convergent	CANIC_ROOT_COMPONENT_SUBTREE_REMOVAL_DIRECTORY_SYNCHRONIZE	crates/canic-core/src/replay_policy/tests/endpoint.rs:760;crates/canic/tests/protocol_surface.rs:1278;crates/canic/tests/protocol_surface.rs:1279;crates/canic/tests/protocol_surface.rs:1280;crates/canic/tests/protocol_surface.rs:1675	async fn canic_root_component_subtree_removal_directory_synchronize( request: ::canic::dto::component_registry::RootComponentSubtreeRemovalDirectorySynchronizationRequest, ) -> Result<::canic::dto::component_registry::RootComponentSubtreeRemovalResponse, ::canic::Error>	none	none
fleet-subnet-root	canic-owned	private-delete	canic_root_component_subtree_removal_leaf_finalize	update	canic_root_component_subtree_removal_leaf_finalize : ( RootComponentSubtreeRemovalDeleteRequest, ) -> (Result_55);	crates/canic/src/macros/endpoints/root.rs:397	always	#[$crate::canic_update(requires(caller::is_controller()))]	$crate::__internal::control_plane::api::lifecycle::LifecycleApi::finalize_component_subtree_leaf(request).await	update_snapshot_convergent	CANIC_ROOT_COMPONENT_SUBTREE_REMOVAL_LEAF_FINALIZE	crates/canic-core/src/replay_policy/tests/endpoint.rs:765;crates/canic/tests/protocol_surface.rs:1283;crates/canic/tests/protocol_surface.rs:1284;crates/canic/tests/protocol_surface.rs:1285;crates/canic/tests/protocol_surface.rs:1683	async fn canic_root_component_subtree_removal_leaf_finalize( request: ::canic::dto::component_registry::RootComponentSubtreeRemovalLeafFinalizationRequest, ) -> Result<::canic::dto::component_registry::RootComponentSubtreeRemovalResponse, ::canic::Error>	none	none
fleet-subnet-root	canic-owned	private-delete	canic_root_component_subtree_removal_membership_remove	update	canic_root_component_subtree_removal_membership_remove : ( RootComponentSubtreeRemovalDeleteRequest, ) -> (Result_55);	crates/canic/src/macros/endpoints/root.rs:383	always	#[$crate::canic_update(requires(caller::is_controller()))]	$crate::__internal::control_plane::api::lifecycle::LifecycleApi::remove_component_subtree_leaf_membership(request).await	update_snapshot_convergent	CANIC_ROOT_COMPONENT_SUBTREE_REMOVAL_MEMBERSHIP_REMOVE	crates/canic-core/src/replay_policy/tests/endpoint.rs:755;crates/canic/tests/protocol_surface.rs:1273;crates/canic/tests/protocol_surface.rs:1274;crates/canic/tests/protocol_surface.rs:1275;crates/canic/tests/protocol_surface.rs:1667	async fn canic_root_component_subtree_removal_membership_remove( request: ::canic::dto::component_registry::RootComponentSubtreeRemovalMembershipRemovalRequest, ) -> Result<::canic::dto::component_registry::RootComponentSubtreeRemovalResponse, ::canic::Error>	none	none
fleet-subnet-root	canic-owned	role-status-variant	canic_root_component_subtree_removal_status	query	canic_root_component_subtree_removal_status : (CanisterPoolClaim) -> ( Result_55, ) query;	crates/canic/src/macros/endpoints/root.rs:404	always	#[$crate::canic_query(requires(caller::is_controller()))]	$crate::__internal::control_plane::api::lifecycle::LifecycleApi::component_subtree_removal_status(request)	query_read_only	CANIC_ROOT_COMPONENT_SUBTREE_REMOVAL_STATUS	crates/canic-core/src/replay_policy/tests/endpoint.rs:769;crates/canic/tests/protocol_surface.rs:1288;crates/canic/tests/protocol_surface.rs:1289;crates/canic/tests/protocol_surface.rs:1290;crates/canic/tests/protocol_surface.rs:1691	async fn canic_root_component_subtree_removal_status( request: ::canic::dto::component_registry::RootComponentSubtreeRemovalStatusRequest, ) -> Result<::canic::dto::component_registry::RootComponentSubtreeRemovalResponse, ::canic::Error>	RootStatusRequest::Operation	none
fleet-subnet-root	canic-owned	private-delete	canic_root_component_subtree_removal_stop	update	canic_root_component_subtree_removal_stop : ( RootComponentSubtreeRemovalStopRequest, ) -> (Result_55);	crates/canic/src/macros/endpoints/root.rs:362	always	#[$crate::canic_update(requires(caller::is_controller()))]	$crate::__internal::control_plane::api::lifecycle::LifecycleApi::stop_component_subtree_leaf(request).await	update_snapshot_convergent	CANIC_ROOT_COMPONENT_SUBTREE_REMOVAL_STOP	crates/canic-core/src/replay_policy/tests/endpoint.rs:743;crates/canic/tests/protocol_surface.rs:1258;crates/canic/tests/protocol_surface.rs:1259;crates/canic/tests/protocol_surface.rs:1260;crates/canic/tests/protocol_surface.rs:1644	async fn canic_root_component_subtree_removal_stop( request: ::canic::dto::component_registry::RootComponentSubtreeRemovalStopRequest, ) -> Result<::canic::dto::component_registry::RootComponentSubtreeRemovalResponse, ::canic::Error>	none	none
fleet-subnet-root	canic-owned	private-delete	canic_root_component_subtree_removal_stop_prepare	update	canic_root_component_subtree_removal_stop_prepare : ( RootComponentSubtreeRemovalStopRequest, ) -> (Result_55);	crates/canic/src/macros/endpoints/root.rs:355	always	#[$crate::canic_update(requires(caller::is_controller()))]	$crate::__internal::control_plane::api::lifecycle::LifecycleApi::prepare_component_subtree_leaf_stop(request).await	update_snapshot_convergent	CANIC_ROOT_COMPONENT_SUBTREE_REMOVAL_STOP_PREPARE	crates/canic-core/src/replay_policy/tests/endpoint.rs:739;crates/canic/tests/protocol_surface.rs:1253;crates/canic/tests/protocol_surface.rs:1254;crates/canic/tests/protocol_surface.rs:1255;crates/canic/tests/protocol_surface.rs:1638	async fn canic_root_component_subtree_removal_stop_prepare( request: ::canic::dto::component_registry::RootComponentSubtreeRemovalStopPreparationRequest, ) -> Result<::canic::dto::component_registry::RootComponentSubtreeRemovalResponse, ::canic::Error>	none	none
fleet-subnet-root	canic-owned	role-status-variant	canic_root_issuer_renewal_status	query	canic_root_issuer_renewal_status : (RootIssuerRenewalStatusRequest) -> ( Result_56, ) query;	crates/canic/src/macros/endpoints/root.rs:643	always	#[$crate::canic_query(requires(caller::is_controller()))]	$crate::__internal::core::api::auth::AuthApi::root_issuer_renewal_status_root(request)	query_read_only(mode-derived)	CANIC_ROOT_ISSUER_RENEWAL_STATUS	crates/canic-cli/src/auth/mod.rs:26;crates/canic-cli/src/auth/mod.rs:326;crates/canic-cli/src/auth/mod.rs:331;crates/canic-cli/src/auth/tests.rs:138;crates/canic-cli/src/auth/tests.rs:159;crates/canic-cli/src/auth/tests.rs:186;crates/canic-cli/src/auth/tests.rs:197;crates/canic-cli/src/auth/tests.rs:226;crates/canic-cli/src/auth/tests.rs:456;crates/canic-cli/src/auth/tests.rs:95;crates/canic/tests/protocol_surface.rs:2317;crates/canic/tests/protocol_surface.rs:2318;crates/canic/tests/protocol_surface.rs:2319;crates/canic/tests/protocol_surface.rs:2336;crates/canic/tests/protocol_surface.rs:2383	async fn canic_root_issuer_renewal_status( request: ::canic::dto::auth::RootIssuerRenewalStatusRequest, ) -> Result<::canic::dto::auth::RootIssuerRenewalStatusResponse, ::canic::Error>	RootStatusRequest::IssuerRenewal	crates/canic-cli/src/auth/mod.rs:26;crates/canic-cli/src/auth/mod.rs:326;crates/canic-cli/src/auth/mod.rs:331
fleet-subnet-root	canic-owned	role-command-variant	canic_root_peer_component_allocate	update	canic_root_peer_component_allocate : (RootPeerComponentAllocationRequest) -> ( Result_34, );	crates/canic/src/macros/endpoints/root.rs:243	always	#[$crate::canic_update(internal, public)]	$crate::__internal::control_plane::api::lifecycle::LifecycleApi::reserve_peer_component_allocation(request).await	update_response_idempotent	CANIC_ROOT_PEER_COMPONENT_ALLOCATE	canisters/test/delegation_issuer_stub/src/lib.rs:16;canisters/test/delegation_issuer_stub/src/lib.rs:91;crates/canic-core/src/domain/policy/pure/fleet_activation.rs:291;crates/canic-core/src/domain/policy/pure/fleet_activation.rs:44;crates/canic-core/src/replay_policy/tests/endpoint.rs:382;crates/canic/tests/protocol_surface.rs:1178;crates/canic/tests/protocol_surface.rs:1179;crates/canic/tests/protocol_surface.rs:1180;crates/canic/tests/protocol_surface.rs:1566	async fn canic_root_peer_component_allocate( request: ::canic::dto::component_registry::RootPeerComponentAllocationRequest, ) -> Result<::canic::dto::component_registry::RootComponentAllocationResponse, ::canic::Error>	RootCommand::ProvisionPeer	canisters/test/delegation_issuer_stub/src/lib.rs:16;canisters/test/delegation_issuer_stub/src/lib.rs:91
fleet-subnet-root	canic-owned	role-status-variant	canic_root_peer_component_allocation_status	query	canic_root_peer_component_allocation_status : (AuthoritySnapshotRequest) -> ( Result_34, ) query;	crates/canic/src/macros/endpoints/root.rs:250	always	#[$crate::canic_query(internal, public)]	$crate::__internal::control_plane::api::lifecycle::LifecycleApi::peer_component_allocation_status(request)	query_read_only	CANIC_ROOT_PEER_COMPONENT_ALLOCATION_STATUS	crates/canic/tests/protocol_surface.rs:1183;crates/canic/tests/protocol_surface.rs:1184;crates/canic/tests/protocol_surface.rs:1185;crates/canic/tests/protocol_surface.rs:1573	async fn canic_root_peer_component_allocation_status( request: ::canic::dto::component_registry::RootComponentAllocationStatusRequest, ) -> Result<::canic::dto::component_registry::RootComponentAllocationResponse, ::canic::Error>	RootStatusRequest::Operation	none
fleet-subnet-root	canic-owned	private-delete	canic_root_peer_component_commit	update	canic_root_peer_component_commit : (AuthoritySnapshotRequest) -> (Result_40);	crates/canic/src/macros/endpoints/root.rs:488	always	#[$crate::canic_update(internal, public)]	$crate::__internal::control_plane::api::lifecycle::LifecycleApi::commit_peer_component_allocation(request).await	update_response_idempotent	CANIC_ROOT_PEER_COMPONENT_COMMIT	crates/canic/tests/protocol_surface.rs:1363;crates/canic/tests/protocol_surface.rs:1364;crates/canic/tests/protocol_surface.rs:1365;crates/canic/tests/protocol_surface.rs:1581	async fn canic_root_peer_component_commit( request: ::canic::dto::component_registry::RootComponentCommitRequest, ) -> Result<::canic::dto::component_registry::RootComponentCommitResponse, ::canic::Error>	none	none
fleet-subnet-root	canic-owned	private-delete	canic_root_peer_component_create	update	canic_root_peer_component_create : (AuthoritySnapshotRequest) -> (Result_34);	crates/canic/src/macros/endpoints/root.rs:460	always	#[$crate::canic_update(internal, public)]	$crate::__internal::control_plane::api::lifecycle::LifecycleApi::create_peer_component_allocation(request).await	update_costed_response_idempotent	CANIC_ROOT_PEER_COMPONENT_CREATE	crates/canic/tests/protocol_surface.rs:1353;crates/canic/tests/protocol_surface.rs:1354;crates/canic/tests/protocol_surface.rs:1355;crates/canic/tests/protocol_surface.rs:1579	async fn canic_root_peer_component_create( request: ::canic::dto::component_registry::RootComponentCreationRequest, ) -> Result<::canic::dto::component_registry::RootComponentAllocationResponse, ::canic::Error>	none	none
fleet-subnet-root	canic-owned	private-delete	canic_root_peer_component_directory_prepare	update	canic_root_peer_component_directory_prepare : (AuthoritySnapshotRequest) -> ( Result_54, );	crates/canic/src/macros/endpoints/root.rs:502	always	#[$crate::canic_update(internal, public)]	$crate::__internal::control_plane::api::lifecycle::LifecycleApi::prepare_peer_component_directories(request).await	update_response_idempotent	CANIC_ROOT_PEER_COMPONENT_DIRECTORY_PREPARE	crates/canic/tests/protocol_surface.rs:1368;crates/canic/tests/protocol_surface.rs:1369;crates/canic/tests/protocol_surface.rs:1370;crates/canic/tests/protocol_surface.rs:1582	async fn canic_root_peer_component_directory_prepare( request: ::canic::dto::component_registry::RootComponentDirectoryPreparationRequest, ) -> Result<::canic::dto::component_registry::RootComponentDirectoryPreparationResponse, ::canic::Error>	none	none
fleet-subnet-root	canic-owned	private-delete	canic_root_peer_component_install	update	canic_root_peer_component_install : (AuthoritySnapshotRequest) -> (Result_34);	crates/canic/src/macros/endpoints/root.rs:474	always	#[$crate::canic_update(internal, public)]	$crate::__internal::control_plane::api::lifecycle::LifecycleApi::install_peer_component_allocation(request).await	update_costed_response_idempotent	CANIC_ROOT_PEER_COMPONENT_INSTALL	crates/canic/tests/protocol_surface.rs:1358;crates/canic/tests/protocol_surface.rs:1359;crates/canic/tests/protocol_surface.rs:1360;crates/canic/tests/protocol_surface.rs:1580	async fn canic_root_peer_component_install( request: ::canic::dto::component_registry::RootComponentInstallRequest, ) -> Result<::canic::dto::component_registry::RootComponentAllocationResponse, ::canic::Error>	none	none
fleet-subnet-root	canic-owned	private-delete	canic_root_peer_component_membership_activate	update	canic_root_peer_component_membership_activate : ( AuthoritySnapshotRequest, ) -> (Result_49);	crates/canic/src/macros/endpoints/root.rs:530	always	#[$crate::canic_update(internal, public)]	$crate::__internal::control_plane::api::lifecycle::LifecycleApi::activate_peer_component_membership(request).await	update_response_idempotent	CANIC_ROOT_PEER_COMPONENT_MEMBERSHIP_ACTIVATE	crates/canic/tests/protocol_surface.rs:1378;crates/canic/tests/protocol_surface.rs:1379;crates/canic/tests/protocol_surface.rs:1380;crates/canic/tests/protocol_surface.rs:1584	async fn canic_root_peer_component_membership_activate( request: ::canic::dto::component_registry::RootComponentMembershipActivationRequest, ) -> Result<::canic::dto::component_registry::RootComponentMembershipActivationResponse, ::canic::Error>	none	none
fleet-subnet-root	canic-owned	private-delete	canic_root_peer_component_runtime_activate	update	canic_root_peer_component_runtime_activate : (AuthoritySnapshotRequest) -> ( Result_54, );	crates/canic/src/macros/endpoints/root.rs:516	always	#[$crate::canic_update(internal, public)]	$crate::__internal::control_plane::api::lifecycle::LifecycleApi::activate_peer_component_runtime(request).await	update_response_idempotent	CANIC_ROOT_PEER_COMPONENT_RUNTIME_ACTIVATE	crates/canic/tests/protocol_surface.rs:1373;crates/canic/tests/protocol_surface.rs:1374;crates/canic/tests/protocol_surface.rs:1375;crates/canic/tests/protocol_surface.rs:1583	async fn canic_root_peer_component_runtime_activate( request: ::canic::dto::component_registry::RootComponentRuntimeActivationRequest, ) -> Result<::canic::dto::component_registry::RootComponentRuntimeActivationResponse, ::canic::Error>	none	none
fleet-subnet-root	canic-owned	role-command-variant	canic_root_store_bootstrap	update	canic_root_store_bootstrap : (RootStoreBootstrapRequest) -> (Result_57);	crates/canic/src/macros/endpoints/root.rs:683	always	#[$crate::canic_update(requires(caller::is_controller()))]	::canic::api::canister::template::WasmStoreBootstrapApi::bootstrap_root_store(request)	update_response_idempotent	CANIC_ROOT_STORE_BOOTSTRAP	crates/canic-core/src/domain/policy/pure/fleet_activation.rs:129;crates/canic-core/src/domain/policy/pure/fleet_activation.rs:260;crates/canic-core/src/domain/policy/pure/fleet_activation.rs:27;crates/canic-host/src/install_root/fleet_subnet_root_store_bootstrap/mod.rs:430;crates/canic-testing-internal/src/pic/fleet_registry/baseline.rs:3918;crates/canic-testing-internal/src/pic/fleet_registry/baseline.rs:582;crates/canic-testing-internal/src/pic/fleet_registry/baseline.rs:91;crates/canic/tests/protocol_surface.rs:1701;crates/canic/tests/protocol_surface.rs:1702;crates/canic/tests/protocol_surface.rs:1709;crates/canic/tests/protocol_surface.rs:1710;crates/canic/tests/protocol_surface.rs:1720	async fn canic_root_store_bootstrap( request: ::canic::dto::root_store::RootStoreBootstrapRequest, ) -> Result<::canic::dto::root_store::RootStoreBootstrapResponse, ::canic::Error>	RootCommand::BootstrapStore	crates/canic-host/src/install_root/fleet_subnet_root_store_bootstrap/mod.rs:430;crates/canic-testing-internal/src/pic/fleet_registry/baseline.rs:3918;crates/canic-testing-internal/src/pic/fleet_registry/baseline.rs:582;crates/canic-testing-internal/src/pic/fleet_registry/baseline.rs:91
fleet-subnet-root	canic-owned	role-status-variant	canic_root_store_bootstrap_status	composite-query	canic_root_store_bootstrap_status : (RootStoreBootstrapRequest) -> ( Result_57, ) composite_query;	crates/canic/src/macros/endpoints/root.rs:691	always	#[$crate::canic_query(composite, requires(caller::is_controller()))]	::canic::api::canister::template::WasmStoreBootstrapApi::root_store_status(request)	query_read_only	CANIC_ROOT_STORE_BOOTSTRAP_STATUS	crates/canic-core/src/domain/policy/pure/fleet_activation.rs:104;crates/canic-core/src/domain/policy/pure/fleet_activation.rs:262;crates/canic-core/src/domain/policy/pure/fleet_activation.rs:28;crates/canic-host/src/install_root/fleet_subnet_root_store_bootstrap/mod.rs:448;crates/canic-testing-internal/src/pic/fleet_registry/baseline.rs:155;crates/canic-testing-internal/src/pic/fleet_registry/baseline.rs:594;crates/canic/tests/protocol_surface.rs:1705;crates/canic/tests/protocol_surface.rs:1706;crates/canic/tests/protocol_surface.rs:1713;crates/canic/tests/protocol_surface.rs:1714;crates/canic/tests/protocol_surface.rs:1722	async fn canic_root_store_bootstrap_status( request: ::canic::dto::root_store::RootStoreBootstrapRequest, ) -> Result<::canic::dto::root_store::RootStoreBootstrapResponse, ::canic::Error>	RootStatusRequest::Operation	crates/canic-host/src/install_root/fleet_subnet_root_store_bootstrap/mod.rs:448;crates/canic-testing-internal/src/pic/fleet_registry/baseline.rs:155;crates/canic-testing-internal/src/pic/fleet_registry/baseline.rs:594
fleet-subnet-root	canic-owned	role-status-variant	canic_runtime_status	query	canic_runtime_status : () -> (Result_58) query;	crates/canic/src/macros/endpoints/shared.rs:105	always	#[$crate::canic_query(requires(caller::is_controller()))]	$crate::__internal::core::api::runtime::RuntimeIntrospectionApi::runtime_status(	query_read_only	CANIC_RUNTIME_STATUS	apps/skynet/console/src/lib.rs:115;crates/canic-cli/src/inspect/mod.rs:20;crates/canic-cli/src/inspect/mod.rs:334;crates/canic-cli/src/inspect/mod.rs:351;crates/canic-cli/src/inspect/mod.rs:42;crates/canic-cli/src/inspect/mod.rs:5;crates/canic-cli/src/inspect/mod.rs:66;crates/canic-cli/src/inspect/mod.rs:697;crates/canic-cli/src/inspect/mod.rs:747;crates/canic-cli/src/inspect/mod.rs:782;crates/canic-cli/src/inspect/mod.rs:862;crates/canic-core/src/replay_policy/tests/endpoint.rs:182;crates/canic-tests/tests/timer_authority.rs:338;crates/canic/tests/protocol_surface.rs:2741	async fn canic_runtime_status() -> Result<::canic::dto::runtime::CanicRuntimeStatus, ::canic::Error>	RootStatusRequest::Runtime	crates/canic-cli/src/inspect/mod.rs:20;crates/canic-cli/src/inspect/mod.rs:334;crates/canic-cli/src/inspect/mod.rs:351;crates/canic-cli/src/inspect/mod.rs:42;crates/canic-cli/src/inspect/mod.rs:5;crates/canic-cli/src/inspect/mod.rs:66;crates/canic-cli/src/inspect/mod.rs:697;crates/canic-cli/src/inspect/mod.rs:747;crates/canic-cli/src/inspect/mod.rs:782;crates/canic-cli/src/inspect/mod.rs:862;crates/canic-tests/tests/timer_authority.rs:338
fleet-subnet-root	canic-owned	private-delete	canic_template_prepare_admin	update	canic_template_prepare_admin : (TemplateChunkSetPrepareInput) -> (Result_59);	crates/canic/src/macros/endpoints/root.rs:707	always	#[$crate::canic_update(requires(caller::is_controller()))]	::canic::api::canister::template::WasmStoreBootstrapApi::prepare_chunk_set(request)	update_monotonic_transition	CANIC_TEMPLATE_PREPARE_ADMIN	crates/canic-core/src/domain/policy/pure/fleet_activation.rs:130;crates/canic-core/src/domain/policy/pure/fleet_activation.rs:265;crates/canic-core/src/domain/policy/pure/fleet_activation.rs:29;crates/canic-core/src/replay_policy/tests/mod.rs:22;crates/canic-core/src/replay_policy/tests/mod.rs:41;crates/canic-host/src/install_root/fleet_subnet_root_store_bootstrap/mod.rs:390;crates/canic-testing-internal/src/pic/fleet_registry/baseline.rs:4161;crates/canic-testing-internal/src/pic/fleet_registry/baseline.rs:91;crates/canic-testing-internal/src/pic/root/artifacts.rs:348;crates/canic-tests/tests/instruction_audit_support/execution.rs:269;crates/canic-tests/tests/instruction_audit_support/execution.rs:343;crates/canic-tests/tests/instruction_audit_support/execution.rs:549;crates/canic-tests/tests/instruction_audit_support/report.rs:704;crates/canic-tests/tests/instruction_audit_support/scenarios.rs:156;crates/canic-tests/tests/instruction_audit_support/scenarios.rs:158;crates/canic-tests/tests/instruction_audit_support/scenarios.rs:161;crates/canic-tests/tests/instruction_audit_support/scenarios.rs:267	async fn canic_template_prepare_admin( request: ::canic::dto::template::TemplateChunkSetPrepareInput, ) -> Result<::canic::dto::template::TemplateChunkSetInfoResponse, ::canic::Error>	none	crates/canic-host/src/install_root/fleet_subnet_root_store_bootstrap/mod.rs:390;crates/canic-testing-internal/src/pic/fleet_registry/baseline.rs:4161;crates/canic-testing-internal/src/pic/fleet_registry/baseline.rs:91;crates/canic-testing-internal/src/pic/root/artifacts.rs:348;crates/canic-tests/tests/instruction_audit_support/execution.rs:269;crates/canic-tests/tests/instruction_audit_support/execution.rs:343;crates/canic-tests/tests/instruction_audit_support/execution.rs:549;crates/canic-tests/tests/instruction_audit_support/report.rs:704;crates/canic-tests/tests/instruction_audit_support/scenarios.rs:156;crates/canic-tests/tests/instruction_audit_support/scenarios.rs:158;crates/canic-tests/tests/instruction_audit_support/scenarios.rs:161;crates/canic-tests/tests/instruction_audit_support/scenarios.rs:267
fleet-subnet-root	canic-owned	private-delete	canic_template_publish_chunk_admin	update	canic_template_publish_chunk_admin : (TemplateChunkInput) -> (Result_60);	crates/canic/src/macros/endpoints/root.rs:714	always	#[$crate::canic_update(requires(caller::is_controller()), payload(max_bytes = ::canic::CANIC_WASM_CHUNK_BYTES + 64 * 1024))]	::canic::api::canister::template::WasmStoreBootstrapApi::publish_chunk(request)	update_monotonic_transition	CANIC_TEMPLATE_PUBLISH_CHUNK_ADMIN	crates/canic-core/src/domain/policy/pure/fleet_activation.rs:131;crates/canic-core/src/domain/policy/pure/fleet_activation.rs:266;crates/canic-core/src/domain/policy/pure/fleet_activation.rs:29;crates/canic-core/src/replay_policy/tests/mod.rs:22;crates/canic-core/src/replay_policy/tests/mod.rs:42;crates/canic-host/src/install_root/fleet_subnet_root_store_bootstrap/mod.rs:406;crates/canic-testing-internal/src/pic/fleet_registry/baseline.rs:4176;crates/canic-testing-internal/src/pic/fleet_registry/baseline.rs:92;crates/canic-testing-internal/src/pic/root/artifacts.rs:359;crates/canic-tests/tests/instruction_audit_support/execution.rs:279;crates/canic-tests/tests/instruction_audit_support/execution.rs:347;crates/canic-tests/tests/instruction_audit_support/execution.rs:561;crates/canic-tests/tests/instruction_audit_support/report.rs:705;crates/canic-tests/tests/instruction_audit_support/scenarios.rs:172;crates/canic-tests/tests/instruction_audit_support/scenarios.rs:174;crates/canic-tests/tests/instruction_audit_support/scenarios.rs:177;crates/canic-tests/tests/instruction_audit_support/scenarios.rs:268	async fn canic_template_publish_chunk_admin( request: ::canic::dto::template::TemplateChunkInput, ) -> Result<(), ::canic::Error>	none	crates/canic-host/src/install_root/fleet_subnet_root_store_bootstrap/mod.rs:406;crates/canic-testing-internal/src/pic/fleet_registry/baseline.rs:4176;crates/canic-testing-internal/src/pic/fleet_registry/baseline.rs:92;crates/canic-testing-internal/src/pic/root/artifacts.rs:359;crates/canic-tests/tests/instruction_audit_support/execution.rs:279;crates/canic-tests/tests/instruction_audit_support/execution.rs:347;crates/canic-tests/tests/instruction_audit_support/execution.rs:561;crates/canic-tests/tests/instruction_audit_support/report.rs:705;crates/canic-tests/tests/instruction_audit_support/scenarios.rs:172;crates/canic-tests/tests/instruction_audit_support/scenarios.rs:174;crates/canic-tests/tests/instruction_audit_support/scenarios.rs:177;crates/canic-tests/tests/instruction_audit_support/scenarios.rs:268
fleet-subnet-root	canic-owned	private-delete	canic_template_stage_manifest_admin	update	canic_template_stage_manifest_admin : (TemplateManifestInput) -> (Result_60);	crates/canic/src/macros/endpoints/root.rs:699	always	#[$crate::canic_update(requires(caller::is_controller()))]	::canic::api::canister::template::WasmStoreBootstrapApi::stage_manifest(request);	update_monotonic_transition	CANIC_TEMPLATE_STAGE_MANIFEST_ADMIN	crates/canic-core/src/domain/policy/pure/fleet_activation.rs:132;crates/canic-core/src/domain/policy/pure/fleet_activation.rs:268;crates/canic-core/src/domain/policy/pure/fleet_activation.rs:30;crates/canic-core/src/replay_policy/tests/mod.rs:23;crates/canic-core/src/replay_policy/tests/mod.rs:43;crates/canic-host/src/install_root/fleet_subnet_root_store_bootstrap/mod.rs:286;crates/canic-testing-internal/src/pic/fleet_registry/baseline.rs:3895;crates/canic-testing-internal/src/pic/fleet_registry/baseline.rs:92;crates/canic-testing-internal/src/pic/root/artifacts.rs:337;crates/canic-tests/tests/instruction_audit_support/execution.rs:339;crates/canic-tests/tests/instruction_audit_support/execution.rs:537;crates/canic-tests/tests/instruction_audit_support/report.rs:703;crates/canic-tests/tests/instruction_audit_support/scenarios.rs:140;crates/canic-tests/tests/instruction_audit_support/scenarios.rs:142;crates/canic-tests/tests/instruction_audit_support/scenarios.rs:145;crates/canic-tests/tests/instruction_audit_support/scenarios.rs:266	async fn canic_template_stage_manifest_admin( request: ::canic::dto::template::TemplateManifestInput, ) -> Result<(), ::canic::Error>	none	crates/canic-host/src/install_root/fleet_subnet_root_store_bootstrap/mod.rs:286;crates/canic-testing-internal/src/pic/fleet_registry/baseline.rs:3895;crates/canic-testing-internal/src/pic/fleet_registry/baseline.rs:92;crates/canic-testing-internal/src/pic/root/artifacts.rs:337;crates/canic-tests/tests/instruction_audit_support/execution.rs:339;crates/canic-tests/tests/instruction_audit_support/execution.rs:537;crates/canic-tests/tests/instruction_audit_support/report.rs:703;crates/canic-tests/tests/instruction_audit_support/scenarios.rs:140;crates/canic-tests/tests/instruction_audit_support/scenarios.rs:142;crates/canic-tests/tests/instruction_audit_support/scenarios.rs:145;crates/canic-tests/tests/instruction_audit_support/scenarios.rs:266
fleet-subnet-root	canic-owned	role-command-variant	canic_upsert_root_issuer_policy	update	canic_upsert_root_issuer_policy : (RootIssuerPolicyUpsertRequest) -> ( Result_61, );	crates/canic/src/macros/endpoints/root.rs:627	always	#[$crate::canic_update(requires(caller::is_controller()))]	$crate::__internal::core::api::auth::AuthApi::upsert_root_issuer_policy_root(request)	update_snapshot_convergent	CANIC_UPSERT_ROOT_ISSUER_POLICY	crates/canic-core/src/domain/policy/pure/fleet_activation.rs:289;crates/canic-tests/tests/instruction_audit_support/execution.rs:430;crates/canic/tests/protocol_surface.rs:2307;crates/canic/tests/protocol_surface.rs:2308;crates/canic/tests/protocol_surface.rs:2309;crates/canic/tests/protocol_surface.rs:2333;crates/canic/tests/protocol_surface.rs:2369	async fn canic_upsert_root_issuer_policy( request: ::canic::dto::auth::RootIssuerPolicyUpsertRequest, ) -> Result<::canic::dto::auth::RootIssuerPolicyResponse, ::canic::Error>	RootCommand::UpsertIssuerPolicy	crates/canic-tests/tests/instruction_audit_support/execution.rs:430
fleet-subnet-root	canic-owned	role-command-variant	canic_upsert_root_issuer_renewal_template	update	canic_upsert_root_issuer_renewal_template : ( RootIssuerRenewalTemplateView, ) -> (Result_62);	crates/canic/src/macros/endpoints/root.rs:634	always	#[$crate::canic_update(requires(caller::is_controller()))]	$crate::__internal::core::api::auth::AuthApi::upsert_root_issuer_renewal_template_root(	update_snapshot_convergent	CANIC_UPSERT_ROOT_ISSUER_RENEWAL_TEMPLATE	crates/canic-core/src/replay_policy/tests/endpoint.rs:37;crates/canic-tests/tests/instruction_audit_support/execution.rs:457;crates/canic/tests/protocol_surface.rs:2312;crates/canic/tests/protocol_surface.rs:2313;crates/canic/tests/protocol_surface.rs:2314;crates/canic/tests/protocol_surface.rs:2335;crates/canic/tests/protocol_surface.rs:2376	async fn canic_upsert_root_issuer_renewal_template( request: ::canic::dto::auth::RootIssuerRenewalTemplateUpsertRequest, ) -> Result<::canic::dto::auth::RootIssuerRenewalTemplateResponse, ::canic::Error>	RootCommand::UpsertIssuerRenewalTemplate	crates/canic-tests/tests/instruction_audit_support/execution.rs:457
fleet-subnet-root	canic-owned	role-command-variant	canic_wasm_store_admin	update	canic_wasm_store_admin : (WasmStoreAdminCommand) -> (Result_63);	crates/canic/src/macros/endpoints/root.rs:721	always	#[$crate::canic_update(requires(caller::is_controller()))]	::canic::api::canister::template::WasmStorePublicationApi::admin(cmd).await	update_monotonic_publish	CANIC_WASM_STORE_ADMIN	crates/canic-core/src/replay_policy/tests/mod.rs:36	async fn canic_wasm_store_admin( cmd: ::canic::dto::template::WasmStoreAdminCommand, ) -> Result<::canic::dto::template::WasmStoreAdminResponse, ::canic::Error>	RootCommand::PublishReleaseSet	none
fleet-subnet-root	canic-owned	private-delete	canic_wasm_store_bootstrap_debug	query	canic_wasm_store_bootstrap_debug : () -> (Result_64) query;	crates/canic/src/macros/endpoints/root.rs:677	always	#[$crate::canic_query(requires(caller::is_controller()))]	::canic::api::canister::template::WasmStoreBootstrapApi::debug_bootstrap()	query_read_only(mode-derived)	CANIC_WASM_STORE_BOOTSTRAP_DEBUG	none	async fn canic_wasm_store_bootstrap_debug( ) -> Result<::canic::dto::template::WasmStoreBootstrapDebugResponse, ::canic::Error>	none	none
fleet-subnet-root	canic-owned	role-status-variant	canic_wasm_store_overview	query	canic_wasm_store_overview : () -> (Result_65) query;	crates/canic/src/macros/endpoints/root.rs:728	always	#[$crate::canic_query(requires(caller::is_controller()))]	::canic::api::canister::template::WasmStorePublicationApi::overview()	query_read_only(mode-derived)	CANIC_WASM_STORE_OVERVIEW	crates/canic-testing-internal/src/pic/fleet_registry/baseline.rs:1594;crates/canic-testing-internal/src/pic/fleet_registry/baseline.rs:1680;crates/canic-testing-internal/src/pic/root/topology.rs:204	async fn canic_wasm_store_overview( ) -> Result<::canic::dto::template::WasmStoreOverviewResponse, ::canic::Error>	RootStatusRequest::StoreOverview	crates/canic-testing-internal/src/pic/fleet_registry/baseline.rs:1594;crates/canic-testing-internal/src/pic/fleet_registry/baseline.rs:1680;crates/canic-testing-internal/src/pic/root/topology.rs:204
fleet-subnet-root	external-standard	external-standard	icrc10_supported_standards	query	icrc10_supported_standards : () -> (vec record { text; text }) query;	n/a	n/a	n/a	n/a	n/a	n/a	n/a	n/a	icrc10_supported_standards	none
fleet-subnet-root	application-owned	application-owned	root_bootstrap_delegated_session	update	root_bootstrap_delegated_session : (DelegatedToken, principal, opt nat64) -> ( Result_60, );	n/a	n/a	n/a	n/a	n/a	n/a	n/a	n/a	root_bootstrap_delegated_session	none
fleet-subnet-root	application-owned	application-owned	root_clear_delegated_session	update	root_clear_delegated_session : () -> (Result_60);	n/a	n/a	n/a	n/a	n/a	n/a	n/a	n/a	root_clear_delegated_session	none
fleet-subnet-root	application-owned	application-owned	root_delegated_session_subject	query	root_delegated_session_subject : () -> (Result_66) query;	n/a	n/a	n/a	n/a	n/a	n/a	n/a	n/a	root_delegated_session_subject	none
fleet-subnet-root	application-owned	application-owned	root_now_secs	query	root_now_secs : () -> (Result_67) query;	n/a	n/a	n/a	n/a	n/a	n/a	n/a	n/a	root_now_secs	none
fleet-subnet-root	application-owned	application-owned	root_verify_role_attestation	update	root_verify_role_attestation : (SignedRoleAttestation, nat64) -> (Result_60);	n/a	n/a	n/a	n/a	n/a	n/a	n/a	n/a	root_verify_role_attestation	none
fleet-subnet-root	application-owned	application-owned	test_provision_chain_key_delegation_proof_for_issuer	update	test_provision_chain_key_delegation_proof_for_issuer : (principal) -> ( Result_60, );	n/a	n/a	n/a	n/a	n/a	n/a	n/a	n/a	test_provision_chain_key_delegation_proof_for_issuer	none
managed-auth	canic-owned	role-status-variant	canic_active_delegation_proof_status	query	canic_active_delegation_proof_status : () -> (Result) query;	crates/canic/src/macros/endpoints/nonroot.rs:120	always	#[$crate::canic_query(public)]	$crate::__internal::core::api::auth::AuthApi::active_delegation_proof_status()	query_read_only	CANIC_ACTIVE_DELEGATION_PROOF_STATUS	crates/canic-cli/src/auth/mod.rs:26;crates/canic-cli/src/auth/mod.rs:768;crates/canic-cli/src/auth/mod.rs:777;crates/canic-cli/src/auth/tests.rs:165;crates/canic-cli/src/auth/tests.rs:187;crates/canic-cli/src/auth/tests.rs:203;crates/canic-cli/src/auth/tests.rs:232;crates/canic-cli/src/auth/tests.rs:457;crates/canic-core/src/domain/policy/pure/fleet_activation.rs:370;crates/canic/tests/protocol_surface.rs:2214;crates/canic/tests/protocol_surface.rs:2215;crates/canic/tests/protocol_surface.rs:2261;crates/canic/tests/protocol_surface.rs:2271;scripts/ci/auth-renewal-cli-proof-lib.sh:70	async fn canic_active_delegation_proof_status() -> Result<::canic::dto::auth::ActiveDelegationProofStatusResponse, ::canic::Error>	CanisterStatusRequest::ActiveDelegationProof	crates/canic-cli/src/auth/mod.rs:26;crates/canic-cli/src/auth/mod.rs:768;crates/canic-cli/src/auth/mod.rs:777;scripts/ci/auth-renewal-cli-proof-lib.sh:70
managed-auth	canic-owned	role-status-variant	canic_bootstrap_status	query	canic_bootstrap_status : () -> (BootstrapStatusResponse) query;	crates/canic/src/macros/endpoints/shared.rs:62	always	#[$crate::canic_query(internal, public)]	$crate::__internal::core::api::ready::ReadyApi::bootstrap_status()	query_read_only(mode-derived)	missing	apps/skynet/console/src/lib.rs:69;apps/skynet/memory_cell/src/lib.rs:78;apps/skynet/node/src/lib.rs:115;apps/skynet/root/src/lib.rs:54;apps/skynet/t800/src/lib.rs:77;crates/canic-core/src/api/runtime/mod.rs:134;crates/canic-core/src/ops/runtime/bootstrap.rs:105;crates/canic-core/src/ops/runtime/bootstrap.rs:162	fn canic_bootstrap_status() -> ::canic::dto::state::BootstrapStatusResponse	CanisterStatusRequest::Overview	none
managed-auth	canic-owned	role-status-variant	canic_canister_children	query	canic_canister_children : (PageRequest) -> (Result_1) query;	crates/canic/src/macros/endpoints/topology.rs:25	always	#[$crate::canic_query(public)]	Ok($crate::__internal::core::api::topology::children::CanisterChildrenApi::page(page))	query_read_only(mode-derived)	CANIC_CANISTER_CHILDREN	apps/skynet/console/src/lib.rs:75;crates/canic-testing-internal/src/pic/root/topology.rs:181;crates/canic-tests/src/root/workers.rs:47	fn canic_canister_children( page: ::canic::dto::page::PageRequest, ) -> Result<::canic::dto::page::Page<::canic::dto::canister::CanisterInfo>, ::canic::Error>	CanisterStatusRequest::Children	crates/canic-testing-internal/src/pic/root/topology.rs:181;crates/canic-tests/src/root/workers.rs:47
managed-auth	canic-owned	private-delete	canic_component_runtime_activate	update	canic_component_runtime_activate : (ComponentRuntimeActivationRequest) -> ( Result_2, );	crates/canic/src/macros/endpoints/nonroot.rs:32	always	#[$crate::canic_update(internal, requires(caller::is_root()))]	$crate::__internal::core::api::component_runtime::ComponentRuntimeApi::activate(request)?;	update_response_idempotent	CANIC_COMPONENT_RUNTIME_ACTIVATE	crates/canic-control-plane/src/workflow/component_registry/mod.rs:4764;crates/canic-core/src/domain/policy/pure/fleet_activation.rs:10;crates/canic-core/src/domain/policy/pure/fleet_activation.rs:350;crates/canic-core/src/domain/policy/pure/fleet_activation.rs:76;crates/canic/tests/protocol_surface.rs:1398;crates/canic/tests/protocol_surface.rs:1399;crates/canic/tests/protocol_surface.rs:1400;crates/canic/tests/protocol_surface.rs:1742	async fn canic_component_runtime_activate( request: ::canic::dto::component_registry::ComponentRuntimeActivationRequest, ) -> Result<::canic::dto::component_registry::ComponentRuntimeStatusResponse, ::canic::Error>	none	crates/canic-control-plane/src/workflow/component_registry/mod.rs:4764
managed-auth	canic-owned	role-command-variant	canic_component_runtime_directory_prepare	update	canic_component_runtime_directory_prepare : ( ComponentRuntimeDirectoryPreparationRequest, ) -> (Result_2);	crates/canic/src/macros/endpoints/nonroot.rs:12	always	#[$crate::canic_update(internal, requires(caller::is_root()))]	$crate::__internal::core::api::component_runtime::ComponentRuntimeApi::prepare_directory(request)	update_response_idempotent	CANIC_COMPONENT_RUNTIME_DIRECTORY_PREPARE	crates/canic-control-plane/src/workflow/component_registry/mod.rs:4932;crates/canic-core/src/domain/policy/pure/fleet_activation.rs:11;crates/canic-core/src/domain/policy/pure/fleet_activation.rs:347;crates/canic-core/src/domain/policy/pure/fleet_activation.rs:75;crates/canic/tests/protocol_surface.rs:1383;crates/canic/tests/protocol_surface.rs:1384;crates/canic/tests/protocol_surface.rs:1385;crates/canic/tests/protocol_surface.rs:1740	async fn canic_component_runtime_directory_prepare( request: ::canic::dto::component_registry::ComponentRuntimeDirectoryPreparationRequest, ) -> Result<::canic::dto::component_registry::ComponentRuntimeStatusResponse, ::canic::Error>	CanisterCommand::ConfigureRuntime	crates/canic-control-plane/src/workflow/component_registry/mod.rs:4932
managed-auth	canic-owned	private-delete	canic_component_runtime_directory_synchronize	update	canic_component_runtime_directory_synchronize : ( ComponentRuntimeDirectoryPreparationRequest, ) -> (Result_2);	crates/canic/src/macros/endpoints/nonroot.rs:25	always	#[$crate::canic_update(internal, requires(caller::is_root()))]	$crate::__internal::core::api::component_runtime::ComponentRuntimeApi::synchronize_directory(request)	update_response_idempotent	CANIC_COMPONENT_RUNTIME_DIRECTORY_SYNCHRONIZE	crates/canic-control-plane/src/workflow/component_registry/mod.rs:4914;crates/canic/tests/protocol_surface.rs:1388;crates/canic/tests/protocol_surface.rs:1389;crates/canic/tests/protocol_surface.rs:1390;crates/canic/tests/protocol_surface.rs:1741	async fn canic_component_runtime_directory_synchronize( request: ::canic::dto::component_registry::ComponentRuntimeDirectorySynchronizationRequest, ) -> Result<::canic::dto::component_registry::ComponentRuntimeStatusResponse, ::canic::Error>	none	crates/canic-control-plane/src/workflow/component_registry/mod.rs:4914
managed-auth	canic-owned	role-status-variant	canic_component_runtime_status	query	canic_component_runtime_status : () -> (Result_2) query;	crates/canic/src/macros/endpoints/nonroot.rs:19	always	#[$crate::canic_query(internal, requires(caller::is_root()))]	$crate::__internal::core::api::component_runtime::ComponentRuntimeApi::status()	query_read_only	CANIC_COMPONENT_RUNTIME_STATUS	apps/skynet/console/src/lib.rs:136;crates/canic-control-plane/src/workflow/component_registry/mod.rs:4748;crates/canic-core/src/domain/policy/pure/fleet_activation.rs:11;crates/canic-core/src/domain/policy/pure/fleet_activation.rs:341;crates/canic-core/src/domain/policy/pure/fleet_activation.rs:67;crates/canic-testing-internal/src/pic/fleet_registry/baseline.rs:2223;crates/canic-testing-internal/src/pic/fleet_registry/baseline.rs:3264;crates/canic-testing-internal/src/pic/fleet_registry/baseline.rs:3334;crates/canic-testing-internal/src/pic/fleet_registry/baseline.rs:3403;crates/canic-testing-internal/src/pic/fleet_registry/baseline.rs:3554;crates/canic-testing-internal/src/pic/fleet_registry/baseline.rs:78;crates/canic/tests/protocol_surface.rs:1393;crates/canic/tests/protocol_surface.rs:1394;crates/canic/tests/protocol_surface.rs:1395	async fn canic_component_runtime_status( ) -> Result<::canic::dto::component_registry::ComponentRuntimeStatusResponse, ::canic::Error>	CanisterStatusRequest::Operation	crates/canic-control-plane/src/workflow/component_registry/mod.rs:4748;crates/canic-testing-internal/src/pic/fleet_registry/baseline.rs:2223;crates/canic-testing-internal/src/pic/fleet_registry/baseline.rs:3264;crates/canic-testing-internal/src/pic/fleet_registry/baseline.rs:3334;crates/canic-testing-internal/src/pic/fleet_registry/baseline.rs:3403;crates/canic-testing-internal/src/pic/fleet_registry/baseline.rs:3554;crates/canic-testing-internal/src/pic/fleet_registry/baseline.rs:78
managed-auth	canic-owned	role-status-variant	canic_cycle_balance	query	canic_cycle_balance : () -> (Result_3) query;	crates/canic/src/macros/endpoints/shared.rs:52	always	#[$crate::canic_query(public)]	Ok($crate::__internal::cdk::api::canister_cycle_balance())	query_read_only(mode-derived)	CANIC_CYCLE_BALANCE	apps/skynet/console/src/lib.rs:80;crates/canic-host/src/cycle_balance/mod.rs:41;crates/canic-host/src/cycle_balance/mod.rs:56;crates/canic-host/src/replica_query/mod.rs:103;crates/canic-host/src/replica_query/mod.rs:109;crates/canic-testing-internal/src/pic/fleet_registry/baseline.rs:1854;crates/canic-testing-internal/src/pic/fleet_registry/baseline.rs:190	fn canic_cycle_balance() -> Result<u128, ::canic::Error>	CanisterStatusRequest::CycleBalance	crates/canic-host/src/cycle_balance/mod.rs:41;crates/canic-host/src/cycle_balance/mod.rs:56;crates/canic-host/src/replica_query/mod.rs:103;crates/canic-host/src/replica_query/mod.rs:109;crates/canic-testing-internal/src/pic/fleet_registry/baseline.rs:1854;crates/canic-testing-internal/src/pic/fleet_registry/baseline.rs:190
managed-auth	canic-owned	private-delete	canic_cycle_topups	query	canic_cycle_topups : (PageRequest) -> (Result_4) query;	crates/canic/src/macros/endpoints/cycles.rs:20	always	#[$crate::canic_query(public)]	Ok($crate::__internal::core::api::cycles::CycleTrackerQuery::topups(page))	query_read_only(mode-derived)	CANIC_CYCLE_TOPUPS	apps/skynet/console/src/lib.rs:82;crates/canic-cli/src/cycles/transport.rs:399;crates/canic-cli/src/cycles/transport.rs:406;crates/canic/tests/protocol_surface.rs:276;crates/canic/tests/protocol_surface.rs:277	fn canic_cycle_topups( page: ::canic::dto::page::PageRequest, ) -> Result<::canic::dto::page::Page<::canic::dto::cycles::CycleTopupEvent>, ::canic::Error>	none	none
managed-auth	canic-owned	role-status-variant	canic_cycle_tracker	query	canic_cycle_tracker : (PageRequest) -> (Result_5) query;	crates/canic/src/macros/endpoints/cycles.rs:12	always	#[$crate::canic_query(public)]	Ok($crate::__internal::core::api::cycles::CycleTrackerQuery::page(page))	query_read_only(mode-derived)	CANIC_CYCLE_TRACKER	apps/skynet/console/src/lib.rs:88;crates/canic-cli/src/cycles/transport.rs:431;crates/canic-cli/src/cycles/transport.rs:438;crates/canic-cli/src/cycles/transport.rs:575;crates/canic/tests/protocol_surface.rs:270;crates/canic/tests/protocol_surface.rs:271	fn canic_cycle_tracker( page: ::canic::dto::page::PageRequest, ) -> Result<::canic::dto::page::Page<::canic::dto::cycles::CycleTrackerEntry>, ::canic::Error>	CanisterStatusRequest::CycleHistory	crates/canic-cli/src/cycles/transport.rs:431;crates/canic-cli/src/cycles/transport.rs:438;crates/canic-cli/src/cycles/transport.rs:575
managed-auth	canic-owned	role-status-variant	canic_fleet_activation_status	query	canic_fleet_activation_status : () -> (Result_6) query;	crates/canic/src/macros/endpoints/shared.rs:67	always	#[$crate::canic_query(requires(caller::is_controller()))]	$crate::__internal::core::api::fleet_activation::FleetActivationApi::status()	query_read_only(mode-derived)	CANIC_FLEET_ACTIVATION_STATUS	apps/skynet/console/src/lib.rs:94;crates/canic-core/src/domain/policy/pure/fleet_activation.rs:12;crates/canic-core/src/domain/policy/pure/fleet_activation.rs:142;crates/canic-core/src/domain/policy/pure/fleet_activation.rs:179;crates/canic-core/src/domain/policy/pure/fleet_activation.rs:290;crates/canic-core/src/domain/policy/pure/fleet_activation.rs:317;crates/canic-core/src/domain/policy/pure/fleet_activation.rs:335;crates/canic-core/src/domain/policy/pure/fleet_activation.rs:373;crates/canic-core/src/workflow/runtime/fleet_activation.rs:403;crates/canic-host/src/install_root/fleet_subnet_root_install/mod.rs:429;crates/canic-testing-internal/src/pic/canic.rs:367;crates/canic-testing-internal/src/pic/fleet_registry/baseline.rs:2210;crates/canic-testing-internal/src/pic/fleet_registry/baseline.rs:3342;crates/canic-testing-internal/src/pic/fleet_registry/baseline.rs:3410;crates/canic-testing-internal/src/pic/fleet_registry/baseline.rs:4191;crates/canic-testing-internal/src/pic/fleet_registry/baseline.rs:78;crates/canic-tests/tests/lifecycle_boundary.rs:8;crates/canic-tests/tests/lifecycle_boundary.rs:94;crates/canic/tests/endpoint_macro.rs:40;crates/canic/tests/endpoint_macro.rs:42;crates/canic/tests/endpoint_macro.rs:43;crates/canic/tests/protocol_surface.rs:339;crates/canic/tests/protocol_surface.rs:390;crates/canic/tests/protocol_surface.rs:391;crates/canic/tests/protocol_surface.rs:397	async fn canic_fleet_activation_status() -> Result<::canic::dto::fleet_activation::FleetActivationStatusResponse, ::canic::Error>	CanisterStatusRequest::Operation	crates/canic-core/src/workflow/runtime/fleet_activation.rs:403;crates/canic-host/src/install_root/fleet_subnet_root_install/mod.rs:429;crates/canic-testing-internal/src/pic/canic.rs:367;crates/canic-testing-internal/src/pic/fleet_registry/baseline.rs:2210;crates/canic-testing-internal/src/pic/fleet_registry/baseline.rs:3342;crates/canic-testing-internal/src/pic/fleet_registry/baseline.rs:3410;crates/canic-testing-internal/src/pic/fleet_registry/baseline.rs:4191;crates/canic-testing-internal/src/pic/fleet_registry/baseline.rs:78;crates/canic-tests/tests/lifecycle_boundary.rs:8;crates/canic-tests/tests/lifecycle_boundary.rs:94
managed-auth	canic-owned	role-status-variant	canic_get_delegated_token	query	canic_get_delegated_token : (DelegatedTokenGetRequest) -> (Result_7) query;	crates/canic/src/macros/endpoints/nonroot.rs:106	always	#[$crate::canic_query(public)]	$crate::__internal::core::api::auth::AuthApi::get_delegated_token(request)	query_read_only	CANIC_GET_DELEGATED_TOKEN	crates/canic-core/src/replay_policy/tests/endpoint.rs:108;crates/canic-testing-internal/src/pic/delegation.rs:101;crates/canic-testing-internal/src/pic/delegation.rs:96;crates/canic/tests/endpoint_macro.rs:35;crates/canic/tests/protocol_surface.rs:2273	async fn canic_get_delegated_token( request: ::canic::dto::auth::DelegatedTokenGetRequest, ) -> Result<::canic::dto::auth::DelegatedToken, ::canic::Error>	CanisterStatusRequest::DelegatedToken	crates/canic-testing-internal/src/pic/delegation.rs:101;crates/canic-testing-internal/src/pic/delegation.rs:96
managed-auth	canic-owned	role-status-variant	canic_health	query	canic_health : () -> (Result_8) query;	crates/canic/src/macros/endpoints/shared.rs:85	always	#[$crate::canic_query(requires(caller::is_controller()))]	$crate::__internal::core::api::runtime::RuntimeIntrospectionApi::health(Some(	query_read_only	CANIC_HEALTH	apps/skynet/console/src/lib.rs:99;crates/canic-core/src/replay_policy/tests/endpoint.rs:182;crates/canic/tests/protocol_surface.rs:2739	async fn canic_health() -> Result<::canic::dto::runtime::CanicHealthStatus, ::canic::Error>	CanisterStatusRequest::Health	none
managed-auth	canic-owned	role-command-variant	canic_install_active_delegation_proof	update	canic_install_active_delegation_proof : ( InstallActiveDelegationProofRequest, ) -> (Result_9);	crates/canic/src/macros/endpoints/nonroot.rs:113	always	#[$crate::canic_update(requires(caller::is_controller()))]	$crate::__internal::core::api::auth::AuthApi::install_active_delegation_proof(request)	update_intentionally_non_idempotent	CANIC_INSTALL_ACTIVE_DELEGATION_PROOF	crates/canic-core/src/replay_policy/tests/endpoint.rs:59;crates/canic-core/src/workflow/runtime/auth/provisioning/mod.rs:168;crates/canic/tests/endpoint_macro.rs:29;crates/canic/tests/protocol_surface.rs:2218;crates/canic/tests/protocol_surface.rs:2219;crates/canic/tests/protocol_surface.rs:2222;crates/canic/tests/protocol_surface.rs:2223;crates/canic/tests/protocol_surface.rs:2236;crates/canic/tests/protocol_surface.rs:2240;crates/canic/tests/protocol_surface.rs:2270	async fn canic_install_active_delegation_proof( request: ::canic::dto::auth::InstallActiveDelegationProofRequest, ) -> Result<::canic::dto::auth::InstallActiveDelegationProofResponse, ::canic::Error>	CanisterCommand::InstallDelegationProof	crates/canic-core/src/workflow/runtime/auth/provisioning/mod.rs:168
managed-auth	canic-owned	role-status-variant	canic_log	query	canic_log : (opt text, opt text, opt Level, PageRequest) -> (Result_10) query;	crates/canic/src/macros/endpoints/shared.rs:200	always	#[$crate::canic_query(requires(caller::is_controller()))]	Ok($crate::__internal::core::api::log::LogQuery::page(	query_read_only(mode-derived)	CANIC_LOG	crates/canic-cli/src/endpoints/tests.rs:41;crates/canic-cli/src/endpoints/tests.rs:8;crates/canic-cli/src/endpoints/tests.rs:9;crates/canic-host/src/candid_endpoints/tests.rs:156	async fn canic_log( crate_name: Option<String>, topic: Option<String>, min_level: Option<::canic::__internal::core::log::Level>, page: ::canic::dto::page::PageRequest, ) -> Result<::canic::dto::page::Page<::canic::dto::log::LogEntry>, ::canic::Error>	CanisterStatusRequest::Logs	none
managed-auth	canic-owned	role-status-variant	canic_managed_canister_binding	query	canic_managed_canister_binding : () -> (Result_11) query;	crates/canic/src/macros/endpoints/shared.rs:73	always	#[$crate::canic_query(requires(caller::is_controller()))]	$crate::__internal::core::api::lifecycle::nonroot::LifecycleApi::managed_binding()	query_read_only	CANIC_MANAGED_CANISTER_BINDING	apps/skynet/console/src/lib.rs:142;crates/canic-control-plane/src/workflow/component_registry/mod.rs:4417;crates/canic-core/src/domain/policy/pure/fleet_activation.rs:16;crates/canic-core/src/domain/policy/pure/fleet_activation.rs:336;crates/canic-core/src/domain/policy/pure/fleet_activation.rs:65;crates/canic-testing-internal/src/pic/fleet_registry/baseline.rs:3145	async fn canic_managed_canister_binding() -> Result<::canic::ids::ManagedCanisterBinding, ::canic::Error>	CanisterStatusRequest::Binding	crates/canic-control-plane/src/workflow/component_registry/mod.rs:4417;crates/canic-testing-internal/src/pic/fleet_registry/baseline.rs:3145
managed-auth	canic-owned	role-status-variant	canic_metadata	query	canic_metadata : () -> (CanicMetadataResponse) query;	crates/canic/src/macros/endpoints/shared.rs:144	always	#[$crate::canic_query(internal, public)]	$crate::__internal::core::api::metadata::CanicMetadataApi::metadata_for(	query_read_only(mode-derived)	CANIC_METADATA	apps/skynet/console/src/lib.rs:101;crates/canic-cli/src/apps/adoption_report.rs:162;crates/canic-cli/src/apps/adoption_report.rs:173;crates/canic-cli/src/apps/adoption_report.rs:177;crates/canic-cli/src/list/live/mod.rs:6;crates/canic-host/src/canic_metadata/mod.rs:1;crates/canic-host/src/canic_metadata/mod.rs:31;crates/canic-host/src/canic_metadata/mod.rs:39;crates/canic-host/src/lib.rs:13;crates/canic-host/src/release_set/config/mutation/rename.rs:280;crates/canic-host/src/release_set/config/mutation/rename.rs:290;crates/canic-host/src/release_set/config/mutation/rename.rs:293	fn canic_metadata() -> ::canic::dto::metadata::CanicMetadataResponse	CanisterStatusRequest::Overview	crates/canic-cli/src/apps/adoption_report.rs:162;crates/canic-cli/src/apps/adoption_report.rs:173;crates/canic-cli/src/apps/adoption_report.rs:177;crates/canic-cli/src/list/live/mod.rs:6;crates/canic-host/src/canic_metadata/mod.rs:1;crates/canic-host/src/canic_metadata/mod.rs:31;crates/canic-host/src/canic_metadata/mod.rs:39;crates/canic-host/src/lib.rs:13;crates/canic-host/src/release_set/config/mutation/rename.rs:280;crates/canic-host/src/release_set/config/mutation/rename.rs:290;crates/canic-host/src/release_set/config/mutation/rename.rs:293
managed-auth	canic-owned	role-status-variant	canic_metrics	query	canic_metrics : (MetricsKind, PageRequest) -> (Result_12) query;	crates/canic/src/macros/endpoints/shared.rs:229	always	#[$crate::canic_query(public)]	$crate::__internal::core::api::metrics::MetricsQuery::core(page),	query_read_only(mode-derived)	CANIC_METRICS	apps/skynet/console/src/lib.rs:106;crates/canic-cli/src/metrics/mod.rs:23;crates/canic-cli/src/metrics/transport.rs:275;crates/canic-cli/src/metrics/transport.rs:29;crates/canic-cli/src/metrics/transport.rs:41;crates/canic-host/src/icp/diagnostic/mod.rs:135;crates/canic-testing-internal/src/pic/fleet_registry/role_attestation.rs:22;crates/canic-testing-internal/src/pic/fleet_registry/role_attestation.rs:350;crates/canic-tests/tests/instruction_audit_support/execution.rs:573;crates/canic-tests/tests/instruction_audit_support/report.rs:151;crates/canic-tests/tests/timer_authority.rs:379	fn canic_metrics( kind: ::canic::dto::metrics::MetricsKind, page: ::canic::dto::page::PageRequest, ) -> Result<::canic::dto::page::Page<::canic::dto::metrics::MetricEntry>, ::canic::Error>	CanisterStatusRequest::Metrics	crates/canic-cli/src/metrics/mod.rs:23;crates/canic-cli/src/metrics/transport.rs:275;crates/canic-cli/src/metrics/transport.rs:29;crates/canic-cli/src/metrics/transport.rs:41;crates/canic-host/src/icp/diagnostic/mod.rs:135;crates/canic-testing-internal/src/pic/fleet_registry/role_attestation.rs:22;crates/canic-testing-internal/src/pic/fleet_registry/role_attestation.rs:350;crates/canic-tests/tests/instruction_audit_support/execution.rs:573;crates/canic-tests/tests/instruction_audit_support/report.rs:151;crates/canic-tests/tests/timer_authority.rs:379
managed-auth	canic-owned	role-command-variant	canic_prepare_delegated_token	update	canic_prepare_delegated_token : (DelegatedTokenPrepareRequest) -> (Result_13);	crates/canic/src/macros/endpoints/nonroot.rs:99	always	#[$crate::canic_update(public)]	$crate::__internal::core::api::auth::AuthApi::prepare_delegated_token(request).await	update_replay_protected	CANIC_PREPARE_DELEGATED_TOKEN	crates/canic-core/src/replay_policy/tests/endpoint.rs:82;crates/canic-testing-internal/src/pic/delegation.rs:89;crates/canic-testing-internal/src/pic/delegation.rs:92;crates/canic-tests/tests/instruction_audit_support/execution.rs:146;crates/canic-tests/tests/instruction_audit_support/execution.rs:381;crates/canic-tests/tests/instruction_audit_support/execution.rs:47;crates/canic-tests/tests/instruction_audit_support/execution.rs:98;crates/canic-tests/tests/instruction_audit_support/report.rs:695;crates/canic-tests/tests/instruction_audit_support/scenarios.rs:262;crates/canic-tests/tests/instruction_audit_support/scenarios.rs:76;crates/canic-tests/tests/instruction_audit_support/scenarios.rs:78;crates/canic-tests/tests/instruction_audit_support/scenarios.rs:81;crates/canic/tests/endpoint_macro.rs:34;crates/canic/tests/protocol_surface.rs:2272	async fn canic_prepare_delegated_token( request: ::canic::dto::auth::DelegatedTokenPrepareRequest, ) -> Result<::canic::dto::auth::DelegatedTokenPrepareResponse, ::canic::Error>	CanisterCommand::PrepareDelegatedToken	crates/canic-testing-internal/src/pic/delegation.rs:89;crates/canic-testing-internal/src/pic/delegation.rs:92;crates/canic-tests/tests/instruction_audit_support/execution.rs:146;crates/canic-tests/tests/instruction_audit_support/execution.rs:381;crates/canic-tests/tests/instruction_audit_support/execution.rs:47;crates/canic-tests/tests/instruction_audit_support/execution.rs:98;crates/canic-tests/tests/instruction_audit_support/report.rs:695;crates/canic-tests/tests/instruction_audit_support/scenarios.rs:262;crates/canic-tests/tests/instruction_audit_support/scenarios.rs:76;crates/canic-tests/tests/instruction_audit_support/scenarios.rs:78;crates/canic-tests/tests/instruction_audit_support/scenarios.rs:81
managed-auth	canic-owned	role-status-variant	canic_readiness	query	canic_readiness : () -> (Result_14) query;	crates/canic/src/macros/endpoints/shared.rs:95	always	#[$crate::canic_query(requires(caller::is_controller()))]	$crate::__internal::core::api::runtime::RuntimeIntrospectionApi::readiness(	query_read_only	CANIC_READINESS	apps/skynet/console/src/lib.rs:109;crates/canic-core/src/replay_policy/tests/endpoint.rs:182;crates/canic/tests/protocol_surface.rs:2740	async fn canic_readiness() -> Result<::canic::dto::runtime::CanicReadinessStatus, ::canic::Error>	CanisterStatusRequest::Readiness	none
managed-auth	canic-owned	role-status-variant	canic_ready	query	canic_ready : () -> (bool) query;	crates/canic/src/macros/endpoints/shared.rs:57	always	#[$crate::canic_query(internal, public)]	$crate::__internal::core::api::ready::ReadyApi::is_ready()	query_read_only(mode-derived)	CANIC_READY	apps/skynet/console/src/lib.rs:107;apps/skynet/console/src/tests.rs:41;apps/skynet/memory_cell/src/lib.rs:72;apps/skynet/node/src/lib.rs:112;apps/skynet/root/src/lib.rs:51;apps/skynet/root/src/lib.rs:52;apps/skynet/t800/src/lib.rs:71;crates/canic-cli/src/medic/tests.rs:1122;crates/canic-host/src/candid_endpoints/tests.rs:18;crates/canic-host/src/candid_endpoints/tests.rs:20;crates/canic-host/src/candid_endpoints/tests.rs:21;crates/canic-host/src/candid_endpoints/tests.rs:32;crates/canic-host/src/candid_endpoints/tests.rs:33;crates/canic-host/src/candid_endpoints/tests.rs:6;crates/canic-host/src/canister_ready/mod.rs:15;crates/canic-host/src/canister_ready/mod.rs:37;crates/canic-host/src/canister_ready/mod.rs:52;crates/canic-host/src/replica_query/cbor/tests.rs:5;crates/canic-host/src/replica_query/mod.rs:93;crates/canic-host/src/replica_query/mod.rs:99;crates/canic-testing-internal/src/pic/canic.rs:258;crates/canic-testing-internal/src/pic/canic.rs:269;crates/canic-testing-internal/src/pic/canic.rs:363;crates/canic-testing-internal/src/pic/canic.rs:377;crates/canic-testing-internal/src/pic/canic.rs:378;crates/canic-testing-internal/src/pic/canic.rs:73;crates/canic-testing-internal/src/pic/canic.rs:76;crates/canic-testing-internal/src/pic/root/topology.rs:128;crates/canic-testing-internal/src/pic/root/topology.rs:133;crates/canic-tests/tests/lifecycle_boundary.rs:101;crates/canic-tests/tests/lifecycle_boundary.rs:8	fn canic_ready() -> bool	CanisterStatusRequest::Overview	crates/canic-host/src/canister_ready/mod.rs:15;crates/canic-host/src/canister_ready/mod.rs:37;crates/canic-host/src/canister_ready/mod.rs:52;crates/canic-host/src/replica_query/mod.rs:93;crates/canic-host/src/replica_query/mod.rs:99;crates/canic-testing-internal/src/pic/canic.rs:258;crates/canic-testing-internal/src/pic/canic.rs:269;crates/canic-testing-internal/src/pic/canic.rs:363;crates/canic-testing-internal/src/pic/canic.rs:377;crates/canic-testing-internal/src/pic/canic.rs:378;crates/canic-testing-internal/src/pic/canic.rs:73;crates/canic-testing-internal/src/pic/canic.rs:76;crates/canic-testing-internal/src/pic/root/topology.rs:128;crates/canic-testing-internal/src/pic/root/topology.rs:133;crates/canic-tests/tests/lifecycle_boundary.rs:101;crates/canic-tests/tests/lifecycle_boundary.rs:8
managed-auth	canic-owned	role-command-variant	canic_response_capability_v1	update	canic_response_capability_v1 : (NonrootCyclesCapabilityEnvelopeV1) -> ( Result_15, );	crates/canic/src/macros/endpoints/shared.rs:282	#[cfg(not(canic_is_root))]	#[$crate::canic_update(internal, public)]	$crate::__internal::core::api::rpc::RpcApi::response_capability_v1_nonroot(envelope)	update_command_dispatch	CANIC_RESPONSE_CAPABILITY_V1	canisters/test/sharding_root_stub/src/lib.rs:60;crates/canic-cli/src/endpoints/tests.rs:27;crates/canic-cli/src/endpoints/tests.rs:28;crates/canic-cli/src/endpoints/tests.rs:43;crates/canic-core/src/ops/rpc/mod.rs:146;crates/canic-core/src/ops/rpc/mod.rs:165;crates/canic-core/src/replay_policy/tests/root_capability.rs:25;crates/canic-tests/tests/instruction_audit_support/execution.rs:260;crates/canic-tests/tests/instruction_audit_support/execution.rs:317;crates/canic-tests/tests/instruction_audit_support/execution.rs:318;crates/canic-tests/tests/instruction_audit_support/execution.rs:730;crates/canic-tests/tests/instruction_audit_support/report.rs:518;crates/canic-tests/tests/instruction_audit_support/report.rs:591;crates/canic-tests/tests/instruction_audit_support/report.rs:675;crates/canic-tests/tests/instruction_audit_support/scenarios.rs:108;crates/canic-tests/tests/instruction_audit_support/scenarios.rs:110;crates/canic-tests/tests/instruction_audit_support/scenarios.rs:113;crates/canic-tests/tests/instruction_audit_support/scenarios.rs:124;crates/canic-tests/tests/instruction_audit_support/scenarios.rs:126;crates/canic-tests/tests/instruction_audit_support/scenarios.rs:129;crates/canic-tests/tests/instruction_audit_support/scenarios.rs:264;crates/canic-tests/tests/instruction_audit_support/scenarios.rs:265;crates/canic/tests/protocol_surface.rs:184;crates/canic/tests/protocol_surface.rs:185;crates/canic/tests/protocol_surface.rs:190	async fn canic_response_capability_v1( envelope: ::canic::dto::capability::NonrootCyclesCapabilityEnvelopeV1, ) -> Result<::canic::dto::capability::NonrootCyclesCapabilityResponseV1, ::canic::Error>	CanisterCommand::RespondCapability	crates/canic-core/src/ops/rpc/mod.rs:146;crates/canic-core/src/ops/rpc/mod.rs:165;crates/canic-tests/tests/instruction_audit_support/execution.rs:260;crates/canic-tests/tests/instruction_audit_support/execution.rs:317;crates/canic-tests/tests/instruction_audit_support/execution.rs:318;crates/canic-tests/tests/instruction_audit_support/execution.rs:730;crates/canic-tests/tests/instruction_audit_support/report.rs:518;crates/canic-tests/tests/instruction_audit_support/report.rs:591;crates/canic-tests/tests/instruction_audit_support/report.rs:675;crates/canic-tests/tests/instruction_audit_support/scenarios.rs:108;crates/canic-tests/tests/instruction_audit_support/scenarios.rs:110;crates/canic-tests/tests/instruction_audit_support/scenarios.rs:113;crates/canic-tests/tests/instruction_audit_support/scenarios.rs:124;crates/canic-tests/tests/instruction_audit_support/scenarios.rs:126;crates/canic-tests/tests/instruction_audit_support/scenarios.rs:129;crates/canic-tests/tests/instruction_audit_support/scenarios.rs:264;crates/canic-tests/tests/instruction_audit_support/scenarios.rs:265
managed-auth	canic-owned	role-status-variant	canic_runtime_status	query	canic_runtime_status : () -> (Result_16) query;	crates/canic/src/macros/endpoints/shared.rs:105	always	#[$crate::canic_query(requires(caller::is_controller()))]	$crate::__internal::core::api::runtime::RuntimeIntrospectionApi::runtime_status(	query_read_only	CANIC_RUNTIME_STATUS	apps/skynet/console/src/lib.rs:115;crates/canic-cli/src/inspect/mod.rs:20;crates/canic-cli/src/inspect/mod.rs:334;crates/canic-cli/src/inspect/mod.rs:351;crates/canic-cli/src/inspect/mod.rs:42;crates/canic-cli/src/inspect/mod.rs:5;crates/canic-cli/src/inspect/mod.rs:66;crates/canic-cli/src/inspect/mod.rs:697;crates/canic-cli/src/inspect/mod.rs:747;crates/canic-cli/src/inspect/mod.rs:782;crates/canic-cli/src/inspect/mod.rs:862;crates/canic-core/src/replay_policy/tests/endpoint.rs:182;crates/canic-tests/tests/timer_authority.rs:338;crates/canic/tests/protocol_surface.rs:2741	async fn canic_runtime_status() -> Result<::canic::dto::runtime::CanicRuntimeStatus, ::canic::Error>	CanisterStatusRequest::Runtime	crates/canic-cli/src/inspect/mod.rs:20;crates/canic-cli/src/inspect/mod.rs:334;crates/canic-cli/src/inspect/mod.rs:351;crates/canic-cli/src/inspect/mod.rs:42;crates/canic-cli/src/inspect/mod.rs:5;crates/canic-cli/src/inspect/mod.rs:66;crates/canic-cli/src/inspect/mod.rs:697;crates/canic-cli/src/inspect/mod.rs:747;crates/canic-cli/src/inspect/mod.rs:782;crates/canic-cli/src/inspect/mod.rs:862;crates/canic-tests/tests/timer_authority.rs:338
managed-auth	application-owned	application-owned	forward_peer_allocation	update	forward_peer_allocation : (principal, RootPeerComponentAllocationRequest) -> ( Result_17, );	n/a	n/a	n/a	n/a	n/a	n/a	n/a	n/a	forward_peer_allocation	none
managed-auth	external-standard	external-standard	icrc10_supported_standards	query	icrc10_supported_standards : () -> (vec record { text; text }) query;	n/a	n/a	n/a	n/a	n/a	n/a	n/a	n/a	icrc10_supported_standards	none
managed-auth	application-owned	application-owned	issuer_clear_delegated_session	update	issuer_clear_delegated_session : () -> (Result_18);	n/a	n/a	n/a	n/a	n/a	n/a	n/a	n/a	issuer_clear_delegated_session	none
managed-auth	application-owned	application-owned	issuer_delegated_session_subject	query	issuer_delegated_session_subject : () -> (Result_19) query;	n/a	n/a	n/a	n/a	n/a	n/a	n/a	n/a	issuer_delegated_session_subject	none
managed-auth	application-owned	application-owned	issuer_guard_is_controller	update	issuer_guard_is_controller : () -> (Result_18);	n/a	n/a	n/a	n/a	n/a	n/a	n/a	n/a	issuer_guard_is_controller	none
managed-auth	application-owned	application-owned	issuer_guard_is_parent	update	issuer_guard_is_parent : () -> (Result_18);	n/a	n/a	n/a	n/a	n/a	n/a	n/a	n/a	issuer_guard_is_parent	none
managed-auth	application-owned	application-owned	issuer_guard_is_root	update	issuer_guard_is_root : () -> (Result_18);	n/a	n/a	n/a	n/a	n/a	n/a	n/a	n/a	issuer_guard_is_root	none
managed-auth	application-owned	application-owned	issuer_require_attested_local_subnet	update	issuer_require_attested_local_subnet : (SignedRoleAttestation) -> (Result_18);	n/a	n/a	n/a	n/a	n/a	n/a	n/a	n/a	issuer_require_attested_local_subnet	none
managed-auth	application-owned	application-owned	issuer_verify_role_attestation	update	issuer_verify_role_attestation : (SignedRoleAttestation, nat64) -> ( Result_18, );	n/a	n/a	n/a	n/a	n/a	n/a	n/a	n/a	issuer_verify_role_attestation	none
managed-auth	application-owned	application-owned	issuer_verify_token	update	issuer_verify_token : (DelegatedToken) -> (Result_18);	n/a	n/a	n/a	n/a	n/a	n/a	n/a	n/a	issuer_verify_token	none
managed-auth	application-owned	application-owned	issuer_verify_token_any	update	issuer_verify_token_any : (DelegatedToken) -> (Result_18);	n/a	n/a	n/a	n/a	n/a	n/a	n/a	n/a	issuer_verify_token_any	none
fleet-coordinator	canic-owned	role-status-variant	canic_authority_restore_fence_status	query	canic_authority_restore_fence_status : () -> (Result) query;	crates/canic/src/macros/endpoints/shared.rs:12	always	#[$crate::canic_query(requires(caller::is_controller()))]	$crate::__internal::core::api::authority_restore::AuthorityRestoreApi::status()	query_read_only	CANIC_AUTHORITY_RESTORE_FENCE_STATUS	crates/canic-core/src/domain/policy/pure/fleet_activation.rs:281;crates/canic-core/src/domain/policy/pure/fleet_activation.rs:39;crates/canic-testing-internal/src/pic/fleet_coordinator/mod.rs:293;crates/canic-testing-internal/src/pic/fleet_registry/baseline.rs:105;crates/canic-testing-internal/src/pic/fleet_registry/baseline.rs:874;crates/canic/tests/protocol_surface.rs:2775	async fn canic_authority_restore_fence_status() -> Result< ::canic::dto::authority_restore::AuthorityRestoreFenceStatusResponse, ::canic::Error, >	CoordinatorStatusRequest::AuthorityRestore	crates/canic-testing-internal/src/pic/fleet_coordinator/mod.rs:293;crates/canic-testing-internal/src/pic/fleet_registry/baseline.rs:105;crates/canic-testing-internal/src/pic/fleet_registry/baseline.rs:874
fleet-coordinator	canic-owned	role-command-variant	canic_authority_snapshot_prepare	update	canic_authority_snapshot_prepare : (AuthoritySnapshotRequest) -> (Result);	crates/canic/src/macros/endpoints/shared.rs:20	always	#[$crate::canic_update(requires(caller::is_controller()))]	$crate::__internal::core::api::authority_restore::AuthorityRestoreApi::prepare_snapshot(	update_response_idempotent	CANIC_AUTHORITY_SNAPSHOT_PREPARE	crates/canic-core/src/domain/policy/pure/authority_restore.rs:31;crates/canic-core/src/domain/policy/pure/authority_restore.rs:47;crates/canic-core/src/domain/policy/pure/authority_restore.rs:7;crates/canic-core/src/domain/policy/pure/fleet_activation.rs:284;crates/canic-core/src/domain/policy/pure/fleet_activation.rs:39;crates/canic-testing-internal/src/pic/fleet_coordinator/mod.rs:260;crates/canic-testing-internal/src/pic/fleet_registry/baseline.rs:105;crates/canic-testing-internal/src/pic/fleet_registry/baseline.rs:932;crates/canic/tests/protocol_surface.rs:2776	async fn canic_authority_snapshot_prepare( request: ::canic::dto::authority_restore::AuthoritySnapshotRequest, ) -> Result< ::canic::dto::authority_restore::AuthorityRestoreFenceStatusResponse, ::canic::Error, >	CoordinatorCommand::PrepareAuthoritySnapshot	crates/canic-testing-internal/src/pic/fleet_coordinator/mod.rs:260;crates/canic-testing-internal/src/pic/fleet_registry/baseline.rs:105;crates/canic-testing-internal/src/pic/fleet_registry/baseline.rs:932
fleet-coordinator	canic-owned	role-command-variant	canic_authority_snapshot_resume	update	canic_authority_snapshot_resume : (AuthoritySnapshotRequest) -> (Result);	crates/canic/src/macros/endpoints/shared.rs:33	always	#[$crate::canic_update(requires(caller::is_controller()))]	$crate::__internal::core::api::authority_restore::AuthorityRestoreApi::resume_snapshot(	update_response_idempotent	CANIC_AUTHORITY_SNAPSHOT_RESUME	crates/canic-core/src/domain/policy/pure/authority_restore.rs:31;crates/canic-core/src/domain/policy/pure/authority_restore.rs:48;crates/canic-core/src/domain/policy/pure/authority_restore.rs:7;crates/canic-core/src/domain/policy/pure/fleet_activation.rs:285;crates/canic-core/src/domain/policy/pure/fleet_activation.rs:40;crates/canic-testing-internal/src/pic/fleet_coordinator/mod.rs:274;crates/canic-testing-internal/src/pic/fleet_coordinator/mod.rs:305;crates/canic-testing-internal/src/pic/fleet_registry/baseline.rs:106;crates/canic-testing-internal/src/pic/fleet_registry/baseline.rs:900;crates/canic-testing-internal/src/pic/fleet_registry/baseline.rs:944;crates/canic/tests/protocol_surface.rs:2777	async fn canic_authority_snapshot_resume( request: ::canic::dto::authority_restore::AuthoritySnapshotRequest, ) -> Result< ::canic::dto::authority_restore::AuthorityRestoreFenceStatusResponse, ::canic::Error, >	CoordinatorCommand::ResumeAuthoritySnapshot	crates/canic-testing-internal/src/pic/fleet_coordinator/mod.rs:274;crates/canic-testing-internal/src/pic/fleet_coordinator/mod.rs:305;crates/canic-testing-internal/src/pic/fleet_registry/baseline.rs:106;crates/canic-testing-internal/src/pic/fleet_registry/baseline.rs:900;crates/canic-testing-internal/src/pic/fleet_registry/baseline.rs:944
fleet-coordinator	canic-owned	private-delete	canic_fleet_component_provisioning_advance	update	canic_fleet_component_provisioning_advance : ( FleetComponentProvisioningAdvanceRequest, ) -> (Result_1);	crates/canic/src/macros/endpoints/fleet_coordinator.rs:86	always	#[$crate::canic_update(requires(caller::is_controller()))]	$crate::__internal::control_plane::api::fleet_coordinator::FleetCoordinatorApi::advance_component_provisioning(	update_response_idempotent	CANIC_FLEET_COMPONENT_PROVISIONING_ADVANCE	crates/canic-core/src/replay_policy/tests/endpoint.rs:595;crates/canic-host/src/install_root/fleet_component_provisioning_install/mod.rs:190;crates/canic/tests/protocol_surface.rs:1055;crates/canic/tests/protocol_surface.rs:1056;crates/canic/tests/protocol_surface.rs:1057;crates/canic/tests/protocol_surface.rs:745;crates/canic/tests/protocol_surface.rs:746;crates/canic/tests/protocol_surface.rs:767	async fn canic_fleet_component_provisioning_advance( request: ::canic::dto::component_provisioning::FleetComponentProvisioningAdvanceRequest, ) -> Result<::canic::dto::component_provisioning::FleetComponentProvisioningStatusResponse, ::canic::Error>	none	crates/canic-host/src/install_root/fleet_component_provisioning_install/mod.rs:190
fleet-coordinator	canic-owned	role-command-variant	canic_fleet_component_provisioning_prepare	update	canic_fleet_component_provisioning_prepare : ( FleetComponentProvisioningPrepareRequest, ) -> (Result_1);	crates/canic/src/macros/endpoints/fleet_coordinator.rs:77	always	#[$crate::canic_update( requires(caller::is_controller()), payload(max_bytes = ::canic::__internal::core::control_plane_support::ops::component_provisioning_plan::MAX_FLEET_COMPONENT_PROVISIONING_PLAN_CANONICAL_BYTES) )]	$crate::__internal::control_plane::api::fleet_coordinator::FleetCoordinatorApi::prepare_component_provisioning(	update_response_idempotent	CANIC_FLEET_COMPONENT_PROVISIONING_PREPARE	crates/canic-core/src/replay_policy/tests/endpoint.rs:583;crates/canic-host/src/install_root/fleet_component_provisioning_install/mod.rs:160;crates/canic-testing-internal/src/pic/fleet_coordinator/mod.rs:227;crates/canic/tests/protocol_surface.rs:1060;crates/canic/tests/protocol_surface.rs:1061;crates/canic/tests/protocol_surface.rs:1062;crates/canic/tests/protocol_surface.rs:373;crates/canic/tests/protocol_surface.rs:737;crates/canic/tests/protocol_surface.rs:738;crates/canic/tests/protocol_surface.rs:757	async fn canic_fleet_component_provisioning_prepare( request: ::canic::dto::component_provisioning::FleetComponentProvisioningPrepareRequest, ) -> Result<::canic::dto::component_provisioning::FleetComponentProvisioningStatusResponse, ::canic::Error>	CoordinatorCommand::ProvisionComponents	crates/canic-host/src/install_root/fleet_component_provisioning_install/mod.rs:160;crates/canic-testing-internal/src/pic/fleet_coordinator/mod.rs:227
fleet-coordinator	canic-owned	role-status-variant	canic_fleet_component_provisioning_status	query	canic_fleet_component_provisioning_status : ( FleetComponentProvisioningStatusRequest, ) -> (Result_1) query;	crates/canic/src/macros/endpoints/fleet_coordinator.rs:95	always	#[$crate::canic_query(requires(caller::is_controller()))]	$crate::__internal::control_plane::api::fleet_coordinator::FleetCoordinatorApi::component_provisioning_status(	query_read_only	CANIC_FLEET_COMPONENT_PROVISIONING_STATUS	crates/canic-core/src/replay_policy/tests/endpoint.rs:607;crates/canic-host/src/install_root/fleet_component_provisioning_install/mod.rs:153;crates/canic-host/src/install_root/fleet_component_provisioning_install/mod.rs:176;crates/canic-testing-internal/src/pic/fleet_coordinator/mod.rs:243;crates/canic/tests/protocol_surface.rs:1065;crates/canic/tests/protocol_surface.rs:1066;crates/canic/tests/protocol_surface.rs:1067;crates/canic/tests/protocol_surface.rs:374;crates/canic/tests/protocol_surface.rs:741;crates/canic/tests/protocol_surface.rs:742;crates/canic/tests/protocol_surface.rs:809	async fn canic_fleet_component_provisioning_status( request: ::canic::dto::component_provisioning::FleetComponentProvisioningStatusRequest, ) -> Result<::canic::dto::component_provisioning::FleetComponentProvisioningStatusResponse, ::canic::Error>	CoordinatorStatusRequest::Operation	crates/canic-host/src/install_root/fleet_component_provisioning_install/mod.rs:153;crates/canic-host/src/install_root/fleet_component_provisioning_install/mod.rs:176;crates/canic-testing-internal/src/pic/fleet_coordinator/mod.rs:243
fleet-coordinator	canic-owned	role-status-variant	canic_fleet_registry	query	canic_fleet_registry : () -> (Result_2) query;	crates/canic/src/macros/endpoints/fleet_coordinator.rs:14	always	#[$crate::canic_query(requires(caller::is_controller()))]	$crate::__internal::control_plane::api::fleet_coordinator::FleetCoordinatorApi::registry()	query_read_only(mode-derived)	CANIC_FLEET_REGISTRY	crates/canic-cli/src/info_subnets/transport.rs:37;crates/canic-host/examples/empty_fleet_subnet_root_retirement.rs:292;crates/canic-host/examples/empty_fleet_subnet_root_retirement.rs:321;crates/canic-host/src/install_root/fleet_catalog_closeout/mod.rs:109;crates/canic-host/src/install_root/operations/registry.rs:26;crates/canic-testing-internal/src/pic/fleet_coordinator/mod.rs:166;crates/canic-testing-internal/src/pic/fleet_coordinator/mod.rs:463;crates/canic-testing-internal/src/pic/fleet_coordinator/mod.rs:667;crates/canic-testing-internal/src/pic/fleet_registry/baseline.rs:1429;crates/canic-testing-internal/src/pic/fleet_registry/baseline.rs:2198;crates/canic-testing-internal/src/pic/fleet_registry/baseline.rs:2363;crates/canic-testing-internal/src/pic/fleet_registry/baseline.rs:2464;crates/canic-testing-internal/src/pic/fleet_registry/baseline.rs:2484;crates/canic-testing-internal/src/pic/fleet_registry/baseline.rs:2660;crates/canic-testing-internal/src/pic/fleet_registry/baseline.rs:78;crates/canic-testing-internal/src/pic/fleet_registry/baseline.rs:803;crates/canic/tests/protocol_surface.rs:1025;crates/canic/tests/protocol_surface.rs:1026;crates/canic/tests/protocol_surface.rs:1027;crates/canic/tests/protocol_surface.rs:375	async fn canic_fleet_registry( ) -> Result<::canic::dto::fleet_registry::FleetRegistry, ::canic::Error>	CoordinatorStatusRequest::Registry	crates/canic-cli/src/info_subnets/transport.rs:37;crates/canic-host/examples/empty_fleet_subnet_root_retirement.rs:292;crates/canic-host/examples/empty_fleet_subnet_root_retirement.rs:321;crates/canic-host/src/install_root/fleet_catalog_closeout/mod.rs:109;crates/canic-host/src/install_root/operations/registry.rs:26;crates/canic-testing-internal/src/pic/fleet_coordinator/mod.rs:166;crates/canic-testing-internal/src/pic/fleet_coordinator/mod.rs:463;crates/canic-testing-internal/src/pic/fleet_coordinator/mod.rs:667;crates/canic-testing-internal/src/pic/fleet_registry/baseline.rs:1429;crates/canic-testing-internal/src/pic/fleet_registry/baseline.rs:2198;crates/canic-testing-internal/src/pic/fleet_registry/baseline.rs:2363;crates/canic-testing-internal/src/pic/fleet_registry/baseline.rs:2464;crates/canic-testing-internal/src/pic/fleet_registry/baseline.rs:2484;crates/canic-testing-internal/src/pic/fleet_registry/baseline.rs:2660;crates/canic-testing-internal/src/pic/fleet_registry/baseline.rs:78;crates/canic-testing-internal/src/pic/fleet_registry/baseline.rs:803
fleet-coordinator	canic-owned	role-command-variant	canic_fleet_registry_acknowledge_root	update	canic_fleet_registry_acknowledge_root : ( FleetSubnetRootSnapshotAcknowledgementRequest, ) -> (Result_3);	crates/canic/src/macros/endpoints/fleet_coordinator.rs:50	always	#[$crate::canic_update(public)]	$crate::__internal::control_plane::api::fleet_coordinator::FleetCoordinatorApi::acknowledge_calling_root_snapshot(	update_response_idempotent	CANIC_FLEET_REGISTRY_ACKNOWLEDGE_ROOT	crates/canic-control-plane/src/workflow/fleet_registry_mirror/mod.rs:297;crates/canic-testing-internal/src/pic/fleet_coordinator/mod.rs:380;crates/canic-testing-internal/src/pic/fleet_coordinator/mod.rs:389;crates/canic-testing-internal/src/pic/fleet_coordinator/mod.rs:398;crates/canic-testing-internal/src/pic/fleet_coordinator/mod.rs:648;crates/canic/tests/protocol_surface.rs:1045;crates/canic/tests/protocol_surface.rs:1046;crates/canic/tests/protocol_surface.rs:1047;crates/canic/tests/protocol_surface.rs:913	async fn canic_fleet_registry_acknowledge_root( request: ::canic::dto::fleet_registry::FleetSubnetRootSnapshotAcknowledgementRequest, ) -> Result<::canic::dto::fleet_registry::FleetSubnetRootSnapshotAcknowledgement, ::canic::Error>	CoordinatorCommand::AcknowledgeRootSnapshot	crates/canic-control-plane/src/workflow/fleet_registry_mirror/mod.rs:297;crates/canic-testing-internal/src/pic/fleet_coordinator/mod.rs:380;crates/canic-testing-internal/src/pic/fleet_coordinator/mod.rs:389;crates/canic-testing-internal/src/pic/fleet_coordinator/mod.rs:398;crates/canic-testing-internal/src/pic/fleet_coordinator/mod.rs:648
fleet-coordinator	canic-owned	role-command-variant	canic_fleet_registry_activate	update	canic_fleet_registry_activate : (FleetRegistryActivationRequest) -> ( Result_4, );	crates/canic/src/macros/endpoints/fleet_coordinator.rs:65	always	#[$crate::canic_update(requires(caller::is_controller()))]	$crate::__internal::control_plane::api::fleet_coordinator::FleetCoordinatorApi::activate_registry(	update_response_idempotent	CANIC_FLEET_REGISTRY_ACTIVATE	crates/canic-host/src/install_root/fleet_registry_activation/mod.rs:209;crates/canic-testing-internal/src/pic/fleet_coordinator/mod.rs:318;crates/canic-testing-internal/src/pic/fleet_coordinator/mod.rs:430;crates/canic-testing-internal/src/pic/fleet_coordinator/mod.rs:440;crates/canic-testing-internal/src/pic/fleet_coordinator/mod.rs:452;crates/canic-testing-internal/src/pic/fleet_coordinator/mod.rs:659;crates/canic-testing-internal/src/pic/fleet_registry/baseline.rs:2651;crates/canic-testing-internal/src/pic/fleet_registry/baseline.rs:79;crates/canic/tests/protocol_surface.rs:1050;crates/canic/tests/protocol_surface.rs:1051;crates/canic/tests/protocol_surface.rs:1052;crates/canic/tests/protocol_surface.rs:929	async fn canic_fleet_registry_activate( request: ::canic::dto::fleet_registry::FleetRegistryActivationRequest, ) -> Result<::canic::dto::fleet_registry::FleetRegistryActivationResponse, ::canic::Error>	CoordinatorCommand::ActivateRegistry	crates/canic-host/src/install_root/fleet_registry_activation/mod.rs:209;crates/canic-testing-internal/src/pic/fleet_coordinator/mod.rs:318;crates/canic-testing-internal/src/pic/fleet_coordinator/mod.rs:430;crates/canic-testing-internal/src/pic/fleet_coordinator/mod.rs:440;crates/canic-testing-internal/src/pic/fleet_coordinator/mod.rs:452;crates/canic-testing-internal/src/pic/fleet_coordinator/mod.rs:659;crates/canic-testing-internal/src/pic/fleet_registry/baseline.rs:2651;crates/canic-testing-internal/src/pic/fleet_registry/baseline.rs:79
fleet-coordinator	canic-owned	role-status-variant	canic_fleet_registry_manifest	query	canic_fleet_registry_manifest : () -> (Result_5) query;	crates/canic/src/macros/endpoints/fleet_coordinator.rs:20	always	#[$crate::canic_query(requires(caller::is_controller()))]	$crate::__internal::control_plane::api::fleet_coordinator::FleetCoordinatorApi::manifest()	query_read_only(mode-derived)	CANIC_FLEET_REGISTRY_MANIFEST	crates/canic-cli/src/info_subnets/transport.rs:41;crates/canic-host/src/install_root/fleet_catalog_closeout/mod.rs:113;crates/canic-host/src/install_root/operations/registry.rs:27;crates/canic/tests/protocol_surface.rs:1030;crates/canic/tests/protocol_surface.rs:1031;crates/canic/tests/protocol_surface.rs:1032;crates/canic/tests/protocol_surface.rs:376	async fn canic_fleet_registry_manifest( ) -> Result<::canic::dto::fleet_registry::FleetRegistryManifest, ::canic::Error>	CoordinatorStatusRequest::RegistryManifest	crates/canic-cli/src/info_subnets/transport.rs:41;crates/canic-host/src/install_root/fleet_catalog_closeout/mod.rs:113;crates/canic-host/src/install_root/operations/registry.rs:27
fleet-coordinator	canic-owned	private-delete	canic_fleet_registry_publish_root_draining	update	canic_fleet_registry_publish_root_draining : ( FleetSubnetRootDrainingPublicationRequest, ) -> (Result_6);	crates/canic/src/macros/endpoints/fleet_coordinator.rs:104	always	#[$crate::canic_update(requires(caller::is_controller()))]	$crate::__internal::control_plane::api::fleet_coordinator::FleetCoordinatorApi::publish_root_draining(	update_response_idempotent	CANIC_FLEET_REGISTRY_PUBLISH_ROOT_DRAINING	crates/canic-host/examples/empty_fleet_subnet_root_retirement.rs:257;crates/canic-testing-internal/src/pic/fleet_coordinator/mod.rs:556;crates/canic-testing-internal/src/pic/fleet_registry/baseline.rs:190;crates/canic-testing-internal/src/pic/fleet_registry/baseline.rs:2438;crates/canic-testing-internal/src/pic/fleet_registry/baseline.rs:2454;crates/canic/tests/protocol_surface.rs:1070;crates/canic/tests/protocol_surface.rs:1071;crates/canic/tests/protocol_surface.rs:1072;crates/canic/tests/protocol_surface.rs:936	async fn canic_fleet_registry_publish_root_draining( request: ::canic::dto::fleet_registry::FleetSubnetRootDrainingPublicationRequest, ) -> Result<::canic::dto::fleet_registry::FleetSubnetRootDrainingPublicationResponse, ::canic::Error>	none	crates/canic-host/examples/empty_fleet_subnet_root_retirement.rs:257;crates/canic-testing-internal/src/pic/fleet_coordinator/mod.rs:556;crates/canic-testing-internal/src/pic/fleet_registry/baseline.rs:190;crates/canic-testing-internal/src/pic/fleet_registry/baseline.rs:2438;crates/canic-testing-internal/src/pic/fleet_registry/baseline.rs:2454
fleet-coordinator	canic-owned	private-delete	canic_fleet_registry_publish_root_removed	update	canic_fleet_registry_publish_root_removed : ( FleetSubnetRootRemovalPublicationRequest, ) -> (Result_7);	crates/canic/src/macros/endpoints/fleet_coordinator.rs:114	always	#[$crate::canic_update(public)]	$crate::__internal::control_plane::api::fleet_coordinator::FleetCoordinatorApi::publish_root_removed(	update_response_idempotent	CANIC_FLEET_REGISTRY_PUBLISH_ROOT_REMOVED	crates/canic-control-plane/src/workflow/fleet_subnet_root.rs:977;crates/canic-core/src/replay_policy/tests/endpoint.rs:431;crates/canic-testing-internal/src/pic/fleet_coordinator/mod.rs:604;crates/canic/tests/protocol_surface.rs:1075;crates/canic/tests/protocol_surface.rs:1076;crates/canic/tests/protocol_surface.rs:1077;crates/canic/tests/protocol_surface.rs:944	async fn canic_fleet_registry_publish_root_removed( request: ::canic::dto::fleet_registry::FleetSubnetRootRemovalPublicationRequest, ) -> Result<::canic::dto::fleet_registry::FleetSubnetRootRemovalPublicationResponse, ::canic::Error>	none	crates/canic-control-plane/src/workflow/fleet_subnet_root.rs:977;crates/canic-testing-internal/src/pic/fleet_coordinator/mod.rs:604
fleet-coordinator	canic-owned	role-status-variant	canic_fleet_registry_root_acknowledgements	query	canic_fleet_registry_root_acknowledgements : () -> (Result_8) query;	crates/canic/src/macros/endpoints/fleet_coordinator.rs:59	always	#[$crate::canic_query(requires(caller::is_controller()))]	$crate::__internal::control_plane::api::fleet_coordinator::FleetCoordinatorApi::root_snapshot_acknowledgements()	query_read_only(mode-derived)	CANIC_FLEET_REGISTRY_ROOT_ACKNOWLEDGEMENTS	crates/canic-host/src/install_root/fleet_registry_activation/mod.rs:239;crates/canic-host/src/install_root/fleet_subnet_root_registry_sync/mod.rs:138;crates/canic-testing-internal/src/pic/fleet_coordinator/mod.rs:407;crates/canic-testing-internal/src/pic/fleet_registry/baseline.rs:2130;crates/canic-testing-internal/src/pic/fleet_registry/baseline.rs:80;crates/canic/tests/protocol_surface.rs:1080;crates/canic/tests/protocol_surface.rs:1081;crates/canic/tests/protocol_surface.rs:1082;crates/canic/tests/protocol_surface.rs:923	async fn canic_fleet_registry_root_acknowledgements( ) -> Result<Vec<::canic::dto::fleet_registry::FleetSubnetRootSnapshotAcknowledgement>, ::canic::Error>	CoordinatorStatusRequest::RootAcknowledgements	crates/canic-host/src/install_root/fleet_registry_activation/mod.rs:239;crates/canic-host/src/install_root/fleet_subnet_root_registry_sync/mod.rs:138;crates/canic-testing-internal/src/pic/fleet_coordinator/mod.rs:407;crates/canic-testing-internal/src/pic/fleet_registry/baseline.rs:2130;crates/canic-testing-internal/src/pic/fleet_registry/baseline.rs:80
fleet-coordinator	canic-owned	role-command-variant	canic_fleet_registry_root_deletion_complete	update	canic_fleet_registry_root_deletion_complete : ( FleetSubnetRootDeletionCompletionRequest, ) -> (Result_9);	crates/canic/src/macros/endpoints/fleet_coordinator.rs:151	always	#[$crate::canic_update(requires(caller::is_controller()))]	$crate::__internal::control_plane::api::fleet_coordinator::FleetCoordinatorApi::complete_root_deletion(request)	update_response_idempotent	CANIC_FLEET_REGISTRY_ROOT_DELETION_COMPLETE	crates/canic-core/src/replay_policy/tests/endpoint.rs:552;crates/canic-host/src/fleet_subnet_root_deletion/mod.rs:849;crates/canic/tests/protocol_surface.rs:663;crates/canic/tests/protocol_surface.rs:664;crates/canic/tests/protocol_surface.rs:700	async fn canic_fleet_registry_root_deletion_complete( request: ::canic::dto::fleet_registry::FleetSubnetRootDeletionCompletionRequest, ) -> Result<::canic::dto::fleet_registry::FleetSubnetRootDeletionResponse, ::canic::Error>	CoordinatorCommand::CompleteRootDeletion	crates/canic-host/src/fleet_subnet_root_deletion/mod.rs:849
fleet-coordinator	canic-owned	role-command-variant	canic_fleet_registry_root_deletion_execution_begin	update	canic_fleet_registry_root_deletion_execution_begin : ( FleetSubnetRootDeletionExecutionRequest, ) -> (Result_10);	crates/canic/src/macros/endpoints/fleet_coordinator.rs:137	always	#[$crate::canic_update(requires(caller::is_controller()))]	$crate::__internal::control_plane::api::fleet_coordinator::FleetCoordinatorApi::begin_root_deletion_execution(request)	update_response_idempotent	CANIC_FLEET_REGISTRY_ROOT_DELETION_EXECUTION_BEGIN	crates/canic-core/src/replay_policy/tests/endpoint.rs:551;crates/canic-host/src/fleet_subnet_root_deletion/mod.rs:836;crates/canic-testing-internal/src/pic/fleet_registry/baseline.rs:1814;crates/canic-testing-internal/src/pic/fleet_registry/baseline.rs:191;crates/canic/tests/protocol_surface.rs:655;crates/canic/tests/protocol_surface.rs:656;crates/canic/tests/protocol_surface.rs:698	async fn canic_fleet_registry_root_deletion_execution_begin( request: ::canic::dto::fleet_registry::FleetSubnetRootDeletionExecutionRequest, ) -> Result<::canic::dto::fleet_registry::FleetSubnetRootDeletionExecutionResponse, ::canic::Error>	CoordinatorCommand::PrepareRootDeletionExecution	crates/canic-host/src/fleet_subnet_root_deletion/mod.rs:836;crates/canic-testing-internal/src/pic/fleet_registry/baseline.rs:1814;crates/canic-testing-internal/src/pic/fleet_registry/baseline.rs:191
fleet-coordinator	canic-owned	role-status-variant	canic_fleet_registry_root_deletion_execution_status	query	canic_fleet_registry_root_deletion_execution_status : ( FleetSubnetRootDeletionStatusRequest, ) -> (Result_10) query;	crates/canic/src/macros/endpoints/fleet_coordinator.rs:144	always	#[$crate::canic_query(requires(caller::is_controller()))]	$crate::__internal::control_plane::api::fleet_coordinator::FleetCoordinatorApi::root_deletion_execution_status(request)	query_read_only	CANIC_FLEET_REGISTRY_ROOT_DELETION_EXECUTION_STATUS	crates/canic-core/src/replay_policy/tests/endpoint.rs:567;crates/canic-host/src/fleet_subnet_root_deletion/mod.rs:780;crates/canic-testing-internal/src/pic/fleet_registry/baseline.rs:1825;crates/canic-testing-internal/src/pic/fleet_registry/baseline.rs:192;crates/canic/tests/protocol_surface.rs:659;crates/canic/tests/protocol_surface.rs:660;crates/canic/tests/protocol_surface.rs:699	async fn canic_fleet_registry_root_deletion_execution_status( request: ::canic::dto::fleet_registry::FleetSubnetRootDeletionStatusRequest, ) -> Result<::canic::dto::fleet_registry::FleetSubnetRootDeletionExecutionResponse, ::canic::Error>	CoordinatorStatusRequest::Operation	crates/canic-host/src/fleet_subnet_root_deletion/mod.rs:780;crates/canic-testing-internal/src/pic/fleet_registry/baseline.rs:1825;crates/canic-testing-internal/src/pic/fleet_registry/baseline.rs:192
fleet-coordinator	canic-owned	private-delete	canic_fleet_registry_root_deletion_readiness_prepare	update	canic_fleet_registry_root_deletion_readiness_prepare : ( FleetSubnetRootDeletionReadinessIntentRequest, ) -> (Result_11);	crates/canic/src/macros/endpoints/fleet_coordinator.rs:123	always	#[$crate::canic_update(public)]	$crate::__internal::control_plane::api::fleet_coordinator::FleetCoordinatorApi::prepare_root_deletion_readiness(request)	update_response_idempotent	CANIC_FLEET_REGISTRY_ROOT_DELETION_READINESS_PREPARE	crates/canic-control-plane/src/workflow/fleet_subnet_root.rs:1181;crates/canic-core/src/replay_policy/tests/endpoint.rs:549;crates/canic/tests/protocol_surface.rs:647;crates/canic/tests/protocol_surface.rs:648;crates/canic/tests/protocol_surface.rs:689	async fn canic_fleet_registry_root_deletion_readiness_prepare( request: ::canic::dto::fleet_registry::FleetSubnetRootDeletionReadinessIntentRequest, ) -> Result<::canic::dto::fleet_registry::FleetSubnetRootDeletionReadinessIntentResponse, ::canic::Error>	none	crates/canic-control-plane/src/workflow/fleet_subnet_root.rs:1181
fleet-coordinator	canic-owned	private-delete	canic_fleet_registry_root_deletion_ready	update	canic_fleet_registry_root_deletion_ready : ( FleetSubnetRootDeletionReadinessRequest, ) -> (Result_12);	crates/canic/src/macros/endpoints/fleet_coordinator.rs:130	always	#[$crate::canic_update(public)]	$crate::__internal::control_plane::api::fleet_coordinator::FleetCoordinatorApi::record_root_deletion_readiness(request)	update_response_idempotent	CANIC_FLEET_REGISTRY_ROOT_DELETION_READY	crates/canic-control-plane/src/workflow/fleet_subnet_root.rs:1196;crates/canic-core/src/replay_policy/tests/endpoint.rs:550;crates/canic/tests/protocol_surface.rs:651;crates/canic/tests/protocol_surface.rs:652;crates/canic/tests/protocol_surface.rs:690	async fn canic_fleet_registry_root_deletion_ready( request: ::canic::dto::fleet_registry::FleetSubnetRootDeletionReadinessRequest, ) -> Result<::canic::dto::fleet_registry::FleetSubnetRootDeletionReadinessResponse, ::canic::Error>	none	crates/canic-control-plane/src/workflow/fleet_subnet_root.rs:1196
fleet-coordinator	canic-owned	role-status-variant	canic_fleet_registry_root_deletion_status	query	canic_fleet_registry_root_deletion_status : ( FleetSubnetRootDeletionStatusRequest, ) -> (Result_9) query;	crates/canic/src/macros/endpoints/fleet_coordinator.rs:158	always	#[$crate::canic_query(requires(caller::is_controller()))]	$crate::__internal::control_plane::api::fleet_coordinator::FleetCoordinatorApi::root_deletion_status(request)	query_read_only	CANIC_FLEET_REGISTRY_ROOT_DELETION_STATUS	crates/canic-core/src/replay_policy/tests/endpoint.rs:568;crates/canic-host/src/fleet_subnet_root_deletion/mod.rs:754;crates/canic/tests/protocol_surface.rs:667;crates/canic/tests/protocol_surface.rs:668;crates/canic/tests/protocol_surface.rs:701	async fn canic_fleet_registry_root_deletion_status( request: ::canic::dto::fleet_registry::FleetSubnetRootDeletionStatusRequest, ) -> Result<::canic::dto::fleet_registry::FleetSubnetRootDeletionResponse, ::canic::Error>	CoordinatorStatusRequest::Operation	crates/canic-host/src/fleet_subnet_root_deletion/mod.rs:754
fleet-coordinator	canic-owned	role-command-variant	canic_fleet_registry_root_draining_reservation_prepare	update	canic_fleet_registry_root_draining_reservation_prepare : ( FleetSubnetRootDrainingReservationRequest, ) -> (Result_13);	crates/canic/src/macros/endpoints/fleet_coordinator.rs:165	always	#[$crate::canic_update(requires(caller::is_controller()))]	$crate::__internal::control_plane::api::fleet_coordinator::FleetCoordinatorApi::prepare_root_draining_reservation(request)	update_response_idempotent	CANIC_FLEET_REGISTRY_ROOT_DRAINING_RESERVATION_PREPARE	crates/canic-host/examples/empty_fleet_subnet_root_retirement.rs:304;crates/canic-testing-internal/src/pic/fleet_coordinator/mod.rs:544;crates/canic-testing-internal/src/pic/fleet_registry/baseline.rs:193;crates/canic-testing-internal/src/pic/fleet_registry/baseline.rs:2375;crates/canic/tests/protocol_surface.rs:1085;crates/canic/tests/protocol_surface.rs:1086;crates/canic/tests/protocol_surface.rs:1087;crates/canic/tests/protocol_surface.rs:988	async fn canic_fleet_registry_root_draining_reservation_prepare( request: ::canic::dto::fleet_registry::FleetSubnetRootDrainingReservationRequest, ) -> Result<::canic::dto::fleet_registry::FleetSubnetRootDrainingReservationResponse, ::canic::Error>	CoordinatorCommand::RemoveRoot	crates/canic-host/examples/empty_fleet_subnet_root_retirement.rs:304;crates/canic-testing-internal/src/pic/fleet_coordinator/mod.rs:544;crates/canic-testing-internal/src/pic/fleet_registry/baseline.rs:193;crates/canic-testing-internal/src/pic/fleet_registry/baseline.rs:2375
fleet-coordinator	canic-owned	private-delete	canic_fleet_registry_root_draining_reservation_status	update	canic_fleet_registry_root_draining_reservation_status : ( FleetSubnetRootDeletionStatusRequest, ) -> (Result_13);	crates/canic/src/macros/endpoints/fleet_coordinator.rs:172	always	#[$crate::canic_update(public)]	$crate::__internal::control_plane::api::fleet_coordinator::FleetCoordinatorApi::root_draining_reservation_status(request)	update_read_only	CANIC_FLEET_REGISTRY_ROOT_DRAINING_RESERVATION_STATUS	crates/canic-control-plane/src/workflow/fleet_subnet_root.rs:295;crates/canic-core/src/replay_policy/tests/endpoint.rs:172;crates/canic-host/examples/empty_fleet_subnet_root_retirement.rs:274;crates/canic/tests/protocol_surface.rs:1090;crates/canic/tests/protocol_surface.rs:1091;crates/canic/tests/protocol_surface.rs:1092;crates/canic/tests/protocol_surface.rs:996	async fn canic_fleet_registry_root_draining_reservation_status( request: ::canic::dto::fleet_registry::FleetSubnetRootDrainingReservationStatusRequest, ) -> Result<::canic::dto::fleet_registry::FleetSubnetRootDrainingReservationResponse, ::canic::Error>	none	crates/canic-control-plane/src/workflow/fleet_subnet_root.rs:295;crates/canic-host/examples/empty_fleet_subnet_root_retirement.rs:274
fleet-coordinator	canic-owned	role-status-variant	canic_fleet_registry_snapshot_for_root	update	canic_fleet_registry_snapshot_for_root : () -> (Result_14);	crates/canic/src/macros/endpoints/fleet_coordinator.rs:44	always	#[$crate::canic_update(public)]	$crate::__internal::control_plane::api::fleet_coordinator::FleetCoordinatorApi::snapshot_for_calling_root()	update_read_only	CANIC_FLEET_REGISTRY_SNAPSHOT_FOR_ROOT	crates/canic-control-plane/src/workflow/fleet_registry_mirror/mod.rs:284;crates/canic-testing-internal/src/pic/fleet_coordinator/mod.rs:350;crates/canic-testing-internal/src/pic/fleet_coordinator/mod.rs:362;crates/canic-testing-internal/src/pic/fleet_coordinator/mod.rs:495;crates/canic-testing-internal/src/pic/fleet_coordinator/mod.rs:509;crates/canic/tests/protocol_surface.rs:1040;crates/canic/tests/protocol_surface.rs:1041;crates/canic/tests/protocol_surface.rs:1042;crates/canic/tests/protocol_surface.rs:912	async fn canic_fleet_registry_snapshot_for_root( ) -> Result<::canic::dto::fleet_registry::FleetRegistrySnapshotResponse, ::canic::Error>	CoordinatorStatusRequest::Registry	crates/canic-control-plane/src/workflow/fleet_registry_mirror/mod.rs:284;crates/canic-testing-internal/src/pic/fleet_coordinator/mod.rs:350;crates/canic-testing-internal/src/pic/fleet_coordinator/mod.rs:362;crates/canic-testing-internal/src/pic/fleet_coordinator/mod.rs:495;crates/canic-testing-internal/src/pic/fleet_coordinator/mod.rs:509
fleet-coordinator	canic-owned	role-status-variant	canic_fleet_registry_version	query	canic_fleet_registry_version : () -> (Result_15) query;	crates/canic/src/macros/endpoints/fleet_coordinator.rs:26	always	#[$crate::canic_query(requires(caller::is_controller()))]	$crate::__internal::control_plane::api::fleet_coordinator::FleetCoordinatorApi::version()	query_read_only(mode-derived)	CANIC_FLEET_REGISTRY_VERSION	crates/canic-cli/src/info_subnets/transport.rs:46;crates/canic-host/examples/empty_fleet_subnet_root_retirement.rs:251;crates/canic-host/examples/empty_fleet_subnet_root_retirement.rs:286;crates/canic-host/src/install_root/fleet_catalog_closeout/mod.rs:118;crates/canic-host/src/install_root/operations/registry.rs:28;crates/canic-testing-internal/src/pic/fleet_coordinator/mod.rs:121;crates/canic-testing-internal/src/pic/fleet_coordinator/mod.rs:334;crates/canic-testing-internal/src/pic/fleet_coordinator/mod.rs:620;crates/canic-testing-internal/src/pic/fleet_registry/baseline.rs:2073;crates/canic-testing-internal/src/pic/fleet_registry/baseline.rs:2273;crates/canic-testing-internal/src/pic/fleet_registry/baseline.rs:2303;crates/canic-testing-internal/src/pic/fleet_registry/baseline.rs:82;crates/canic-testing-internal/src/pic/fleet_registry/baseline.rs:851;crates/canic/tests/protocol_surface.rs:1035;crates/canic/tests/protocol_surface.rs:1036;crates/canic/tests/protocol_surface.rs:1037;crates/canic/tests/protocol_surface.rs:377	async fn canic_fleet_registry_version( ) -> Result<::canic::dto::fleet_registry::FleetRegistryVersion, ::canic::Error>	CoordinatorStatusRequest::RegistryVersion	crates/canic-cli/src/info_subnets/transport.rs:46;crates/canic-host/examples/empty_fleet_subnet_root_retirement.rs:251;crates/canic-host/examples/empty_fleet_subnet_root_retirement.rs:286;crates/canic-host/src/install_root/fleet_catalog_closeout/mod.rs:118;crates/canic-host/src/install_root/operations/registry.rs:28;crates/canic-testing-internal/src/pic/fleet_coordinator/mod.rs:121;crates/canic-testing-internal/src/pic/fleet_coordinator/mod.rs:334;crates/canic-testing-internal/src/pic/fleet_coordinator/mod.rs:620;crates/canic-testing-internal/src/pic/fleet_registry/baseline.rs:2073;crates/canic-testing-internal/src/pic/fleet_registry/baseline.rs:2273;crates/canic-testing-internal/src/pic/fleet_registry/baseline.rs:2303;crates/canic-testing-internal/src/pic/fleet_registry/baseline.rs:82;crates/canic-testing-internal/src/pic/fleet_registry/baseline.rs:851
fleet-coordinator	canic-owned	role-command-variant	canic_fleet_subnet_root_join	update	canic_fleet_subnet_root_join : (FleetSubnetRootJoinRequest) -> (Result_16);	crates/canic/src/macros/endpoints/fleet_coordinator.rs:35	always	#[$crate::canic_update( requires(caller::is_controller()), payload(max_bytes = ::canic::__internal::core::control_plane_support::ops::fleet_registry::MAX_FLEET_REGISTRY_CANONICAL_BYTES) )]	$crate::__internal::control_plane::api::fleet_coordinator::FleetCoordinatorApi::join_root(	update_response_idempotent	CANIC_FLEET_SUBNET_ROOT_JOIN	crates/canic-host/src/install_root/fleet_subnet_root_registry_join/mod.rs:157;crates/canic-testing-internal/src/pic/fleet_coordinator/mod.rs:131;crates/canic-testing-internal/src/pic/fleet_coordinator/mod.rs:145;crates/canic-testing-internal/src/pic/fleet_coordinator/mod.rs:155;crates/canic-testing-internal/src/pic/fleet_coordinator/mod.rs:178;crates/canic-testing-internal/src/pic/fleet_coordinator/mod.rs:625;crates/canic-testing-internal/src/pic/fleet_coordinator/mod.rs:635;crates/canic-testing-internal/src/pic/fleet_registry/baseline.rs:2089;crates/canic-testing-internal/src/pic/fleet_registry/baseline.rs:83;crates/canic/tests/protocol_surface.rs:378;crates/canic/tests/protocol_surface.rs:714;crates/canic/tests/protocol_surface.rs:715;crates/canic/tests/protocol_surface.rs:718;crates/canic/tests/protocol_surface.rs:719;crates/canic/tests/protocol_surface.rs:725	async fn canic_fleet_subnet_root_join( request: ::canic::dto::fleet_registry::FleetSubnetRootJoinRequest, ) -> Result<::canic::dto::fleet_registry::FleetSubnetRootJoinResponse, ::canic::Error>	CoordinatorCommand::JoinRoot	crates/canic-host/src/install_root/fleet_subnet_root_registry_join/mod.rs:157;crates/canic-testing-internal/src/pic/fleet_coordinator/mod.rs:131;crates/canic-testing-internal/src/pic/fleet_coordinator/mod.rs:145;crates/canic-testing-internal/src/pic/fleet_coordinator/mod.rs:155;crates/canic-testing-internal/src/pic/fleet_coordinator/mod.rs:178;crates/canic-testing-internal/src/pic/fleet_coordinator/mod.rs:625;crates/canic-testing-internal/src/pic/fleet_coordinator/mod.rs:635;crates/canic-testing-internal/src/pic/fleet_registry/baseline.rs:2089;crates/canic-testing-internal/src/pic/fleet_registry/baseline.rs:83
wasm-store	canic-owned	role-command-variant	canic_activate_fleet	update	canic_activate_fleet : (FleetActivationRequest) -> (Result);	crates/canic/src/macros/endpoints/nonroot.rs:55	always	#[$crate::canic_update(internal, requires(caller::is_root()))]	$crate::__internal::core::api::fleet_activation::FleetActivationApi::activate_nonroot(request)?;	update_response_idempotent	CANIC_ACTIVATE_FLEET	crates/canic-core/src/domain/policy/pure/fleet_activation.rs:10;crates/canic-core/src/domain/policy/pure/fleet_activation.rs:355;crates/canic-core/src/domain/policy/pure/fleet_activation.rs:78;crates/canic-core/src/workflow/runtime/fleet_activation.rs:266;crates/canic-core/src/workflow/runtime/fleet_activation.rs:364;crates/canic/tests/protocol_surface.rs:1744;crates/canic/tests/protocol_surface.rs:344	async fn canic_activate_fleet( request: ::canic::dto::fleet_activation::FleetActivationRequest, ) -> Result<::canic::dto::fleet_activation::FleetActivationStatusResponse, ::canic::Error>	StoreCommand::ActivateFleet	crates/canic-core/src/workflow/runtime/fleet_activation.rs:266;crates/canic-core/src/workflow/runtime/fleet_activation.rs:364
wasm-store	canic-owned	role-status-variant	canic_bootstrap_status	query	canic_bootstrap_status : () -> (BootstrapStatusResponse) query;	crates/canic/src/macros/endpoints/shared.rs:62	always	#[$crate::canic_query(internal, public)]	$crate::__internal::core::api::ready::ReadyApi::bootstrap_status()	query_read_only(mode-derived)	missing	apps/skynet/console/src/lib.rs:69;apps/skynet/memory_cell/src/lib.rs:78;apps/skynet/node/src/lib.rs:115;apps/skynet/root/src/lib.rs:54;apps/skynet/t800/src/lib.rs:77;crates/canic-core/src/api/runtime/mod.rs:134;crates/canic-core/src/ops/runtime/bootstrap.rs:105;crates/canic-core/src/ops/runtime/bootstrap.rs:162	fn canic_bootstrap_status() -> ::canic::dto::state::BootstrapStatusResponse	StoreStatusRequest::Overview	none
wasm-store	canic-owned	role-status-variant	canic_cycle_balance	query	canic_cycle_balance : () -> (Result_1) query;	crates/canic/src/macros/endpoints/shared.rs:52	always	#[$crate::canic_query(public)]	Ok($crate::__internal::cdk::api::canister_cycle_balance())	query_read_only(mode-derived)	CANIC_CYCLE_BALANCE	apps/skynet/console/src/lib.rs:80;crates/canic-host/src/cycle_balance/mod.rs:41;crates/canic-host/src/cycle_balance/mod.rs:56;crates/canic-host/src/replica_query/mod.rs:103;crates/canic-host/src/replica_query/mod.rs:109;crates/canic-testing-internal/src/pic/fleet_registry/baseline.rs:1854;crates/canic-testing-internal/src/pic/fleet_registry/baseline.rs:190	fn canic_cycle_balance() -> Result<u128, ::canic::Error>	StoreStatusRequest::CycleBalance	crates/canic-host/src/cycle_balance/mod.rs:41;crates/canic-host/src/cycle_balance/mod.rs:56;crates/canic-host/src/replica_query/mod.rs:103;crates/canic-host/src/replica_query/mod.rs:109;crates/canic-testing-internal/src/pic/fleet_registry/baseline.rs:1854;crates/canic-testing-internal/src/pic/fleet_registry/baseline.rs:190
wasm-store	canic-owned	private-delete	canic_cycle_topups	query	canic_cycle_topups : (PageRequest) -> (Result_2) query;	crates/canic/src/macros/endpoints/cycles.rs:20	always	#[$crate::canic_query(public)]	Ok($crate::__internal::core::api::cycles::CycleTrackerQuery::topups(page))	query_read_only(mode-derived)	CANIC_CYCLE_TOPUPS	apps/skynet/console/src/lib.rs:82;crates/canic-cli/src/cycles/transport.rs:399;crates/canic-cli/src/cycles/transport.rs:406;crates/canic/tests/protocol_surface.rs:276;crates/canic/tests/protocol_surface.rs:277	fn canic_cycle_topups( page: ::canic::dto::page::PageRequest, ) -> Result<::canic::dto::page::Page<::canic::dto::cycles::CycleTopupEvent>, ::canic::Error>	none	none
wasm-store	canic-owned	role-status-variant	canic_cycle_tracker	query	canic_cycle_tracker : (PageRequest) -> (Result_3) query;	crates/canic/src/macros/endpoints/cycles.rs:12	always	#[$crate::canic_query(public)]	Ok($crate::__internal::core::api::cycles::CycleTrackerQuery::page(page))	query_read_only(mode-derived)	CANIC_CYCLE_TRACKER	apps/skynet/console/src/lib.rs:88;crates/canic-cli/src/cycles/transport.rs:431;crates/canic-cli/src/cycles/transport.rs:438;crates/canic-cli/src/cycles/transport.rs:575;crates/canic/tests/protocol_surface.rs:270;crates/canic/tests/protocol_surface.rs:271	fn canic_cycle_tracker( page: ::canic::dto::page::PageRequest, ) -> Result<::canic::dto::page::Page<::canic::dto::cycles::CycleTrackerEntry>, ::canic::Error>	StoreStatusRequest::CycleHistory	crates/canic-cli/src/cycles/transport.rs:431;crates/canic-cli/src/cycles/transport.rs:438;crates/canic-cli/src/cycles/transport.rs:575
wasm-store	canic-owned	role-status-variant	canic_fleet_activation_status	query	canic_fleet_activation_status : () -> (Result) query;	crates/canic/src/macros/endpoints/shared.rs:67	always	#[$crate::canic_query(requires(caller::is_controller()))]	$crate::__internal::core::api::fleet_activation::FleetActivationApi::status()	query_read_only(mode-derived)	CANIC_FLEET_ACTIVATION_STATUS	apps/skynet/console/src/lib.rs:94;crates/canic-core/src/domain/policy/pure/fleet_activation.rs:12;crates/canic-core/src/domain/policy/pure/fleet_activation.rs:142;crates/canic-core/src/domain/policy/pure/fleet_activation.rs:179;crates/canic-core/src/domain/policy/pure/fleet_activation.rs:290;crates/canic-core/src/domain/policy/pure/fleet_activation.rs:317;crates/canic-core/src/domain/policy/pure/fleet_activation.rs:335;crates/canic-core/src/domain/policy/pure/fleet_activation.rs:373;crates/canic-core/src/workflow/runtime/fleet_activation.rs:403;crates/canic-host/src/install_root/fleet_subnet_root_install/mod.rs:429;crates/canic-testing-internal/src/pic/canic.rs:367;crates/canic-testing-internal/src/pic/fleet_registry/baseline.rs:2210;crates/canic-testing-internal/src/pic/fleet_registry/baseline.rs:3342;crates/canic-testing-internal/src/pic/fleet_registry/baseline.rs:3410;crates/canic-testing-internal/src/pic/fleet_registry/baseline.rs:4191;crates/canic-testing-internal/src/pic/fleet_registry/baseline.rs:78;crates/canic-tests/tests/lifecycle_boundary.rs:8;crates/canic-tests/tests/lifecycle_boundary.rs:94;crates/canic/tests/endpoint_macro.rs:40;crates/canic/tests/endpoint_macro.rs:42;crates/canic/tests/endpoint_macro.rs:43;crates/canic/tests/protocol_surface.rs:339;crates/canic/tests/protocol_surface.rs:390;crates/canic/tests/protocol_surface.rs:391;crates/canic/tests/protocol_surface.rs:397	async fn canic_fleet_activation_status() -> Result<::canic::dto::fleet_activation::FleetActivationStatusResponse, ::canic::Error>	StoreStatusRequest::Operation	crates/canic-core/src/workflow/runtime/fleet_activation.rs:403;crates/canic-host/src/install_root/fleet_subnet_root_install/mod.rs:429;crates/canic-testing-internal/src/pic/canic.rs:367;crates/canic-testing-internal/src/pic/fleet_registry/baseline.rs:2210;crates/canic-testing-internal/src/pic/fleet_registry/baseline.rs:3342;crates/canic-testing-internal/src/pic/fleet_registry/baseline.rs:3410;crates/canic-testing-internal/src/pic/fleet_registry/baseline.rs:4191;crates/canic-testing-internal/src/pic/fleet_registry/baseline.rs:78;crates/canic-tests/tests/lifecycle_boundary.rs:8;crates/canic-tests/tests/lifecycle_boundary.rs:94
wasm-store	canic-owned	role-status-variant	canic_managed_canister_binding	query	canic_managed_canister_binding : () -> (Result_4) query;	crates/canic/src/macros/endpoints/shared.rs:73	always	#[$crate::canic_query(requires(caller::is_controller()))]	$crate::__internal::core::api::lifecycle::nonroot::LifecycleApi::managed_binding()	query_read_only	CANIC_MANAGED_CANISTER_BINDING	apps/skynet/console/src/lib.rs:142;crates/canic-control-plane/src/workflow/component_registry/mod.rs:4417;crates/canic-core/src/domain/policy/pure/fleet_activation.rs:16;crates/canic-core/src/domain/policy/pure/fleet_activation.rs:336;crates/canic-core/src/domain/policy/pure/fleet_activation.rs:65;crates/canic-testing-internal/src/pic/fleet_registry/baseline.rs:3145	async fn canic_managed_canister_binding() -> Result<::canic::ids::ManagedCanisterBinding, ::canic::Error>	StoreStatusRequest::Authority	crates/canic-control-plane/src/workflow/component_registry/mod.rs:4417;crates/canic-testing-internal/src/pic/fleet_registry/baseline.rs:3145
wasm-store	canic-owned	role-status-variant	canic_metadata	query	canic_metadata : () -> (CanicMetadataResponse) query;	crates/canic/src/macros/endpoints/shared.rs:144	always	#[$crate::canic_query(internal, public)]	$crate::__internal::core::api::metadata::CanicMetadataApi::metadata_for(	query_read_only(mode-derived)	CANIC_METADATA	apps/skynet/console/src/lib.rs:101;crates/canic-cli/src/apps/adoption_report.rs:162;crates/canic-cli/src/apps/adoption_report.rs:173;crates/canic-cli/src/apps/adoption_report.rs:177;crates/canic-cli/src/list/live/mod.rs:6;crates/canic-host/src/canic_metadata/mod.rs:1;crates/canic-host/src/canic_metadata/mod.rs:31;crates/canic-host/src/canic_metadata/mod.rs:39;crates/canic-host/src/lib.rs:13;crates/canic-host/src/release_set/config/mutation/rename.rs:280;crates/canic-host/src/release_set/config/mutation/rename.rs:290;crates/canic-host/src/release_set/config/mutation/rename.rs:293	fn canic_metadata() -> ::canic::dto::metadata::CanicMetadataResponse	StoreStatusRequest::Overview	crates/canic-cli/src/apps/adoption_report.rs:162;crates/canic-cli/src/apps/adoption_report.rs:173;crates/canic-cli/src/apps/adoption_report.rs:177;crates/canic-cli/src/list/live/mod.rs:6;crates/canic-host/src/canic_metadata/mod.rs:1;crates/canic-host/src/canic_metadata/mod.rs:31;crates/canic-host/src/canic_metadata/mod.rs:39;crates/canic-host/src/lib.rs:13;crates/canic-host/src/release_set/config/mutation/rename.rs:280;crates/canic-host/src/release_set/config/mutation/rename.rs:290;crates/canic-host/src/release_set/config/mutation/rename.rs:293
wasm-store	canic-owned	role-command-variant	canic_prepare_fleet_credential_generation	update	canic_prepare_fleet_credential_generation : ( FleetCredentialGenerationRequest, ) -> (Result);	crates/canic/src/macros/endpoints/nonroot.rs:48	always	#[$crate::canic_update(internal, requires(caller::is_root()))]	$crate::__internal::core::api::fleet_activation::FleetActivationApi::prepare_nonroot_credential_generation(request)	update_monotonic_transition	CANIC_PREPARE_FLEET_CREDENTIAL_GENERATION	crates/canic-core/src/domain/policy/pure/fleet_activation.rs:17;crates/canic-core/src/domain/policy/pure/fleet_activation.rs:352;crates/canic-core/src/domain/policy/pure/fleet_activation.rs:77;crates/canic-core/src/workflow/runtime/fleet_activation.rs:235;crates/canic-core/src/workflow/runtime/fleet_activation.rs:334;crates/canic/tests/protocol_surface.rs:1743;crates/canic/tests/protocol_surface.rs:343	async fn canic_prepare_fleet_credential_generation( request: ::canic::dto::fleet_activation::FleetCredentialGenerationRequest, ) -> Result<::canic::dto::fleet_activation::FleetActivationStatusResponse, ::canic::Error>	StoreCommand::PrepareFleetCredential	crates/canic-core/src/workflow/runtime/fleet_activation.rs:235;crates/canic-core/src/workflow/runtime/fleet_activation.rs:334
wasm-store	canic-owned	role-status-variant	canic_ready	query	canic_ready : () -> (bool) query;	crates/canic/src/macros/endpoints/shared.rs:57	always	#[$crate::canic_query(internal, public)]	$crate::__internal::core::api::ready::ReadyApi::is_ready()	query_read_only(mode-derived)	CANIC_READY	apps/skynet/console/src/lib.rs:107;apps/skynet/console/src/tests.rs:41;apps/skynet/memory_cell/src/lib.rs:72;apps/skynet/node/src/lib.rs:112;apps/skynet/root/src/lib.rs:51;apps/skynet/root/src/lib.rs:52;apps/skynet/t800/src/lib.rs:71;crates/canic-cli/src/medic/tests.rs:1122;crates/canic-host/src/candid_endpoints/tests.rs:18;crates/canic-host/src/candid_endpoints/tests.rs:20;crates/canic-host/src/candid_endpoints/tests.rs:21;crates/canic-host/src/candid_endpoints/tests.rs:32;crates/canic-host/src/candid_endpoints/tests.rs:33;crates/canic-host/src/candid_endpoints/tests.rs:6;crates/canic-host/src/canister_ready/mod.rs:15;crates/canic-host/src/canister_ready/mod.rs:37;crates/canic-host/src/canister_ready/mod.rs:52;crates/canic-host/src/replica_query/cbor/tests.rs:5;crates/canic-host/src/replica_query/mod.rs:93;crates/canic-host/src/replica_query/mod.rs:99;crates/canic-testing-internal/src/pic/canic.rs:258;crates/canic-testing-internal/src/pic/canic.rs:269;crates/canic-testing-internal/src/pic/canic.rs:363;crates/canic-testing-internal/src/pic/canic.rs:377;crates/canic-testing-internal/src/pic/canic.rs:378;crates/canic-testing-internal/src/pic/canic.rs:73;crates/canic-testing-internal/src/pic/canic.rs:76;crates/canic-testing-internal/src/pic/root/topology.rs:128;crates/canic-testing-internal/src/pic/root/topology.rs:133;crates/canic-tests/tests/lifecycle_boundary.rs:101;crates/canic-tests/tests/lifecycle_boundary.rs:8	fn canic_ready() -> bool	StoreStatusRequest::Overview	crates/canic-host/src/canister_ready/mod.rs:15;crates/canic-host/src/canister_ready/mod.rs:37;crates/canic-host/src/canister_ready/mod.rs:52;crates/canic-host/src/replica_query/mod.rs:93;crates/canic-host/src/replica_query/mod.rs:99;crates/canic-testing-internal/src/pic/canic.rs:258;crates/canic-testing-internal/src/pic/canic.rs:269;crates/canic-testing-internal/src/pic/canic.rs:363;crates/canic-testing-internal/src/pic/canic.rs:377;crates/canic-testing-internal/src/pic/canic.rs:378;crates/canic-testing-internal/src/pic/canic.rs:73;crates/canic-testing-internal/src/pic/canic.rs:76;crates/canic-testing-internal/src/pic/root/topology.rs:128;crates/canic-testing-internal/src/pic/root/topology.rs:133;crates/canic-tests/tests/lifecycle_boundary.rs:101;crates/canic-tests/tests/lifecycle_boundary.rs:8
wasm-store	canic-owned	role-command-variant	canic_response_capability_v1	update	canic_response_capability_v1 : (NonrootCyclesCapabilityEnvelopeV1) -> ( Result_5, );	crates/canic/src/macros/endpoints/shared.rs:282	#[cfg(not(canic_is_root))]	#[$crate::canic_update(internal, public)]	$crate::__internal::core::api::rpc::RpcApi::response_capability_v1_nonroot(envelope)	update_command_dispatch	CANIC_RESPONSE_CAPABILITY_V1	canisters/test/sharding_root_stub/src/lib.rs:60;crates/canic-cli/src/endpoints/tests.rs:27;crates/canic-cli/src/endpoints/tests.rs:28;crates/canic-cli/src/endpoints/tests.rs:43;crates/canic-core/src/ops/rpc/mod.rs:146;crates/canic-core/src/ops/rpc/mod.rs:165;crates/canic-core/src/replay_policy/tests/root_capability.rs:25;crates/canic-tests/tests/instruction_audit_support/execution.rs:260;crates/canic-tests/tests/instruction_audit_support/execution.rs:317;crates/canic-tests/tests/instruction_audit_support/execution.rs:318;crates/canic-tests/tests/instruction_audit_support/execution.rs:730;crates/canic-tests/tests/instruction_audit_support/report.rs:518;crates/canic-tests/tests/instruction_audit_support/report.rs:591;crates/canic-tests/tests/instruction_audit_support/report.rs:675;crates/canic-tests/tests/instruction_audit_support/scenarios.rs:108;crates/canic-tests/tests/instruction_audit_support/scenarios.rs:110;crates/canic-tests/tests/instruction_audit_support/scenarios.rs:113;crates/canic-tests/tests/instruction_audit_support/scenarios.rs:124;crates/canic-tests/tests/instruction_audit_support/scenarios.rs:126;crates/canic-tests/tests/instruction_audit_support/scenarios.rs:129;crates/canic-tests/tests/instruction_audit_support/scenarios.rs:264;crates/canic-tests/tests/instruction_audit_support/scenarios.rs:265;crates/canic/tests/protocol_surface.rs:184;crates/canic/tests/protocol_surface.rs:185;crates/canic/tests/protocol_surface.rs:190	async fn canic_response_capability_v1( envelope: ::canic::dto::capability::NonrootCyclesCapabilityEnvelopeV1, ) -> Result<::canic::dto::capability::NonrootCyclesCapabilityResponseV1, ::canic::Error>	StoreCommand::RespondCapability	crates/canic-core/src/ops/rpc/mod.rs:146;crates/canic-core/src/ops/rpc/mod.rs:165;crates/canic-tests/tests/instruction_audit_support/execution.rs:260;crates/canic-tests/tests/instruction_audit_support/execution.rs:317;crates/canic-tests/tests/instruction_audit_support/execution.rs:318;crates/canic-tests/tests/instruction_audit_support/execution.rs:730;crates/canic-tests/tests/instruction_audit_support/report.rs:518;crates/canic-tests/tests/instruction_audit_support/report.rs:591;crates/canic-tests/tests/instruction_audit_support/report.rs:675;crates/canic-tests/tests/instruction_audit_support/scenarios.rs:108;crates/canic-tests/tests/instruction_audit_support/scenarios.rs:110;crates/canic-tests/tests/instruction_audit_support/scenarios.rs:113;crates/canic-tests/tests/instruction_audit_support/scenarios.rs:124;crates/canic-tests/tests/instruction_audit_support/scenarios.rs:126;crates/canic-tests/tests/instruction_audit_support/scenarios.rs:129;crates/canic-tests/tests/instruction_audit_support/scenarios.rs:264;crates/canic-tests/tests/instruction_audit_support/scenarios.rs:265
wasm-store	canic-owned	role-command-variant	canic_sync_state	update	canic_sync_state : (StateSnapshotInput) -> (Result_6);	crates/canic/src/macros/endpoints/nonroot.rs:75	always	#[$crate::canic_update( internal, requires(caller::is_parent()), payload(max_bytes = ::canic::__internal::core::protocol::CASCADE_SNAPSHOT_MAX_BYTES) )]	$crate::__internal::core::api::cascade::CascadeApi::sync_state(snapshot).await	update_snapshot_convergent	CANIC_SYNC_STATE	crates/canic-core/src/domain/policy/pure/fleet_activation.rs:28;crates/canic-core/src/domain/policy/pure/fleet_activation.rs:286;crates/canic-core/src/domain/policy/pure/fleet_activation.rs:344;crates/canic-core/src/domain/policy/pure/fleet_activation.rs:73;crates/canic-core/src/ops/cascade.rs:269	async fn canic_sync_state( snapshot: ::canic::dto::cascade::StateSnapshotInput, ) -> Result<(), ::canic::Error>	StoreCommand::SynchronizeState	crates/canic-core/src/ops/cascade.rs:269
wasm-store	canic-owned	role-command-variant	canic_sync_topology	update	canic_sync_topology : (TopologySnapshotInput) -> (Result_6);	crates/canic/src/macros/endpoints/nonroot.rs:86	always	#[$crate::canic_update( internal, requires(caller::is_parent()), payload(max_bytes = ::canic::__internal::core::protocol::CASCADE_SNAPSHOT_MAX_BYTES) )]	$crate::__internal::core::api::cascade::CascadeApi::sync_topology(snapshot).await	update_snapshot_convergent	CANIC_SYNC_TOPOLOGY	crates/canic-core/src/domain/policy/pure/fleet_activation.rs:28;crates/canic-core/src/domain/policy/pure/fleet_activation.rs:345;crates/canic-core/src/domain/policy/pure/fleet_activation.rs:74;crates/canic-core/src/ops/cascade.rs:276	async fn canic_sync_topology( snapshot: ::canic::dto::cascade::TopologySnapshotInput, ) -> Result<(), ::canic::Error>	StoreCommand::SynchronizeTopology	crates/canic-core/src/ops/cascade.rs:276
wasm-store	canic-owned	private-delete	canic_wasm_store_begin_gc	update	canic_wasm_store_begin_gc : () -> (Result_6);	crates/canic/src/macros/endpoints/wasm_store.rs:64	always	#[$crate::canic_update(internal, requires(caller::is_root()))]	::canic::api::canister::template::WasmStoreCanisterApi::begin_gc()	update_monotonic_transition	CANIC_WASM_STORE_BEGIN_GC	crates/canic-control-plane/src/workflow/runtime/template/client/mod.rs:29	async fn canic_wasm_store_begin_gc() -> Result<(), ::canic::Error>	none	crates/canic-control-plane/src/workflow/runtime/template/client/mod.rs:29
wasm-store	canic-owned	role-status-variant	canic_wasm_store_catalog	query	canic_wasm_store_catalog : () -> (Result_7) query;	crates/canic/src/macros/endpoints/wasm_store.rs:18	always	#[$crate::canic_query(internal, requires(caller::is_root()))]	::canic::api::canister::template::WasmStoreCanisterApi::catalog()	query_read_only(mode-derived)	CANIC_WASM_STORE_CATALOG	crates/canic-control-plane/src/workflow/runtime/template/client/mod.rs:30;crates/canic-core/src/domain/policy/pure/fleet_activation.rs:30;crates/canic-core/src/domain/policy/pure/fleet_activation.rs:342;crates/canic-core/src/domain/policy/pure/fleet_activation.rs:68;crates/canic-testing-internal/src/pic/fleet_registry/baseline.rs:1529;crates/canic-testing-internal/src/pic/fleet_registry/baseline.rs:155	async fn canic_wasm_store_catalog() -> Result<Vec<::canic::dto::template::WasmStoreCatalogEntryResponse>, ::canic::Error>	StoreStatusRequest::Catalog	crates/canic-control-plane/src/workflow/runtime/template/client/mod.rs:30;crates/canic-testing-internal/src/pic/fleet_registry/baseline.rs:1529;crates/canic-testing-internal/src/pic/fleet_registry/baseline.rs:155
wasm-store	canic-owned	store-data-plane	canic_wasm_store_chunk	update	canic_wasm_store_chunk : (text, text, nat32) -> (Result_8);	crates/canic/src/macros/endpoints/wasm_store.rs:81	always	#[$crate::canic_update(internal, requires(caller::is_root()))]	::canic::api::canister::template::WasmStoreCanisterApi::chunk(	update_monotonic_transition	CANIC_WASM_STORE_CHUNK	crates/canic-control-plane/src/workflow/runtime/template/client/mod.rs:31	async fn canic_wasm_store_chunk( template_id: ::canic::ids::TemplateId, version: ::canic::ids::TemplateVersion, chunk_index: u32, ) -> Result<::canic::dto::template::TemplateChunkResponse, ::canic::Error>	canic_wasm_store_chunk	crates/canic-control-plane/src/workflow/runtime/template/client/mod.rs:31
wasm-store	canic-owned	private-delete	canic_wasm_store_complete_gc	update	canic_wasm_store_complete_gc : () -> (Result_6);	crates/canic/src/macros/endpoints/wasm_store.rs:69	always	#[$crate::canic_update(internal, requires(caller::is_root()))]	::canic::api::canister::template::WasmStoreCanisterApi::complete_gc().await	update_monotonic_transition	CANIC_WASM_STORE_COMPLETE_GC	crates/canic-control-plane/src/workflow/runtime/template/client/mod.rs:32	async fn canic_wasm_store_complete_gc() -> Result<(), ::canic::Error>	none	crates/canic-control-plane/src/workflow/runtime/template/client/mod.rs:32
wasm-store	canic-owned	role-command-variant	canic_wasm_store_info	update	canic_wasm_store_info : (text, text) -> (Result_9);	crates/canic/src/macros/endpoints/wasm_store.rs:45	always	#[$crate::canic_update(internal, requires(caller::is_root()))]	::canic::api::canister::template::WasmStoreCanisterApi::info(template_id, version)	update_monotonic_transition	CANIC_WASM_STORE_INFO	crates/canic-control-plane/src/workflow/runtime/template/client/mod.rs:33;crates/canic-core/src/domain/policy/pure/fleet_activation.rs:30;crates/canic-core/src/domain/policy/pure/fleet_activation.rs:356;crates/canic-core/src/domain/policy/pure/fleet_activation.rs:79	async fn canic_wasm_store_info( template_id: ::canic::ids::TemplateId, version: ::canic::ids::TemplateVersion, ) -> Result<::canic::dto::template::TemplateChunkSetInfoResponse, ::canic::Error>	StoreCommand::InspectTemplate	crates/canic-control-plane/src/workflow/runtime/template/client/mod.rs:33
wasm-store	canic-owned	role-command-variant	canic_wasm_store_prepare	update	canic_wasm_store_prepare : (TemplateChunkSetPrepareInput) -> (Result_9);	crates/canic/src/macros/endpoints/wasm_store.rs:24	always	#[$crate::canic_update(internal, requires(caller::is_root()))]	::canic::api::canister::template::WasmStoreCanisterApi::prepare(request)	update_monotonic_transition	CANIC_WASM_STORE_PREPARE	crates/canic-control-plane/src/workflow/runtime/template/client/mod.rs:34;crates/canic-core/src/domain/policy/pure/fleet_activation.rs:31;crates/canic-core/src/domain/policy/pure/fleet_activation.rs:357;crates/canic-core/src/domain/policy/pure/fleet_activation.rs:80;crates/canic-testing-internal/src/pic/fleet_registry/baseline.rs:155;crates/canic-testing-internal/src/pic/fleet_registry/baseline.rs:620;crates/canic-testing-internal/src/pic/fleet_registry/baseline.rs:633;crates/canic-testing-internal/src/pic/fleet_registry/baseline.rs:774;crates/canic-testing-internal/src/pic/fleet_registry/baseline.rs:788	async fn canic_wasm_store_prepare( request: ::canic::dto::template::TemplateChunkSetPrepareInput, ) -> Result<::canic::dto::template::TemplateChunkSetInfoResponse, ::canic::Error>	StoreCommand::PrepareChunkSet	crates/canic-control-plane/src/workflow/runtime/template/client/mod.rs:34;crates/canic-testing-internal/src/pic/fleet_registry/baseline.rs:155;crates/canic-testing-internal/src/pic/fleet_registry/baseline.rs:620;crates/canic-testing-internal/src/pic/fleet_registry/baseline.rs:633;crates/canic-testing-internal/src/pic/fleet_registry/baseline.rs:774;crates/canic-testing-internal/src/pic/fleet_registry/baseline.rs:788
wasm-store	canic-owned	role-command-variant	canic_wasm_store_prepare_gc	update	canic_wasm_store_prepare_gc : () -> (Result_6);	crates/canic/src/macros/endpoints/wasm_store.rs:59	always	#[$crate::canic_update(internal, requires(caller::is_root()))]	::canic::api::canister::template::WasmStoreCanisterApi::prepare_gc()	update_monotonic_transition	CANIC_WASM_STORE_PREPARE_GC	crates/canic-control-plane/src/workflow/runtime/template/client/mod.rs:35	async fn canic_wasm_store_prepare_gc() -> Result<(), ::canic::Error>	StoreCommand::RunGc	crates/canic-control-plane/src/workflow/runtime/template/client/mod.rs:35
wasm-store	canic-owned	store-data-plane	canic_wasm_store_publish_chunk	update	canic_wasm_store_publish_chunk : (TemplateChunkInput) -> (Result_6);	crates/canic/src/macros/endpoints/wasm_store.rs:38	always	#[$crate::canic_update(internal, requires(caller::is_root()), payload(max_bytes = ::canic::CANIC_WASM_CHUNK_BYTES + 64 * 1024))]	::canic::api::canister::template::WasmStoreCanisterApi::publish_chunk(request)	update_monotonic_transition	CANIC_WASM_STORE_PUBLISH_CHUNK	crates/canic-control-plane/src/workflow/runtime/template/client/mod.rs:36;crates/canic-core/src/domain/policy/pure/fleet_activation.rs:31;crates/canic-core/src/domain/policy/pure/fleet_activation.rs:358;crates/canic-core/src/domain/policy/pure/fleet_activation.rs:81	async fn canic_wasm_store_publish_chunk( request: ::canic::dto::template::TemplateChunkInput, ) -> Result<(), ::canic::Error>	canic_wasm_store_publish_chunk	crates/canic-control-plane/src/workflow/runtime/template/client/mod.rs:36
wasm-store	canic-owned	role-command-variant	canic_wasm_store_reclaim_deletion_cycles	update	canic_wasm_store_reclaim_deletion_cycles : ( WasmStoreDeletionCycleReclamationRequest, ) -> (Result_10);	crates/canic/src/macros/endpoints/wasm_store.rs:74	always	#[$crate::canic_update(internal, requires(caller::is_root()))]	::canic::api::canister::template::WasmStoreCanisterApi::reclaim_deletion_cycles(request).await	update_costed_snapshot_convergent	CANIC_WASM_STORE_RECLAIM_DELETION_CYCLES	crates/canic-control-plane/src/workflow/runtime/template/client/mod.rs:37;crates/canic-core/src/replay_policy/tests/cost.rs:110;crates/canic-core/src/replay_policy/tests/mod.rs:23;crates/canic-core/src/replay_policy/tests/mod.rs:48;crates/canic/tests/protocol_surface.rs:1765;crates/canic/tests/protocol_surface.rs:1766;crates/canic/tests/protocol_surface.rs:1773	async fn canic_wasm_store_reclaim_deletion_cycles( request: ::canic::dto::template::WasmStoreDeletionCycleReclamationRequest, ) -> Result<::canic::dto::template::WasmStoreDeletionCycleReclamationResponse, ::canic::Error>	StoreCommand::ReclaimDeletionCycles	crates/canic-control-plane/src/workflow/runtime/template/client/mod.rs:37
wasm-store	canic-owned	role-command-variant	canic_wasm_store_stage_manifest	update	canic_wasm_store_stage_manifest : (TemplateManifestInput) -> (Result_6);	crates/canic/src/macros/endpoints/wasm_store.rs:31	always	#[$crate::canic_update(internal, requires(caller::is_root()))]	::canic::api::canister::template::WasmStoreCanisterApi::stage_manifest(request)	update_monotonic_transition	CANIC_WASM_STORE_STAGE_MANIFEST	crates/canic-control-plane/src/workflow/runtime/template/client/mod.rs:38;crates/canic-core/src/domain/policy/pure/fleet_activation.rs:31;crates/canic-core/src/domain/policy/pure/fleet_activation.rs:359;crates/canic-core/src/domain/policy/pure/fleet_activation.rs:82	async fn canic_wasm_store_stage_manifest( request: ::canic::dto::template::TemplateManifestInput, ) -> Result<(), ::canic::Error>	StoreCommand::StageManifest	crates/canic-control-plane/src/workflow/runtime/template/client/mod.rs:38
wasm-store	canic-owned	role-status-variant	canic_wasm_store_status	query	canic_wasm_store_status : () -> (Result_11) query;	crates/canic/src/macros/endpoints/wasm_store.rs:53	always	#[$crate::canic_query(internal, requires(caller::is_root()))]	::canic::api::canister::template::WasmStoreCanisterApi::status()	query_read_only(mode-derived)	CANIC_WASM_STORE_STATUS	crates/canic-control-plane/src/workflow/runtime/template/client/mod.rs:39;crates/canic-core/src/domain/policy/pure/fleet_activation.rs:32;crates/canic-core/src/domain/policy/pure/fleet_activation.rs:343;crates/canic-core/src/domain/policy/pure/fleet_activation.rs:69;crates/canic-testing-internal/src/pic/fleet_registry/baseline.rs:1513;crates/canic-testing-internal/src/pic/fleet_registry/baseline.rs:156	async fn canic_wasm_store_status() -> Result<::canic::dto::template::WasmStoreStatusResponse, ::canic::Error>	StoreStatusRequest::Storage	crates/canic-control-plane/src/workflow/runtime/template/client/mod.rs:39;crates/canic-testing-internal/src/pic/fleet_registry/baseline.rs:1513;crates/canic-testing-internal/src/pic/fleet_registry/baseline.rs:156
wasm-store	external-standard	external-standard	icrc10_supported_standards	query	icrc10_supported_standards : () -> (vec record { text; text }) query;	n/a	n/a	n/a	n/a	n/a	n/a	n/a	n/a	icrc10_supported_standards	none
