CANIC-162 ic-memory 0.13.2 adoption evidence
{
  "requested_ic_memory": "0.13.2",
  "published_commit": "0dcd24d555d9260d24bea9b3a407f62dbbcb8583",
  "locked_memory_packages": [
    {
      "name": "ic-memory",
      "version": "0.12.3",
      "source": "registry+https://github.com/rust-lang/crates.io-index",
      "checksum": "7c66256c945be302111688ebcf1d19d505b272f43f897a62739903b476c65236",
      "dependencies": [
        "ciborium",
        "ctor",
        "ic-stable-structures",
        "serde",
        "thiserror 2.0.18"
      ]
    },
    {
      "name": "ic-memory",
      "version": "0.13.2",
      "source": "registry+https://github.com/rust-lang/crates.io-index",
      "checksum": "e719cda61020c94058d46bbe43a47f46a5a130a74c33d35551f794f2231fe8eb",
      "dependencies": [
        "ciborium",
        "ctor",
        "ic-stable-structures",
        "serde",
        "thiserror 2.0.18"
      ]
    }
  ],
  "icydb_registry_source": "https://index.crates.io/ic/yd/icydb",
  "icydb_index_sha256": "a6917d8913209afdb9a976b596e6ccf40527519aaacc5e49d18a21bb2287afad",
  "latest_registry_record": {
    "version": "0.257.3",
    "yanked": false,
    "memory_requirement": "^0.12.3"
  },
  "performance_claim": null,
  "canic_rust_source_changed": false,
  "source_inventory_sha256": "02b5697138157d0298b3259a9ec2147945ef773b7db908092d151634a6f11eb4",
  "recorded_utc": "2026-09-10T12:27:04.197055+00:00",
  "source_inventory_unchanged": true
}

Command: cargo update --offline -p ic-memory@0.13.1 --precise 0.13.2
Result: pass
Log SHA-256: 89e7daf7f23ce66b136a86e8ebf2f828901ae495d3d9124b29ebd6f5c0abfc45
    Updating ic-memory v0.13.1 -> v0.13.2
note: pass `--verbose` to see 6 unchanged dependencies behind latest

Command: ICP_ENVIRONMENT=local RUSTC_WRAPPER= CARGO_NET_OFFLINE=true cargo test --locked -p canic-core --lib --all-features ops::runtime::memory::tests
Result: pass: 8
Log SHA-256: fa828063bf27c4634501152909ef64a6756244d12b0c0594e39f429f50afb376
   Compiling canic-core v0.110.13 (/home/adam/projects/canic/crates/canic-core)
   Compiling ic-memory v0.13.2
    Finished `test` profile [optimized + debuginfo] target(s) in 1m 31s
     Running unittests src/lib.rs (target/debug/deps/canic_core-15651759a6718a15)

running 8 tests
test ops::runtime::memory::tests::allocation_snapshot_requires_existing_bootstrap ... ok
test ops::runtime::memory::tests::commit_recovery_response_maps_invalid_slots_without_unknown_fallback ... ok
test ops::runtime::memory::tests::commit_slot_response_maps_runtime_variants_exactly ... ok
test ops::runtime::memory::tests::memory_allocation_record_response_omits_failed_size_measurements ... ok
test ops::runtime::memory::tests::memory_allocation_record_response_includes_live_backing_memory_size ... ok
test ops::runtime::memory::tests::allocation_projection_preserves_unknown_owners_and_measured_nondefault_buckets ... ok
test ops::runtime::memory::tests::ledger_snapshot_reads_the_bootstrapped_ic_memory_runtime ... ok
test ops::runtime::memory::tests::allocation_snapshot_preserves_unopened_memories_and_ledger_generation ... ok

test result: ok. 8 passed; 0 failed; 0 ignored; 0 measured; 1334 filtered out; finished in 0.01s


Command: RUSTC_WRAPPER= CARGO_NET_OFFLINE=true CANIC_TEST_COLOR=never make test-pocketic-case CASE=pic::fleet_registry::baseline::tests::protected_memory_allocations_preserve_stable_state_and_root_authority
Result: pass: 1
Log SHA-256: 63f47ec6eaa26c18a96aedf6ef884370ad0d0199d4450ef816cacd73e5d41d52
ICP_ENVIRONMENT=local bash scripts/ci/run-with-test-scratch.sh \
	bash scripts/ci/run-workspace-tests.sh targeted-pocketic "$CANIC_POCKETIC_CASE"
workspace test inventory guard passed (39 targets: 30 parallel, 9 serial PocketIC)
PocketIC version alignment passed (16.0.0)
==> using pinned PocketIC server binary: /home/adam/.cache/canic/pocket-ic-server-16.0.0/pocket-ic
==> prefetching locked dependency graph for offline metadata checks
==> native ICP CLI: /home/adam/.cargo/bin/icp (icp 1.4.0)
==> shared PocketIC server ready: http://127.0.0.1:43957/
==> targeted canic-testing-internal PocketIC proof
==> verifying exact test identity (listing only)
   Compiling ic-memory v0.13.2
   Compiling canic-core v0.110.13 (/home/adam/projects/canic/crates/canic-core)
   Compiling canic-control-plane v0.110.13 (/home/adam/projects/canic/crates/canic-control-plane)
   Compiling canic v0.110.13 (/home/adam/projects/canic/crates/canic)
   Compiling canic-host v0.110.13 (/home/adam/projects/canic/crates/canic-host)
   Compiling canic-cli v0.110.13 (/home/adam/projects/canic/crates/canic-cli)
   Compiling canic-testing-internal v0.110.13 (/home/adam/projects/canic/crates/canic-testing-internal)
    Finished `test` profile [optimized + debuginfo] target(s) in 1m 38s
     Running unittests src/lib.rs (target/debug/deps/canic_testing_internal-004835c6ffc58a88)
    Finished `test` profile [optimized + debuginfo] target(s) in 0.31s
     Running unittests src/lib.rs (target/debug/deps/canic_testing_internal-004835c6ffc58a88)

running 1 test
test pic::fleet_registry::baseline::tests::protected_memory_allocations_preserve_stable_state_and_root_authority ... [FLEET]      RUN    building bootstrap wasm_store artifact
[WASM]       DONE   bootstrap Store artifact                             1m 37s
[FLEET]      RUN    building PIC root wasm artifact
[WASM]       RUN    delegation_root_stub (1/1)
[WASM]       DONE   delegation_root_stub                                 51.24s
[FLEET]      RUN    finished PIC wasm build
[FLEET]      DONE   root artifacts ready                                 2m 29s
[WASM]       DONE   Fleet Coordinator artifact                           42.52s
[FLEET]      DONE   Coordinator artifact ready                           42.97s
[WASM]       RUN    delegation_issuer_stub (1/1)
[WASM]       DONE   delegation_issuer_stub                               35.97s
[FLEET]      DONE   Store and Component artifacts ready                  37.16s
[FLEET]      RUN    starting PocketIC instance
[FLEET]      READY  PocketIC instance
[FLEET]      DONE   PocketIC topology ready                               0.10s
[FLEET]      DONE   Root and Store installed                              4.16s
[FLEET]      DONE   Coordinator installed                                 1.55s
[FLEET]      DONE   Root joined and synchronized                          0.13s
[FLEET]      DONE   Component Registry activated                          2.91s
[FLEET]      DONE   fresh Fleet validated                                 0.01s
[FLEET]      DONE   fresh Fleet setup complete                           3m 58s
[FLEET]      READY  active baseline (slot 0)                             3m 58s
ok

test result: ok. 1 passed; 0 failed; 0 ignored; 0 measured; 64 filtered out; finished in 243.19s

==> shared PocketIC resources after targeted canic-testing-internal PocketIC proof: rss=371448 kB high_water=1212732 kB threads=133
==> targeted canic-testing-internal PocketIC proof done in 342s

==> workspace timing summary
kind             elapsed  result label
----             -------  ------ -----
pocketic-serial  342s     PASS   targeted canic-testing-internal PocketIC proof
workspace runner wall time: 344s
WORKSPACE TESTS PASSED: all requested suites succeeded.
==> leaving Cargo build artifacts intact
==> clearing invocation-owned test scratch: test-runtime.IaYg4A

Command: ICP_ENVIRONMENT=local RUSTC_WRAPPER= CARGO_NET_OFFLINE=true cargo test --locked -p canic-core --all-features --test stable_memory_abi_guard
Result: 2 pass; package-identity guard fails for 0.12.3 and 0.13.2
Log SHA-256: 64db09fce44adf3c02c21df9c655d2bbd7c49c74626df4d5ab4028aed412720f
   Compiling canic-core v0.110.13 (/home/adam/projects/canic/crates/canic-core)
    Finished `test` profile [optimized + debuginfo] target(s) in 51.62s
     Running tests/stable_memory_abi_guard.rs (target/debug/deps/stable_memory_abi_guard-8521f414b5b2a2c2)

running 3 tests
test managed_memory_guard_matches_calls_without_rejecting_observation_names ... ok
test composed_memory_runtime_has_one_package_identity ... FAILED
test canic_managed_runtime_code_uses_managed_explicit_stable_keys ... ok

failures:

---- composed_memory_runtime_has_one_package_identity stdout ----

thread 'composed_memory_runtime_has_one_package_identity' (123) panicked at crates/canic-core/tests/stable_memory_abi_guard.rs:21:5:
assertion `left == right` failed: Canic and IcyDB must share one ic-memory package identity; align the published dependencies before release: [Table({"checksum": String("7c66256c945be302111688ebcf1d19d505b272f43f897a62739903b476c65236"), "dependencies": Array([String("ciborium"), String("ctor"), String("ic-stable-structures"), String("serde"), String("thiserror 2.0.18")]), "name": String("ic-memory"), "source": String("registry+https://github.com/rust-lang/crates.io-index"), "version": String("0.12.3")}), Table({"checksum": String("e719cda61020c94058d46bbe43a47f46a5a130a74c33d35551f794f2231fe8eb"), "dependencies": Array([String("ciborium"), String("ctor"), String("ic-stable-structures"), String("serde"), String("thiserror 2.0.18")]), "name": String("ic-memory"), "source": String("registry+https://github.com/rust-lang/crates.io-index"), "version": String("0.13.2")})]
  left: 2
 right: 1
note: run with `RUST_BACKTRACE=1` environment variable to display a backtrace


failures:
    composed_memory_runtime_has_one_package_identity

test result: FAILED. 2 passed; 1 failed; 0 ignored; 0 measured; 0 filtered out; finished in 0.02s

error: test failed, to rerun pass `-p canic-core --test stable_memory_abi_guard`

Command: ICP_ENVIRONMENT=local RUSTC_WRAPPER= CARGO_NET_OFFLINE=true cargo clippy --locked --keep-going -p canic-core -p canic-control-plane -p canic -p canic-host -p canic-testing-internal --lib --tests --all-features -- -D warnings
Result: pass
Log SHA-256: dd8129218bcdff3276008232e8d318240f762b563a436f7d495b36f84226d562
   Compiling canic v0.110.13 (/home/adam/projects/canic/crates/canic)
   Compiling canic-macros v0.110.13 (/home/adam/projects/canic/crates/canic-macros)
   Compiling canic-core v0.110.13 (/home/adam/projects/canic/crates/canic-core)
    Checking canic-backup v0.110.13 (/home/adam/projects/canic/crates/canic-backup)
    Checking canic-control-plane v0.110.13 (/home/adam/projects/canic/crates/canic-control-plane)
    Checking canic-host v0.110.13 (/home/adam/projects/canic/crates/canic-host)
    Checking canic-cli v0.110.13 (/home/adam/projects/canic/crates/canic-cli)
    Checking canic-testing-internal v0.110.13 (/home/adam/projects/canic/crates/canic-testing-internal)
    Finished `dev` profile [optimized + debuginfo] target(s) in 1m 00s

Qualified source inventory (unchanged before/after):
{
  "Cargo.lock": "6233448b9723ca33668f5620739b58e87fbff7e666689e01a5d1db07dabda9f9",
  "Cargo.toml": "39e8c663535f90cd4c7a798f4db4c996751dca7d88a193f86fe368f75b23604b",
  "Makefile": "af4489b6c2845ddf760a7a953f08bacdc18de811d2f6cf69ed4d78aa3b4a8c81",
  "apps/README.md": "1e1b2023e0f6ea41044db6e768ffd5a7ea4820324381d323ae5d40d78633713f",
  "apps/demo/app/Cargo.toml": "1ed79b58d27a098203e48b4afc6fa674cea4d82d9c2e0947bfa31977134678d2",
  "apps/demo/app/src/lib.rs": "9f6bbf0eda5460531959a4f1b2e9c3e5ee32f338b0b723c00aaf2c219788d805",
  "apps/demo/build.rs": "fcf0dc01eb2828d8aeba7c042fef76fd88a97203f378a43284e657c55b74a0ab",
  "apps/demo/canic.toml": "08ef35110c9e99538e75d17afd28fa19c4500ea83aca89d0d1d8595e61b0ba88",
  "apps/demo/user_hub/Cargo.toml": "7bbc52de285ab46c2f9ead8e8389c2d3e227dc5ccfad72d31d90bcf5159c1808",
  "apps/demo/user_hub/src/lib.rs": "e9742ed5665f6db36465dc8dbfba0bb9f7bc33567db8ee2e7ca021aee9c8cce0",
  "apps/demo/user_shard/Cargo.toml": "a3be592aebef72e8d0d53977c9e8b8afa694645d6b330fcecd84e83e7e23794b",
  "apps/demo/user_shard/src/lib.rs": "025365b138c871641613f2bc7d8490af0d0d83d30fd81835b5f80cbfad47754e",
  "apps/test/app/Cargo.toml": "7f1d35c5686671d88fcf79711f7076d20201cddeeddd00f15183f510cb41be06",
  "apps/test/app/src/lib.rs": "ac30b9b8762539f8f1f4c7b7812e157be116c48055957cd2662f84c1f2a12d8b",
  "apps/test/build.rs": "fcf0dc01eb2828d8aeba7c042fef76fd88a97203f378a43284e657c55b74a0ab",
  "apps/test/canic.toml": "a06363580aaf1fbff1e6b5c4cd2c73f955f5636629abf44a6b6212b484cf98b8",
  "apps/test/index_child/Cargo.toml": "504d678ab20c1e0a8a945628f922a0ae4a6e55b4460789d29dc68537fd83f5af",
  "apps/test/index_child/build.rs": "fcf0dc01eb2828d8aeba7c042fef76fd88a97203f378a43284e657c55b74a0ab",
  "apps/test/index_child/src/lib.rs": "c7ea062b1485eb31d98e6cf96dddc8a85b40480712190165bb7f97fdd4db667d",
  "apps/test/index_hub/Cargo.toml": "e7411fbc7ee9b89e794b53fa715ccec82befb6d8b955f17b5edca96237513bfe",
  "apps/test/index_hub/build.rs": "fcf0dc01eb2828d8aeba7c042fef76fd88a97203f378a43284e657c55b74a0ab",
  "apps/test/index_hub/src/lib.rs": "8d28aa24ecf97c57e319af143501fdd770b49d6fe904b57322678f178c84083d",
  "apps/test/scale/Cargo.toml": "6c4125332f241df83d6af31b3d31ae5f0fe6df022a718ffbe8f56197bb5d20dc",
  "apps/test/scale/src/lib.rs": "f1372b86e0b021225fe63c5fbf0882b4175c0fa85e1ad64d05aff428a6749ae3",
  "apps/test/scale_hub/Cargo.toml": "e8445351edd184ac964a443a484fb7b3ade6fa6953e686556b2f7c8b5224c088",
  "apps/test/scale_hub/src/lib.rs": "8ba9b5cbf19201a66013f87e80482ddc285f200b12fb269cca574caa0b7c86b8",
  "apps/test/test-configs/generated-mixed-topology.toml": "a99d6ffd92c91fa0eabc34de4ea18c532ea21ad9415b7842db4d9f03f01a1449",
  "apps/test/test-configs/literal-zero-initial-shard.toml": "898fd951dbf73b8a88e59f3809933a064641db3ce18ec40e643c4271b10df506",
  "apps/test/test-configs/managed-component-group.toml": "d8d877d34c6b91486ea767e32111c6ba0896535dda071b37bb9d8ece7cc0726d",
  "apps/test/test-configs/root-capability.toml": "1f08afbc5e40a8fec68bbd071e1f0632609eff1772934216d516ae55b23d6c22",
  "apps/test/test-configs/root-scaling.toml": "0dcae35f8be486c9eb251576f8626952b2ee08042fe80cc5dcf872d4cbcc2b5e",
  "apps/test/test-configs/root-sharding.toml": "9a7a731369cfefd9f7625b3175193c857bdb5aa4e69569d68bc8690cb334d578",
  "apps/test/test/Cargo.toml": "a338f3bf9027bbd7a4b0fd86feedabf9a375d0d79824678951e08e8ebaff40be",
  "apps/test/test/build.rs": "ef2a101bcc731cb912f8dfea02b969025015c2c7b66f875b9b0853790e3a8d8c",
  "apps/test/test/src/lib.rs": "00432cbd605900839381c4e210cbb1f5dcf1ebcb1d60d96b6b7d130bd0d2da59",
  "apps/test/user_hub/Cargo.toml": "b8bea02b4c98e2843aca56fd7f762c04b58fdba17cb4fbe244d816fc7252e47e",
  "apps/test/user_hub/src/lib.rs": "9413ef5d8414b56f4dff833fd335a86cace745224c505d62eeaf5ffadca51772",
  "apps/test/user_hub/src/reinstall_fixture/mod.rs": "9bc2b5f1b34550aee0e4487203cf387d99d731b60601a4492536f98fe921b7b7",
  "apps/test/user_shard/Cargo.toml": "6433e8cc95883ce8ec57c59dcd5383f1c4f112b824db091543eda4f789f3ef41",
  "apps/test/user_shard/src/lib.rs": "9ce1a588a3e0810be2654f95df6d244d986c8ec9f823142bd43aa68454611ee4",
  "apps/test/user_shard/src/reinstall_fixture/mod.rs": "9bc2b5f1b34550aee0e4487203cf387d99d731b60601a4492536f98fe921b7b7",
  "canisters/README.md": "6be5ad4d068b23dc8ef8ec237b7f5f1bd9758b7ed870b0439b82c946597972d2",
  "canisters/audit/leaf_probe/Cargo.toml": "868884da75119e51d64746ce984f07bb2daa1244c7a6b7a98f9ccf95346bb3dc",
  "canisters/audit/leaf_probe/build.rs": "d069c667e48e1895c280e2d0cf9c5094191cd0fc580418beb81fc1ca4c9de8ea",
  "canisters/audit/leaf_probe/canic.toml": "9bf7a2dedc4918bb21f1fbf56f3d66ad98fe42b418d29fe093204e1dc1065d8c",
  "canisters/audit/leaf_probe/src/lib.rs": "6d344263629e86af76642a2f59bfdc6d6544a3017e1368b29ee3f7a594f4248d",
  "canisters/audit/local_authorization_probe/Cargo.toml": "afd7d6bbdacfd81f583d1f30b677a6ec335edabcac4bd54f0331bd32368852f5",
  "canisters/audit/local_authorization_probe/build.rs": "30b890baeded3ed9bce1288a3ce1add9c4d10bb6014930d5d76ef1e75238eba8",
  "canisters/audit/local_authorization_probe/canic.toml": "013a49efc14af4a3499e1b4c9b7564c593c39e40901459a05847543e22680e85",
  "canisters/audit/local_authorization_probe/src/lib.rs": "722eabbacb3e4115309aa85e72a8fdae9fedeb04be16ff67ada9053144b838c5",
  "canisters/audit/minimal/Cargo.toml": "07ffb5509f7c64086d26ab7c4979ab8c5dd28c4e45de0cdd7db124e01c63aecc",
  "canisters/audit/minimal/build.rs": "30b890baeded3ed9bce1288a3ce1add9c4d10bb6014930d5d76ef1e75238eba8",
  "canisters/audit/minimal/src/lib.rs": "a4880564af5a398f8185b3aab44a0338235251c3b4c80666292c5b8b6bdf8333",
  "canisters/audit/minimal_metrics/Cargo.toml": "46f1be801d1c0b561e85bb5c9ffe14916c88237d9f24f127ac1f70a3f8ebc507",
  "canisters/audit/minimal_metrics/build.rs": "30b890baeded3ed9bce1288a3ce1add9c4d10bb6014930d5d76ef1e75238eba8",
  "canisters/audit/minimal_metrics/canic.toml": "ba18514a91fd6fce5c3965ccfb273fcb8638a5c1978a74e4a37892c275f7bab4",
  "canisters/audit/minimal_metrics/src/lib.rs": "329f767cc0e0b27d43492c4f7e7dbc0caaae0966765c71fd68b667052087433e",
  "canisters/audit/root_probe/Cargo.toml": "b3606f56001a90ccaa37926b98118774beef843ce4d9478169288ea34216067e",
  "canisters/audit/root_probe/activation.toml": "c95d9c44417675c352666ebfda6619cd2eb45344abf052f10c322fd4edda1aa6",
  "canisters/audit/root_probe/build.rs": "30b890baeded3ed9bce1288a3ce1add9c4d10bb6014930d5d76ef1e75238eba8",
  "canisters/audit/root_probe/canic.toml": "49c30c200454997fac4b628c5aa20e309861e846a19e28e443aac3c58054adfa",
  "canisters/audit/root_probe/four-workloads.toml": "dc4740791789028dda0d219adb05390006baef34cd8e7b99e0cb1066c6a885cc",
  "canisters/audit/root_probe/retained-estate.toml": "da94f59b2fccc572bfc50598b7d300257c351f3e49485b4e2a64e92e3be68ff6",
  "canisters/audit/root_probe/src/lib.rs": "e0c1f3fefe6e7cdc20ccdd57b84fdc1a6ab083964dcd892431142ee02d164ce1",
  "canisters/audit/scaling_probe/Cargo.toml": "fcd94d76916eb9a3b16c7e8d037dcf478b39ac8012109e5c3ecd1d73d6b58227",
  "canisters/audit/scaling_probe/build.rs": "30b890baeded3ed9bce1288a3ce1add9c4d10bb6014930d5d76ef1e75238eba8",
  "canisters/audit/scaling_probe/canic.toml": "136e990b46d461cee8fa0fca785fd7f2d9f53b57cdabd5e66bd0e787ffbe1718",
  "canisters/audit/scaling_probe/src/lib.rs": "0246e1b670eb68f56becc3010ce2d38bc721f20c7f79c463e92d18de16160b83",
  "canisters/sandbox/blank/Cargo.toml": "acdc870c1aff68159c589ffc84ebf46d420880549b456a309044f63386701d20",
  "canisters/sandbox/blank/build.rs": "30b890baeded3ed9bce1288a3ce1add9c4d10bb6014930d5d76ef1e75238eba8",
  "canisters/sandbox/blank/src/lib.rs": "1cf24b441b590087e5b8d9c6a8f7bb3b99df6778530f4a40c899ba48ca9e61c0",
  "canisters/test/blob_storage_cashier_mock/Cargo.toml": "fbb5096cfcc3f5206aabc4125adfaceb592c1ee43e156e03f3121d2d61f6e47a",
  "canisters/test/blob_storage_cashier_mock/build.rs": "30b890baeded3ed9bce1288a3ce1add9c4d10bb6014930d5d76ef1e75238eba8",
  "canisters/test/blob_storage_cashier_mock/canic.toml": "05db300c6466ee058997ccdb816c9da75341491b92b50d6bd1573c0e91dc05cd",
  "canisters/test/blob_storage_cashier_mock/src/lib.rs": "2006828f653074a4692d7852b37e35a62b2bb3130eb52e6210a0c285a122d2f3",
  "canisters/test/blob_storage_probe/Cargo.toml": "634ee771d25b49cf4747e49c041545f74ccc66ca7318e28942266275f3823540",
  "canisters/test/blob_storage_probe/build.rs": "30b890baeded3ed9bce1288a3ce1add9c4d10bb6014930d5d76ef1e75238eba8",
  "canisters/test/blob_storage_probe/canic.toml": "6bdfe806be24bc845abc634040569fdff833a3bcc5b22d9cf7fd146ef6788df4",
  "canisters/test/blob_storage_probe/src/lib.rs": "8d76d1c97b9cea23e526e14c812c6e41278827d941ecf45d42f5ec11de3f542c",
  "canisters/test/canic_icydb_lifecycle_probe/Cargo.toml": "6577303d7fdd31177a17d3ebe1c276459fc3de1ddb3104516d0a52405592578f",
  "canisters/test/canic_icydb_lifecycle_probe/build.rs": "e592a7a96c0d33fc7989bfb6a0bcd51a84e5851348d33c7399b8a6b4a8fdb703",
  "canisters/test/canic_icydb_lifecycle_probe/canic.toml": "c13e258d29ee127ae75a80a51243decfbc54b63df28a9d42e6b9ba6812a15b00",
  "canisters/test/canic_icydb_lifecycle_probe/schema/Cargo.toml": "7f3b2275188fd72248129b2aa6bdceb8c4489941b6aca0f72828b56b6072aa00",
  "canisters/test/canic_icydb_lifecycle_probe/schema/src/lib.rs": "38063b54597775cc04642074c4325672de5afbcef70383ef6b207844f1efce99",
  "canisters/test/canic_icydb_lifecycle_probe/src/lib.rs": "ff89d4782a93a480a2c83d82009a37ea665526504545f05987610e2363510f82",
  "canisters/test/cycles_ledger_stub/Cargo.toml": "7dc5872db18c26c28d8af87953b7d858e23de72dee27c209f313f15ab0e0d363",
  "canisters/test/cycles_ledger_stub/src/lib.rs": "a716e1521b084bcdfb4c1eb0cf19ed53c2ed7fc809cc5e8f028f43c971879799",
  "canisters/test/delegation_issuer_stub/Cargo.toml": "1fb16f9b47293cbe3afa397374c4ef663125ff5212d92e18e63c99cc6903fe8e",
  "canisters/test/delegation_issuer_stub/build.rs": "30b890baeded3ed9bce1288a3ce1add9c4d10bb6014930d5d76ef1e75238eba8",
  "canisters/test/delegation_issuer_stub/canic.toml": "27b5a3ae41243590c56693112b2f690d78f1c61a4e8b89200c88ced65705275d",
  "canisters/test/delegation_issuer_stub/src/lib.rs": "d85bc0a27fa7e8712f73a69aebfe9289deebdad1bab5b670b6c1442660a5f85a",
  "canisters/test/delegation_root_stub/Cargo.toml": "1614f09d1af99d1cefb230642da6cf0590f9ed7f732688d6b3c4675e40c6bbde",
  "canisters/test/delegation_root_stub/build.rs": "30b890baeded3ed9bce1288a3ce1add9c4d10bb6014930d5d76ef1e75238eba8",
  "canisters/test/delegation_root_stub/canic.five-components.toml": "ad260fad36ed73c52eed261ca2823efa8e59e80168d232eb2b81e9ec4a884dcb",
  "canisters/test/delegation_root_stub/canic.five-trillion-component.toml": "52ae2071d602ffc0483efd33f76556e3a225b4dda2fdf80528f8f2b5bddf9ad1",
  "canisters/test/delegation_root_stub/canic.toml": "83fae060067d71ba728c00e8faa0e5c98f76eba6067ddac7e5e1fd2b670c868a",
  "canisters/test/delegation_root_stub/src/lib.rs": "2534ee278a2bde17c2b27121080f2dc9dc3bd67266ab59d65c65c1c4310134ff",
  "canisters/test/icp_refill_stub/Cargo.toml": "51168a2f5fdafb539a5d358da950da9a4e79f0c51a81a1544708d93c0ac4355d",
  "canisters/test/icp_refill_stub/src/lib.rs": "1b3ef9f80d26001091b0d66afa07b81a17090e306124150e71f14825c6b7b0c7",
  "canisters/test/intent_authority/Cargo.toml": "8662d60a82ceae49111724ed5f411b805eb59025c3f02e597ffb22d5f1a80e31",
  "canisters/test/intent_authority/src/lib.rs": "c9e0a84000e69c5c92368c7f936f7ed97984b462261359b860549a314803eb26",
  "canisters/test/payload_limit_probe/Cargo.toml": "5f288b2a7c52b0a102a69245e556fcad59055f71982cdf6642a51be0c032981e",
  "canisters/test/payload_limit_probe/build.rs": "30b890baeded3ed9bce1288a3ce1add9c4d10bb6014930d5d76ef1e75238eba8",
  "canisters/test/payload_limit_probe/canic.toml": "471b0e642f124083c0623e7997a3f8e24d6a318e875f70af68f1d1aec4fe713e",
  "canisters/test/payload_limit_probe/src/lib.rs": "a750456df4d3f4a7a2bcd79414bb0755bc39a5aafa70ba815ddf738e58191f5b",
  "canisters/test/root_funding_probe/Cargo.toml": "8866c130e5b9bfa62ab953407f152af7202a0490319028f6bccf53ba83e2668d",
  "canisters/test/root_funding_probe/src/lib.rs": "dbfbc6674bc8f3dc075cf8cb280f86ab9b1eaa97ac67eb9cb078cd687b0048d9",
  "canisters/test/runtime_probe/Cargo.toml": "eb00a81d8376600dfeb0dbe72737bc3ec3a571263ca7424963841ce346217e6c",
  "canisters/test/runtime_probe/build.rs": "30b890baeded3ed9bce1288a3ce1add9c4d10bb6014930d5d76ef1e75238eba8",
  "canisters/test/runtime_probe/canic.toml": "a2adc42385d6e2bc4e216e14a8fd64bd3546b9ae07ee2cc96db05d3477a2613b",
  "canisters/test/runtime_probe/src/lib.rs": "74e66c2677a067e6583565ab558362edd44606ddc4afd8a96c20c93e5d4a5c8d",
  "canisters/test/runtime_probe/src/process_fixture/mod.rs": "7dd630b2bd29c88ad933dedfa19b4c66f67c48312c2e038c5660f315b586d00a",
  "canisters/test/sharding_root_stub/Cargo.toml": "7cda523974ccf0961c52fcacb7b5bd7ffe2dd79e02f82a057ed00cc4ed028a87",
  "canisters/test/sharding_root_stub/src/lib.rs": "d63519ac28d8f80e12236b9939c97e4cb9c191f09b85850d65c75ef9797e2a02",
  "crates/canic-backup/Cargo.toml": "9f7928dbd0e1a88ffb00cde46ed3707424dda75150f860b1ca3ed236c1d24f45",
  "crates/canic-backup/README.md": "a74a79bbf0f43103a15b961f970d5990f729ff9faa3ff017e608b0c8ac108dac",
  "crates/canic-backup/src/artifacts/mod.rs": "7287ba8dfec08b6075202afcde7dd1bc94c23c776435944a3d23b6cbaf08a3c8",
  "crates/canic-backup/src/artifacts/secure.rs": "5d88b69950a690473177bb2af6865033ea9dabd0a0a699ea221212e923f1e562",
  "crates/canic-backup/src/artifacts/tests/mod.rs": "2c6ac84912257bd9090b5ba7011442820642697d0cd5268b1fdd8b761f183409",
  "crates/canic-backup/src/discovery/mod.rs": "72faf06dc64413b5fffcddfee63e0d832781a2393503b9734862915c817460b2",
  "crates/canic-backup/src/discovery/tests/mod.rs": "c153f0ec75b9b9401c1f499559b582f8d24570a673991b10b6c9259e54e9d94a",
  "crates/canic-backup/src/execution/mod.rs": "e6b94b154bc6ad5e8e8162a09c2c54bafdf4a71da4475ddc9098f856598ec378",
  "crates/canic-backup/src/execution/operation.rs": "c512078399126bfbc1d79ca1ce7612dfa9cc0a016546cf42ea6230b568e1b056",
  "crates/canic-backup/src/execution/receipt.rs": "b27b9208ba71123c87c244c1c9ffbd76609156acb82ff1d2e02515429d3eb9e2",
  "crates/canic-backup/src/execution/tests/mod.rs": "8115fde049a971be5aa18d9402839c880a94ea4016416411997385b41682e1a4",
  "crates/canic-backup/src/execution/tests/preflight.rs": "e245fa07654d3f1b0f0c785e07c4fe81a614efa74281b4211c89d4fb7d07e46f",
  "crates/canic-backup/src/execution/tests/receipts.rs": "53542db36ceb8e812ed67f6e497b9d7627a803ac010c5851c8cf266456053a29",
  "crates/canic-backup/src/execution/tests/restart.rs": "879fff65fcfe97dd118d20403c881ed724df372613d75b7e7320672122f0ca25",
  "crates/canic-backup/src/execution/tests/transitions.rs": "782d7fd4a3603a44f0f8314b4c50f18c6fad4f501a7fe2027f3dd94971ffdf43",
  "crates/canic-backup/src/execution/types.rs": "71c021f6f90c638426463942eddda168033ea0fada3384099f07c11b68108ba6",
  "crates/canic-backup/src/execution/validation.rs": "c8e8ce79c9027d443a5f7885d01fdc921a654269da42857eb13684b8a8c6883c",
  "crates/canic-backup/src/hash.rs": "7ddc4d15d95e4f3b06aa54f7d388496a1ddc521c6701180c01bf67d42f7a7581",
  "crates/canic-backup/src/journal/mod.rs": "8d89ca17bb58e73798b8d7b8c7251987faa1725dc2ce6a3f3f58b803d67de756",
  "crates/canic-backup/src/journal/report.rs": "4a6eeeab4727b2d65ec16ad16c26e3192eec93007748307814e967406974899c",
  "crates/canic-backup/src/journal/tests/mod.rs": "629eaecfd58f8ce39353c07f81f5db9469f9056c0cd4222b814c2f89b77e136b",
  "crates/canic-backup/src/journal/types.rs": "eaf087e8d86020a551f98a3eba77015c048ffa76e054db9973faeb90c2508823",
  "crates/canic-backup/src/journal/validation.rs": "232e70f0d97741688519281af5f215705dce2e1d939185d71a33fc3d9ca70ad4",
  "crates/canic-backup/src/lib.rs": "cd72e82098539167ab5091ff65533ee642d1cd828689a02fac8ae53c47baa66a",
  "crates/canic-backup/src/manifest/error.rs": "1c1666370b46792e8808657ceae85e3bcf1d6545f3a8f15708a1a5240bf38d2d",
  "crates/canic-backup/src/manifest/mod.rs": "4e80a8e7163bf39aa0f2138a631acab958f3e996aa686fff460fd67b2ebb4885",
  "crates/canic-backup/src/manifest/summary.rs": "b47f3570adfae4a67c02d9b50d6798c0a5a6ec3784cf15c65f83ccbc8c92102b",
  "crates/canic-backup/src/manifest/tests/mod.rs": "b05eacc6e81952afa80a07489624e657c487737e84b3ea639f018174ccca8906",
  "crates/canic-backup/src/manifest/types.rs": "d5a76eb8e59c1df04924f177ee6074d33f421b18efa918064299b40bd7e22993",
  "crates/canic-backup/src/manifest/validation/binding.rs": "3a9060b1dda01a11c52b6ea5c9051076c1328f2982e1c878b97e001b517eb837",
  "crates/canic-backup/src/manifest/validation/mod.rs": "97707429e9fb023158fa46df056fe2bd5129c1ea86b4657f9e24682d2162ea9e",
  "crates/canic-backup/src/manifest/validation/scalar.rs": "5e562928f73625e3fe7f6790d5ada7170e6c83a0fc1311800f191c586be2c4fd",
  "crates/canic-backup/src/manifest/validation/sections.rs": "4dc6629b08f40562ebf218f8f7fb2b2c11bb7a444ed1e59ea2ab1e0f9aadab14",
  "crates/canic-backup/src/operational_readiness/manifest/mod.rs": "8825ac4d37b8a766abac8b7f41ccb62afab948491d1215d2d86badf2bc9c9424",
  "crates/canic-backup/src/operational_readiness/manifest/tests.rs": "0c00f8f0c2ed04fbd3aa26aa806f6efc228f08a34b1976b0141bfb0946fd361b",
  "crates/canic-backup/src/operational_readiness/mod.rs": "c5da4c58f076eb54ed4f0ea8db6ade85ed649951aca53f37d51fe16058c059c1",
  "crates/canic-backup/src/persistence/artifact_commit.rs": "1ea6bab6ea1f48c8690938164e1ae10a00ab211213fe5f89612b3f7f5420e044",
  "crates/canic-backup/src/persistence/command_lifetime_lock/mod.rs": "926343325c3a6c38b25463d8718f663226d0d7a61c22fc6be60d7cb18abfe287",
  "crates/canic-backup/src/persistence/error.rs": "ad48e221eacc30b2502f3f13ea9581235b3725ad8b9ea9a134ea63a3ebf80935",
  "crates/canic-backup/src/persistence/file_lock/mod.rs": "1fcb1ed309c6d941833fbd0e41aa8679d745fa63a7599e533d5613e7b6ea1d66",
  "crates/canic-backup/src/persistence/integrity/artifacts.rs": "8295190a585fedc79659b828dd3709f5a146f014856e17910f6b7e30988f0109",
  "crates/canic-backup/src/persistence/integrity/execution.rs": "48ee1bee54c5862265482e98f36b8c7a762e93c4e3eace8b205740b2a167a6a1",
  "crates/canic-backup/src/persistence/integrity/mod.rs": "24435f07d77b268d985c920230ee28be5325d7e39d880f6fc7f421678874f23e",
  "crates/canic-backup/src/persistence/integrity/path.rs": "d0d09eb8ddb8e2493fd93811bea32b4c24aa24439d111343a80a422b91de396b",
  "crates/canic-backup/src/persistence/integrity/reports.rs": "db08eb7e42ff7f01a7f562d9ff068c9ac0d38f39acaa776db45e7387ed4b551f",
  "crates/canic-backup/src/persistence/integrity/topology.rs": "b123b2d0ed63744ae41535b4a205e7d424f5e9d4dff4325f169b0df7ac44e8ca",
  "crates/canic-backup/src/persistence/journal_lock/mod.rs": "55a96cbc78637a3fbfc6832b9f3ac319a681819024997a437b2ea761840240e1",
  "crates/canic-backup/src/persistence/json.rs": "faf598c85da3486bf7868ce5b0e11461c1919d1708205bbdffda305b4ced01f9",
  "crates/canic-backup/src/persistence/layout.rs": "0581e44a3ec599ba17aaa8967882ee92dfa1ac6abb63f4115e2dab8e37336abf",
  "crates/canic-backup/src/persistence/mod.rs": "57d91eee8020e29f2ef8d5221f9885a9cd15760d9ea5a8acd6fcafc2dff29565",
  "crates/canic-backup/src/persistence/tests/mod.rs": "7c357a9aeb56e187fff6990a5571f51170b76952a1360a1a27245806cc95b676",
  "crates/canic-backup/src/persistence/tests/operational_readiness/artifact_publication.rs": "84efde08d719a5a63548485e82458230cf5974bfe8272ac9fc9614bb39f36875",
  "crates/canic-backup/src/persistence/tests/operational_readiness/checksum_effect.rs": "7bb19943064a930771a2e5e9eac12989bbc2628ca3542bfbfd8ac0f0f6464062",
  "crates/canic-backup/src/persistence/tests/operational_readiness/checksum_transition.rs": "f2a85e4c086d71f949b9ffe1cdc0974e3fbaea6b7553749af2d803a1a2e33c4f",
  "crates/canic-backup/src/persistence/tests/operational_readiness/command_in_flight/mod.rs": "8576c467193141ad2ad3b7ea7fa177ddd1d6459e0dce54fb8d254d7b92b55b11",
  "crates/canic-backup/src/persistence/tests/operational_readiness/download_effect.rs": "709ce4a134dfe9c68ba107f73facec5a286a648a6baa61ce6caa9ade7ff08da3",
  "crates/canic-backup/src/persistence/tests/operational_readiness/download_transition.rs": "6ce12bac109d380126cd72c8759ce95986e6b43abebb1523110a00d82e2850fc",
  "crates/canic-backup/src/persistence/tests/operational_readiness/durable_transition.rs": "d354a58384f4d565aec644a49747a5c8635ff19751411b394ea141ec59632f68",
  "crates/canic-backup/src/persistence/tests/operational_readiness/lifecycle_effect.rs": "5fda677adbf1b162f61ea82144d1c03b6e9c66b9ffcc96c673bed9bd7d947532",
  "crates/canic-backup/src/persistence/tests/operational_readiness/manifest_publication.rs": "37aa37d1e27bc9e6084912871d28bc434a6d240bb31e40f4206f1308938d78d9",
  "crates/canic-backup/src/persistence/tests/operational_readiness/mod.rs": "0abf2bd7e59d760950a75c4f76e4aa71ad57ed0601e082b1032059a626a7d556",
  "crates/canic-backup/src/persistence/tests/operational_readiness/pending_claim.rs": "c0d9f0bf95038189fd2d9f18b346ebc7595ae1cb910a09d46c2778e7faf80371",
  "crates/canic-backup/src/persistence/tests/operational_readiness/response_loss.rs": "fa1b905ab6471fe5da75fff0a1ab4e1b99e0885ec55502707ad870aa3c2647e1",
  "crates/canic-backup/src/persistence/tests/operational_readiness/snapshot_create.rs": "23c035968ec5b237ad327b66e79894b2d3b094c0b30ecd42b7bf100382936376",
  "crates/canic-backup/src/persistence/tests/operational_readiness/terminal_transition.rs": "e86368338af4a8dc799c6f59263bdcaddb5ea14e260b07caef8d7c968019e325",
  "crates/canic-backup/src/plan/build/mod.rs": "07520d509b2eab0207b56b2825ad8ee604de0eb364a8b57622c609cbcd06ab62",
  "crates/canic-backup/src/plan/build/phases.rs": "c314ef19c19f05de6089e32632fc700adccfb0ae5d02cf0bbc2280f086190a5d",
  "crates/canic-backup/src/plan/build/selector.rs": "379e749223361126275523c82974f3c1814afa18c2eeb26cb916695f57d5d2ae",
  "crates/canic-backup/src/plan/build/targets.rs": "246ab8ee4da1ec6c8e69b7773cc6b7f2e66e92c5d5951981d838493c77f85a88",
  "crates/canic-backup/src/plan/error.rs": "3dca305caf9f45c44ed02d2a16abffc8a21b8c109694f094086275f701f59af7",
  "crates/canic-backup/src/plan/mod.rs": "627d30be14f376ea039b5378471ac460bc0ca90e9dca07d7f6338e9bfa6bb60f",
  "crates/canic-backup/src/plan/preflight/authority.rs": "a084d53450855077952b9e8a9b7910d3cb4aeb5848d3fc5def49d41b34529f35",
  "crates/canic-backup/src/plan/preflight/mod.rs": "c865c9acf021c6895db2eb4e2b11d900550399a71734818f3a643d67795d5f8f",
  "crates/canic-backup/src/plan/preflight/receipts.rs": "6fa3af5737687c6155f13f74caa0901bac0e8ffa43b99c55b52d54bf73b30d3c",
  "crates/canic-backup/src/plan/preflight/requests.rs": "a331aeb927b44659b171848455b78aea4c5a15cc9a1cafe0e68c9157fa7eb116",
  "crates/canic-backup/src/plan/tests/authority.rs": "28df94447dc56fbdd3e38d2ec074142ae65eacf78c2562e54dcbd38da5f9b5a8",
  "crates/canic-backup/src/plan/tests/builder.rs": "fc7d35fdfdf8425e903c6b7f98c3800a33aebb221ad0cc1b96138d592d18d3e9",
  "crates/canic-backup/src/plan/tests/execution_preflight.rs": "60bad6ed4872b84108e5de2f52b8cb4280110d55bbb2fc9fbd703523fd371e54",
  "crates/canic-backup/src/plan/tests/mod.rs": "c6a57c9babb162b177f776766f51968b7ed7e8d0ba7d012df15702956170a9e0",
  "crates/canic-backup/src/plan/tests/requests.rs": "f522c0fe6db250fcf05ce202e6ba6c148fe48661e8f6604e5f77fb0e1d8672ef",
  "crates/canic-backup/src/plan/tests/validation.rs": "3929530902a1f8942c594f53657464dff6d64f55fd599beea4fbfd156031a627",
  "crates/canic-backup/src/plan/types.rs": "f867bf800be73c3dc6d8a3ee67da6f7c6b36cf6f3ed28f11e2137a660dec1482",
  "crates/canic-backup/src/plan/validation.rs": "794ea5b0db5e32e4f94bb1c4d5e6c5754c006db71ebb79273911d6161633c562",
  "crates/canic-backup/src/registry.rs": "1e9293debae27f35b45a46cbe42b86e4986601fb0258533842b4da011266f2a7",
  "crates/canic-backup/src/restore/apply/journal/commands/mod.rs": "dba9fdf1946b5a5cd151cef0147ccd7baed0674bf081cc7267dcbdf5d81c7b72",
  "crates/canic-backup/src/restore/apply/journal/counts.rs": "b387840de15ef8259dd1247edab9709910c1ce6ff10310d561a8bc3e4d1d6674",
  "crates/canic-backup/src/restore/apply/journal/mod.rs": "e7648ed3117dcac8d9c621cfbb0326385f1eef4d01fad80db51f297941a6c149",
  "crates/canic-backup/src/restore/apply/journal/receipts/mod.rs": "9f308a2284d16a67cf1fd52cf9c7fbe3230795175fa4c871f28885d4eb530525",
  "crates/canic-backup/src/restore/apply/journal/reports/mod.rs": "0aadf70893919aa1eb8a6e53009f85300f4b289fd386bf8b0cface4f55721a89",
  "crates/canic-backup/src/restore/apply/journal/types.rs": "291d62328be8f30b317bde87f6e5a50fcc45ca9e804e7bc4400808dd7101a15c",
  "crates/canic-backup/src/restore/apply/mod.rs": "ecdae22edac29885eb1907b799b7d489b3fba7633667556e74b021b2d4fb79bd",
  "crates/canic-backup/src/restore/apply/validation.rs": "f24e3793626d0e7e8e77c4aceeef472782ce24661d869e78b87d98394f0f6f7d",
  "crates/canic-backup/src/restore/mod.rs": "74318de93d353ede6bb579a85ec75f76b04cab7ffe271071e87af59f22b22b9b",
  "crates/canic-backup/src/restore/persistence/mod.rs": "a5b0c7f101a981de80fa5fe4298f72ea777091619a9bbcdf683a7f6dce45d3fc",
  "crates/canic-backup/src/restore/plan/error.rs": "0055bbb3741656e1e7096d859297892297736586d9a7705bd7a7a5623d9b9778",
  "crates/canic-backup/src/restore/plan/mapping.rs": "a171aa51871a5206e83d84df953be2a72436ae00786e7179d37a6a3ba6513877",
  "crates/canic-backup/src/restore/plan/members.rs": "5da88b01f0b28beb6bcf6e09a78c1993014abac93d268607944d1383598db80e",
  "crates/canic-backup/src/restore/plan/mod.rs": "a9134cbbb6ec08e5144c5dc17201587326ae80e6f29bbd1cc1f727cd61380904",
  "crates/canic-backup/src/restore/plan/ordering.rs": "c1f8b257434f88ea337267be25547270d2cfe2fc738da8495fb7a8f75e1c3264",
  "crates/canic-backup/src/restore/plan/summary.rs": "7ccfdae4a757d451a46e97723c093eda5a80793061307090c5657f9247ee960b",
  "crates/canic-backup/src/restore/plan/types.rs": "d3a086558829183d5280e7a96475b00169e6d34f3319bc78cca49013255ad7da",
  "crates/canic-backup/src/restore/plan/validation.rs": "fa6139061870d05dc32d06b368801253f71ba79d0f264eed016ba305786ffad2",
  "crates/canic-backup/src/restore/runner/artifact.rs": "d3e34cb28e1c60c05859e471be028e78a09fb8aab758ee12c51a650b10156bbc",
  "crates/canic-backup/src/restore/runner/constants.rs": "3e3173f4f74f2fb0293ee866dd3a7b7291d94d4bef10edc7ded73c7b681d151d",
  "crates/canic-backup/src/restore/runner/execute.rs": "aa5163145f4dbc95b1134a7e32c3090a3b930af1cd78929c3f7fb4a0a2461d06",
  "crates/canic-backup/src/restore/runner/io.rs": "e93b77907c06b21420bc3484c14d66cafe1c5d0db2996e77abca461c1d3baad8",
  "crates/canic-backup/src/restore/runner/mod.rs": "592475df9b77fd2444cf6afd9554896674acf2db0873256e131defb1599aa8a5",
  "crates/canic-backup/src/restore/runner/precondition.rs": "1bfacebee715ddf0bdec2aba905eb875ad68e39269d818edb64d67faeae85ddd",
  "crates/canic-backup/src/restore/runner/preview.rs": "ef318c842c677ed38b4399ddd29fe2dd8161a9c75837f888557833de993d400e",
  "crates/canic-backup/src/restore/runner/status.rs": "45005902f6aa2dcc6ee48f7bf21f9eb36bf082c17b22378c782e8b30e79d0358",
  "crates/canic-backup/src/restore/runner/tests.rs": "c31c811dd2b71811e43f3d39cb4ac06f591b36c6b19f60b8d384d90928214a5b",
  "crates/canic-backup/src/restore/runner/types.rs": "b31a5de1e92ad0c65ccacbdfa6ae68a51cc3c45f854e53338670aa512767e412",
  "crates/canic-backup/src/restore/tests/apply_dry_run.rs": "5bf85516134b8d27b698cc2ea34a4d9d8c8f7e34326bdeb61193ac259e61db90",
  "crates/canic-backup/src/restore/tests/apply_journal.rs": "82f1b62b9bb9ed71d401012009a837e72e2b1420125ea9f8eef877ec5051164e",
  "crates/canic-backup/src/restore/tests/mod.rs": "e1877939d6c812148688d5d8a56c1016331d9a9e6081fccb115f11e6a8f6444a",
  "crates/canic-backup/src/restore/tests/operational_readiness.rs": "1cec8dae56177c415a008dee841eb671077e1fb6dba79925755d06ff47d32914",
  "crates/canic-backup/src/restore/tests/plan.rs": "bf971245afb1d50250644a12b9fdbebb8f2fc7fb553771ab703fdcc860458f2a",
  "crates/canic-backup/src/runner/manifest.rs": "6cf16fc6147ebf3e064a1f849cf84358cbd497fad4f77760176151a3989b0128",
  "crates/canic-backup/src/runner/mod.rs": "964b339c4d9bcfbfd8c987f6a494e9b1110e52a6a115e0c233f060adf2649e7d",
  "crates/canic-backup/src/runner/operations/artifacts.rs": "6a5006f94e5bc6df0419877396fe646bb947e6e222866a9bc4d0ea15e6ce1590",
  "crates/canic-backup/src/runner/operations/journal.rs": "708c10a080a688ea7c160e4c95e45429f0afa1e11c271f7e2f476455ecf6e844",
  "crates/canic-backup/src/runner/operations/mod.rs": "2e2760d815be749cfe9cfa71f9604ae026ea26ca143770cc88896f0142fe4569",
  "crates/canic-backup/src/runner/operations/path.rs": "5e74ff0af1688f69e795a3764a8e44aac71a035ae8e9b61cfeddd8b467eba155",
  "crates/canic-backup/src/runner/tests.rs": "100db384672b0ba27f36a45c8e7687ba7d68e4eb955759a6745b649f9653d2d7",
  "crates/canic-backup/src/runner/types.rs": "2f0cd20e921addb0099d9477c5dee4a37c919b2404d94702985fc945a847b136",
  "crates/canic-backup/src/serialization.rs": "8b095e702f096c238b92edb291aa913f5a66dd14d8446df01a1b6f325efdcad7",
  "crates/canic-backup/src/test_support.rs": "692a84b4d73502efeada3e86e7bb0b6e5f04f8c64d39868f60aede95534a4569",
  "crates/canic-backup/src/timestamp/mod.rs": "8e69248970473b5e28f3e31f2abedea7767fb352c7ce4e49f87c73d04a4897e2",
  "crates/canic-backup/src/topology/mod.rs": "cc4dabfc51f446d0887e3d8d52db4914f8f880396235ab533bcae9aacb17dc2a",
  "crates/canic-backup/src/topology/tests/mod.rs": "8f75bfc22ebd42a7b32821232e7c3e38d5e67c2bef30735bd2e8947399ad9ec2",
  "crates/canic-cli/Cargo.toml": "5bbcf0e23cf9a6f211e4b7accb0a4cdac1d745844225062ffeafe886e2d4cee9",
  "crates/canic-cli/README.md": "93af220b69bb9ef1292b34fa01e657ad2083f698f5371e0e8841c6cfac3d6342",
  "crates/canic-cli/src/admission/mod.rs": "ecba8676a66b40f18335da8fad77614c8bf32b65bb05f9f89afdc5c9179c6582",
  "crates/canic-cli/src/admission/tests.rs": "1a5fe83d75b36ae8423b264a8f1f2bb01a4b2e29825a03512e1c806d0a88a4c9",
  "crates/canic-cli/src/apps/command.rs": "4510b7b68be68ba6dbffdf27b3cd1fac2542af6642b631e485e2b887bccc2a7b",
  "crates/canic-cli/src/apps/mod.rs": "7fb772689385044b1414ff796addbb4a5f23f27d3bbbc7dedd4252737c02f811",
  "crates/canic-cli/src/apps/options.rs": "ce79381a26347cd323e87299e63b47a294f4e844399b3ca17f56c94db4b4af91",
  "crates/canic-cli/src/apps/render.rs": "ddcd5c066a7969775111a59e3bea31977e75225c146fdd5ddfbe903e07a624f9",
  "crates/canic-cli/src/apps/tests.rs": "1851694b9fce3212f3c071b7a45546b30e87333e4de6ebc597e00612e7c0a926",
  "crates/canic-cli/src/auth/codec.rs": "f3093a751da00e678a547ba6f2107aa96acac61c6a2d825488f1fa6e3af6a8f6",
  "crates/canic-cli/src/auth/mod.rs": "146d4e79835f69cc4c4f64bf6e5b14d529867e0dcdaf29afdc9faeefbf4d73b8",
  "crates/canic-cli/src/auth/render.rs": "08b587544f249ff2c07923d253943841bca4a9d44acb87422b74be45645df26c",
  "crates/canic-cli/src/auth/tests.rs": "3b76c5dce111dd99bc7f5c91d15ae3a27a03bdfbbb61dc347b459e9366990fe3",
  "crates/canic-cli/src/backup/command.rs": "9c7240beea4cfea4e095870ead175dc86503a0decf1669b9cb43fe9511bb3c23",
  "crates/canic-cli/src/backup/create/executor/mod.rs": "ea01cb63e620a1e8b0abd5ab0a70ae232dc093a0927222e5447247ac0095f980",
  "crates/canic-cli/src/backup/create/executor/tests.rs": "0ee2d238399cda0ada75a8efda274e37580d5363ad413ebee2bebc25ce8b6372",
  "crates/canic-cli/src/backup/create/mod.rs": "37e1b4a63fe210fce4e412ee1d4c597f8e5901bf4e970f59fb9d56dbfb751415",
  "crates/canic-cli/src/backup/create/persistence.rs": "b1c84e4f414c3151a69af7238a5e8ac1e7e2b07e1bcfebe86da53cfb9f53278b",
  "crates/canic-cli/src/backup/create/plan.rs": "ca1d11c1178cddaaa8d3a890f67a8f8dc80a083407250ea1513ec3bf1f2e3160",
  "crates/canic-cli/src/backup/dispatch.rs": "ccf3fbc299e304e81ed595f911ee6b65de3f0081ec0305f195f791af270d663e",
  "crates/canic-cli/src/backup/error.rs": "83d5e5acd34e79b7315627645dbce471c96a927e618ff6920f68df4e409e28e7",
  "crates/canic-cli/src/backup/inspect.rs": "24c4cd47c449786034ffe58e7737ffe4eee0e7f670cd6b57b380d7d2322d0cc4",
  "crates/canic-cli/src/backup/labels.rs": "979364e90d5ee731c5970cc60186f975f8efbd9c8cc1f625da2509008b4c15fa",
  "crates/canic-cli/src/backup/layout.rs": "61336705b8d9667af621bd32b6328f3416bac3153811df20f6819c8433f3e756",
  "crates/canic-cli/src/backup/manifest/mod.rs": "30a88c27711f6f404932a0f80d200fcac1f759d9a0025b370029e89e0bb1c052",
  "crates/canic-cli/src/backup/manifest/tests.rs": "3ef5fb298aca732df419c9adc8f771a4a8a7cfc36116e5082a6ab08c37c2ae82",
  "crates/canic-cli/src/backup/mod.rs": "7a31ba8e858f3e60a9ede5f7cf5b735d1ef0ce0cd3869382f5fa4dd63d859493",
  "crates/canic-cli/src/backup/model.rs": "405b5dc8636efd01937bb2bdb75addfa94727eab525b0b632cad04b89f5fafd5",
  "crates/canic-cli/src/backup/options/create.rs": "60ace473e6adc6078852c81177b2ae992837fd3940742de89fd1c6359d690fa5",
  "crates/canic-cli/src/backup/options/inspect.rs": "842845a8a2362bd18e13e42839ccbf7fdc3f11263491efd3fe3b11b877c2b751",
  "crates/canic-cli/src/backup/options/list.rs": "9341a2ee8b14f1d73f15594c207fb64428b92b55b35f6e646a65cb437dacd546",
  "crates/canic-cli/src/backup/options/mod.rs": "492808e6187623a422626c7c64eaa87328da710b265c6cf04c7172db63846e10",
  "crates/canic-cli/src/backup/options/prune.rs": "7ba42403d99fd9f4ee7a8ab8b68a825aca3fa814776f6a2bbb50accd48b5970d",
  "crates/canic-cli/src/backup/options/shared.rs": "2f02cfee4acac836c59142be5a0870cb49fe665eba60ec87df7850cef50d7670",
  "crates/canic-cli/src/backup/options/status.rs": "be37af89616979c382481d8fa6156b9bfef64225acae1fb1da5592d0efc0c62c",
  "crates/canic-cli/src/backup/options/verify.rs": "101e95917e3b8f8625b2b1c2e657835cc12d67142e28d68e3e0c8602133149e6",
  "crates/canic-cli/src/backup/prune.rs": "6f7e0c78dcfead006b54ef2fedc5df472c98fdd860c33894e13f94c849e1f4c4",
  "crates/canic-cli/src/backup/reference/entry.rs": "9e0af784e7a019a205144f033972dcd8385b82f8a73e4435622437ee5d1d35cb",
  "crates/canic-cli/src/backup/reference/list.rs": "e69415e12613bc87a6b46fcf1a672457f550afb32a89f7935c7360c85671c340",
  "crates/canic-cli/src/backup/reference/mod.rs": "eb501c9fa1f60b2b2b5dc0a154c323bebdb65709adc41df8f088dae15bc0f50d",
  "crates/canic-cli/src/backup/reference/resolve.rs": "6974551f6420e9be9dd7395cffc007138702fb2eadc84a6e0af5fc61e3ed1876",
  "crates/canic-cli/src/backup/reference/timestamp.rs": "522380cbcc66a33acaafd8c42834b2379b0bf8ef7a8a0bc27b0d9d3d7843c027",
  "crates/canic-cli/src/backup/render/create.rs": "cc9da2ee7b0686dd1290034c9c6df94979e9e6f4be0adcaa6aa20c3a82b0c84b",
  "crates/canic-cli/src/backup/render/inspect.rs": "f3b484de45f9d308c00630b7df9bc100e5b42667b6cb36be5c9666d602a0e703",
  "crates/canic-cli/src/backup/render/list.rs": "aeb8c8c6c702ff9e6b9eef6159ac62733a4e25425d13b2e91014a38c9ba065dd",
  "crates/canic-cli/src/backup/render/mod.rs": "ed11cdf92fbc3a206a10a2d1ada9f284f02a72647a7e0ad820fcca88b44ef06f",
  "crates/canic-cli/src/backup/render/prune.rs": "fc4751d8448ce3d0e050e11f65fb9c03b591fc0e06fbb978a81cc0ac6dec2982",
  "crates/canic-cli/src/backup/status.rs": "fbe00b9f8211f8f1f3efe37e71f293fe59a1d657ebcc13daddafcb5dbd0f21a9",
  "crates/canic-cli/src/backup/tests/create/mod.rs": "7ee97be64b502b53a06cc76518a6a02cbfff32406d68ca91a448343137f3dba9",
  "crates/canic-cli/src/backup/tests/create/persistence.rs": "b73f595a17d7e62ff64c1b17dacf330d6a59f2981a5689469e29d2b1504002f4",
  "crates/canic-cli/src/backup/tests/create/rejection.rs": "936825498b98234fd09f9dcc380f161d14a3c551aac7924133c062611f50fea1",
  "crates/canic-cli/src/backup/tests/create/resume.rs": "8d5c7d1d58dfac1393b7dca6e9e1475e24e989f21e454091a430fd75b64f92b8",
  "crates/canic-cli/src/backup/tests/fixtures/artifact.rs": "e9030cff2942d3bd3ce99c33b7b28e19d5f88cce7a6523dc5c1753ce221e3db8",
  "crates/canic-cli/src/backup/tests/fixtures/download.rs": "2e20aeb8fd9c57c2c78ca5b48f1624558f21c2038b10d0811ab3b1c49417e8ee",
  "crates/canic-cli/src/backup/tests/fixtures/execution.rs": "b5955924afc295f93e5febe395b35b21ba9e6ed2958289dee157ffad213fe923",
  "crates/canic-cli/src/backup/tests/fixtures/layout.rs": "32d16511c68ed8b5ac747b7e133e2a620cd0377ef804c108e9bc3d54e4d95fa5",
  "crates/canic-cli/src/backup/tests/fixtures/manifest.rs": "2feccb1e49c3815d82a5f78f907f9b5adaced713901829306941244ec8a1c68f",
  "crates/canic-cli/src/backup/tests/fixtures/mod.rs": "4532c636f532bcaabb5d5332ed07b4794598ceb353d5dece049452fb6ae7c7a7",
  "crates/canic-cli/src/backup/tests/fixtures/plan.rs": "52b2901a0d5d3a26b03851ebf7e636b7452452642f377e753561e3f14f7fbe98",
  "crates/canic-cli/src/backup/tests/fixtures/stamp.rs": "b7c68ae756849830e1c16c1429e634e27b79e5d66e5f8cad17aaf234f9f24cc3",
  "crates/canic-cli/src/backup/tests/inspect.rs": "a737904dd43533d45e66ac22bedd2611c57fbffa847a8178050525bf1b4755e3",
  "crates/canic-cli/src/backup/tests/list/created_at.rs": "1d59e6de1acc5f5fa7cb58bfdbbffe37523da88f552b7a7b127a65b162950618",
  "crates/canic-cli/src/backup/tests/list/execution_status.rs": "ba84f5c540db0045c087c6b50976227fe9e4ef658493172e3c8993df05cdaf96",
  "crates/canic-cli/src/backup/tests/list/mod.rs": "c2875022eab89636b9bc7953e905acda016d931733c5e26890920db1b78723bf",
  "crates/canic-cli/src/backup/tests/list/scan.rs": "50520b63b40414bb106ad9a8625ee40d6385deda5ff2032974b66a060c0d2fd1",
  "crates/canic-cli/src/backup/tests/mod.rs": "e044d62d606ac06c100c9cc94cd998aca81baf6520037ee17a25f385a88bb363",
  "crates/canic-cli/src/backup/tests/options/mod.rs": "cfcc0a0c4f314f608483f5401a9fa21194e89c1153b4d0b215895714e7fb5127",
  "crates/canic-cli/src/backup/tests/options/parse.rs": "0da7417879a0bd2107ae66a37932b85a56971329109d0d614d6e9ec04832c184",
  "crates/canic-cli/src/backup/tests/options/selector.rs": "a9bf89501277ee661b39e78b24f957444222bf0a961da9d45db040f47e7f3eb4",
  "crates/canic-cli/src/backup/tests/options/usage.rs": "96b4c5d26f6bfbbe3b7bd78e00d2dd5c0430250a2f7169470ec06955e150fb0f",
  "crates/canic-cli/src/backup/tests/prune.rs": "fd4c8703d6f46e208ac3734bd8a00775369e7f6a619bffb1b021d598cccde32c",
  "crates/canic-cli/src/backup/tests/reference.rs": "fd557fe2635ac9f7fe19e2cd3fa9ddd8af3d65705f816062d3d8c8d4e09f7509",
  "crates/canic-cli/src/backup/tests/status/execution.rs": "8f1e548c0bc700460ab0af0df06ee2ef60414456d5ec1296b17cd36f833de77d",
  "crates/canic-cli/src/backup/tests/status/json.rs": "b2754f087c32243bdb57f709b0a620a87459c35d40cb8af7273ed41ef167a074",
  "crates/canic-cli/src/backup/tests/status/mod.rs": "e74225d6fcc1ae4dd90e5e68db403937d7bfaf41ac2f5dbd8ecc127ed8ee86e5",
  "crates/canic-cli/src/backup/tests/status/read.rs": "9b87fcb2992b874be2622db9bf339204b7a92deb9e26664341fde3d84ce8c38a",
  "crates/canic-cli/src/backup/tests/status/requirements.rs": "993df232e8455f6a95683d3815a493aaf59b2ac9b04fc57429c70df04fa54745",
  "crates/canic-cli/src/backup/tests/verify/integrity.rs": "654d825b837ec5cdb5c73c6d54de7f359ae258c21d3db872278ef6b687450e61",
  "crates/canic-cli/src/backup/tests/verify/mod.rs": "b844ebf0b3b9ff4ed2a81f9a4f8ebf74332cc9dbd70d3c0263d6b0995c4179b4",
  "crates/canic-cli/src/backup/tests/verify/rejection.rs": "473f939a5cbad188dbc682f270c47f43520478f8aeccbfa0e3f8d2cd1b419024",
  "crates/canic-cli/src/backup/verify.rs": "6d5b5307bbd8fab93ec046d477a33d596e0d0c1c1202fca7cf6c2fc825f06019",
  "crates/canic-cli/src/blob_storage/mod.rs": "ecbe9ccd8d65d9d7627ae91face1acf1133c00467a9fd2acb97f7e04f8e836e3",
  "crates/canic-cli/src/blob_storage/model.rs": "3480f353d9cd037dfa5255d37a2fd9a76433236d91a5c1339e7b2688f858c3d7",
  "crates/canic-cli/src/blob_storage/options.rs": "e27030cde27903c9eade734974f99559675fb280c73d2d1bac41265cd84f9daf",
  "crates/canic-cli/src/blob_storage/parse.rs": "a96ecf4e2ad18b7eb23c71ece6d8bba222fad55289643719a112dc81c0468404",
  "crates/canic-cli/src/blob_storage/render.rs": "ead16cbd96e5924b8a17b15549943fce5de717b601b640a9c42d0f247e6ee5a3",
  "crates/canic-cli/src/blob_storage/target.rs": "78fa8feeed994ffac4949201266c5dd1992cfcc1b9df751f4d3b2668be50aecb",
  "crates/canic-cli/src/blob_storage/tests.rs": "790119bc0f8e064ebdf09cef6226b28ec5eed44cb9675e0df828c03d61f96651",
  "crates/canic-cli/src/build.rs": "c87d1cf3796073701ba7a867feb0478c52d613607aecdcd2beeb356a77addfff",
  "crates/canic-cli/src/cli/argv.rs": "a8ca813a9bc719ed0f612b374b83fc4017f6a70e9215d4eb828d1bcd352ff35d",
  "crates/canic-cli/src/cli/clap.rs": "6bf37f9c0c2d61545941d88130445888cb1da40d11e23e3aa7071a162cdff0d5",
  "crates/canic-cli/src/cli/defaults.rs": "9dc3ee60554c62be1002d6422f90919f9f7db9633699f141a36c7022d9517eaa",
  "crates/canic-cli/src/cli/globals.rs": "d97d3c741ab9f371ef3a0d612340a238cb9308819ee472f7d023b981dbed354a",
  "crates/canic-cli/src/cli/help.rs": "dfc366784f83994e347b9f753a4ff020a4bd823ad0e970295b0df57281f64fa3",
  "crates/canic-cli/src/cli/mod.rs": "6878fca0cf69e99a79b63e2561ffae48cf66d08b61669db142f625d10809c0f8",
  "crates/canic-cli/src/cli/render.rs": "2de39fcce87713b0883797e996fa5201e4fe997f04db692601328bb86a2ec74d",
  "crates/canic-cli/src/cycles/convert/mod.rs": "c4090e95f17da5956a758c7f6cd9153cec1ceaf36857f33f0ea64fc6ae7c56de",
  "crates/canic-cli/src/cycles/convert/operation.rs": "dc5d07376ffc83dbb8359c59258d035996759fdcc2bfe22468434d9243e769aa",
  "crates/canic-cli/src/cycles/convert/options.rs": "f31d9796d942fc611cb21e160a7d4d3b307f54404d96511c155810157b86903b",
  "crates/canic-cli/src/cycles/convert/pending.rs": "4580a06bdc9810773c6724b43f09e19b92d836d3f3e247ed743c47cc1e82e860",
  "crates/canic-cli/src/cycles/convert/request.rs": "6ffbdba3a590cd86307d024323d8899940c117aed742e3581138cd41c5ece6ad",
  "crates/canic-cli/src/cycles/convert/response.rs": "5b7fc6fee5896629f5ba5d2af8d2d288557f71727b2d1e01e1dd26b61898f197",
  "crates/canic-cli/src/cycles/funding.rs": "2349bd6f63c6150b1264d79ad9f82e0c18cf2e9c7f6a9416cf37fa04dc7e4e3a",
  "crates/canic-cli/src/cycles/mod.rs": "fe4b3a0fb846868b0cc43daeeeb35a2bebe942a0e05b2e835025a5947fd73d48",
  "crates/canic-cli/src/cycles/model.rs": "498311b31d390ae9eb9eac6890f3afb874e00767e55372273fff58725fb5741b",
  "crates/canic-cli/src/cycles/options.rs": "9d4fb57bb7acde1e1361b85393e001cbd3cff15577f67db4ea994067cdf4b6a4",
  "crates/canic-cli/src/cycles/parse.rs": "e5e5ce05207b0c3e4624e22b661bfe690988615eda8c4a9ef00321630901662b",
  "crates/canic-cli/src/cycles/render.rs": "e39c315456c32079fb96fabd9ac9733a5a6ee673fd7628abf7db8946bd317a6f",
  "crates/canic-cli/src/cycles/tests.rs": "383bcfc5cc9da92e65a87745bee28529490b0924ea5aa3e0834944c5b05949ef",
  "crates/canic-cli/src/cycles/transport.rs": "ebce3a3a37627d274be992eadd25f259a74c08a6023234a69cadd7377eb84a3b",
  "crates/canic-cli/src/cycles/wallet.rs": "4a110a8944a7a9d678d1717e7ed0af29a74976bf0ed25c8237d8846348616387",
  "crates/canic-cli/src/diagnostic/mod.rs": "35fddb52cedce1523c40641202f556cbd231ed25b5719137d0d409a85d0b7c82",
  "crates/canic-cli/src/diagnostic/tests.rs": "6631ad222f2b76a31bd49614a299e15aea26947ecb9fc9c5ba6c03947c52237f",
  "crates/canic-cli/src/endpoints/mod.rs": "ef69bd96cef648d4478d5e6e4f9798ca6accf6a1355fd08df08337063dc3a5cd",
  "crates/canic-cli/src/endpoints/model.rs": "25feb96472befef8ff091e206b42bddc20154f596e3212db8833b353cf1afd75",
  "crates/canic-cli/src/endpoints/render.rs": "3c5d3420ad19f9e5793df3c7868562d4dc47f2cc3036de4bef78c1ed93e063f0",
  "crates/canic-cli/src/endpoints/tests.rs": "c6c3beb1cf6d9d72f7d1f5a0ec67aeef0096aaaf7a59fb3656a0b8c7c101d0be",
  "crates/canic-cli/src/endpoints/transport.rs": "b6f9edf0a373a682e3b633e34160811824063f2751b4d77575271f6a4ed36609",
  "crates/canic-cli/src/evidence/command.rs": "cda9f51b52142b3587045a1cabe43bfedd519228b4d879fb1d88802bcbe9ace5",
  "crates/canic-cli/src/evidence/compare.rs": "e2499f6449ff112c28208fb7271cf2989de510b41abd7f78c583528346952c08",
  "crates/canic-cli/src/evidence/gate/envelope.rs": "9a2605a09e298d96af54e4d441b30e9a915741bfbfc041b1b0b327c56ee81a50",
  "crates/canic-cli/src/evidence/gate/mod.rs": "3de2cfb868c94e5f2fb26c122797026b8d7d4310488aca30658a6318ee477a96",
  "crates/canic-cli/src/evidence/gate/render.rs": "51900bf86e11bf1df85c615afcc143fecbcae17846719c7d86db77558e66026e",
  "crates/canic-cli/src/evidence/mod.rs": "307ff5498d774b7597a86bfa5bec2660e40dc0d5829c9f09d6a84e6c6d7ea047",
  "crates/canic-cli/src/evidence/options.rs": "e8afc85068d89e656dced99dc13e5147be7642cc01d6e8e12aee4993989f3474",
  "crates/canic-cli/src/evidence/tests.rs": "14799a0460f45fff55476cae6b0c02fdd5492543a3fe0dc87c7c281f918dfde8",
  "crates/canic-cli/src/evidence_support.rs": "7d9096503f1afa7cb680cd52ef1841960dd2bfeca883ef1dc07c681b8876b20e",
  "crates/canic-cli/src/fleet/mod.rs": "1b2a7dff6585639c9001d9d186824e9820c8bfbb52ed1365c96aa70b8fb9871f",
  "crates/canic-cli/src/fleet/tests.rs": "e6e3c8ca4f3536d3562c47d096164a3e08e44d5eb684bdc7c61956365798d5a6",
  "crates/canic-cli/src/info.rs": "88bb114dd61c70ec11cb25149d0d6d7e7651953f66b75c0086464678791ab056",
  "crates/canic-cli/src/info_env.rs": "a8840c33ad5d859e88ee2a7de967d6e85fdaca0320b6c9463a7973263572c31b",
  "crates/canic-cli/src/info_subnets/mod.rs": "7c912ff229841ba13b8a255fd8ba3abbf01e06ab01c26cbe33f4a25dbc7ad9ac",
  "crates/canic-cli/src/info_subnets/model.rs": "5c9dfdf9947ad9bf5c34b5b2bafaf8d27ab18ca1ef1b80fa2a039beb0e1629fb",
  "crates/canic-cli/src/info_subnets/render.rs": "a060f188d626b0b266f78c955d4580d10b9c890f9a02fef585e5c4f8803e9efe",
  "crates/canic-cli/src/info_subnets/tests.rs": "322dfef6c2888520d19a8ecbad74b282f32eb3f7dd07f0cb0ff77cec69deb62d",
  "crates/canic-cli/src/info_subnets/transport.rs": "dd2a9ae6cc4d25b1af5455e2580fdbb71b5e5ed4272b75181279bf05c8bbea16",
  "crates/canic-cli/src/inspect/mod.rs": "2bef67e542035b22eca878580ca25cdfe9bd9996f431059cf5117ce698faa9d4",
  "crates/canic-cli/src/lib.rs": "aacf34d210aaec0244fddcd5c67cfe26d5ffbf5dc2e84695c29b88a57f555c66",
  "crates/canic-cli/src/list/config.rs": "17896f17d962b4e8004701fc7908e8a32040e43dbb267214512c530d28a4b957",
  "crates/canic-cli/src/list/live/mod.rs": "18878de41cf33d6190bcdb2124f9c051c40a665c083df4854d0d821bc7a7dcf7",
  "crates/canic-cli/src/list/live/tests.rs": "8f13b098a9e8db621a9360f378b8ba6c0f849bebc78d0289db4bb5c3bb459f0a",
  "crates/canic-cli/src/list/mod.rs": "4cb274eb4d4b1d6ac526efe21703c04296e47d6ca4aab8ef682cdf93bce5cfcc",
  "crates/canic-cli/src/list/options.rs": "03c671b55e2cb0722cf2e6297fd7b6a3349b10ca88079ace7ecf79d10f7006d4",
  "crates/canic-cli/src/list/render.rs": "e6e45c2854c9144c8330dffb4adbade44d2f525d7f546a63f4756c21f4da13c2",
  "crates/canic-cli/src/list/tests.rs": "4c75da11fe6188b1ddeb0807ade9de73613db9162ff45f6d074fbeb63528673e",
  "crates/canic-cli/src/main.rs": "c67a63300b137c3527637f046723a5f96056c1778c4b19a77bc9c5470be6fbc4",
  "crates/canic-cli/src/medic/admission.rs": "2b251b8a0e6c4e4c009e02b381016ce1189da1ec59bf7c4e11ae700b39bbd311",
  "crates/canic-cli/src/medic/auth.rs": "777a84ea8cc343a934cb78e9744a442c0652c35db0a58c303c0e59863421bc01",
  "crates/canic-cli/src/medic/blob_storage.rs": "439dfd07616dbff3ae8ca9aabd7393f6a164a9f41c0667c17ce528734f1e4acf",
  "crates/canic-cli/src/medic/command.rs": "2e5c203caef7d2aa1305b0560123aa73aec7ed42d760db208c65c77a3a569005",
  "crates/canic-cli/src/medic/fleet.rs": "aa680282225c3386aa4806f5d2c25e04f5de5b1376447f035a6af67901f48345",
  "crates/canic-cli/src/medic/mod.rs": "59bab27b3005e85b80472466d413b208a9aceec27bd2654ccabac00bf7147e3f",
  "crates/canic-cli/src/medic/package.rs": "331fda1e1106409b5a1b471df788ba9d0a1b1d1eb900889ba903d0d98a6b5a3e",
  "crates/canic-cli/src/medic/render.rs": "09c180ee99deb99d118d0159979b00360d576be520535db7cc0fe0cb9f5656d7",
  "crates/canic-cli/src/medic/report.rs": "21b29ebc62a23fb2d8dad2b78aed4a0fbdc342ed468c0d6a1dbab2a4d10828b3",
  "crates/canic-cli/src/medic/role_contract.rs": "31d70f41bdc487bae7a96a6e094773cbc85f9b503781985cb59e1f3077725831",
  "crates/canic-cli/src/medic/tests.rs": "e07e14500c0c2774ea3f0756a549f85d1bb11932c203fb10b0de8711be3890e1",
  "crates/canic-cli/src/medic/workspace/mod.rs": "025f4289c3821c740c2d110983c2d220463fecaf3a72a6b0bb9731ae8a19dd57",
  "crates/canic-cli/src/metrics/mod.rs": "9fa0668385c0dfaeb96dcf2613c40376f618a0617a7310582b5fccdbc13ba844",
  "crates/canic-cli/src/metrics/model.rs": "50edfc360ee0b3a9279578d63ed272023d33e973b81b976b28e4278e8a270a5c",
  "crates/canic-cli/src/metrics/options.rs": "3aa174c539aa2cce57d530727173ec8bd83ee76d1a938fbcbab5c7e2690cc4be",
  "crates/canic-cli/src/metrics/parse.rs": "3f1303da89beec35aab55fca1ef448a7c4eb4bbb0767373a81270fa7d59c968a",
  "crates/canic-cli/src/metrics/render.rs": "2192a6425db5528e027292f27655dbc7ad46b4105c5aa22022a36fe255e0f2b1",
  "crates/canic-cli/src/metrics/tests.rs": "495195aa37b51352c160dd8cde57f7febc0bdf80cfc3cdd268be9542a19ecf86",
  "crates/canic-cli/src/metrics/transport.rs": "25401a84318c6bffec55ccf5fd0acb25a9d5e6d50e1f086915b576d37e15cc26",
  "crates/canic-cli/src/network/mod.rs": "9739e944e9f83ecbbe207764b5778b3c25e497f5cd8d7fd74dd2dbeac5b3337f",
  "crates/canic-cli/src/network/tests.rs": "ea0376034e0b48bc0682814b9f69f5534846a5fab5dae16f2bf3bc832f27c09b",
  "crates/canic-cli/src/output/mod.rs": "0639fce43dfd6812258a326de562c0936bc451868ad968aa0a5c1b759e0b8739",
  "crates/canic-cli/src/output/tests.rs": "ce5b595c9d2c761a4e007de5604fc2fccb7c2c6838644888ad06a36aac207547",
  "crates/canic-cli/src/replica/mod.rs": "fd3845edff9b380329870d862144f35515cb9257da369242447ba8ae506625d3",
  "crates/canic-cli/src/replica/tests.rs": "ba16c4f9ee343fbdc11b0374f35eaec87c6d9dcc0ee418c328ba9f981e09890f",
  "crates/canic-cli/src/restore/enforce.rs": "aadea867d5ab0649e4429284f54318d4ff98f463532fc9dfa466a946496e1456",
  "crates/canic-cli/src/restore/error.rs": "ce6850cd8539d319448e466cd4afd41570468a98d075b710fbbb9eec687a6916",
  "crates/canic-cli/src/restore/io.rs": "50502474d00236f081252e131fd80a282976a2102f6a8b0e36350f44e954dc3a",
  "crates/canic-cli/src/restore/mod.rs": "bf0dc3d33314af0f71c5353efc12455a0128f77604a3a5996faf74a655050236",
  "crates/canic-cli/src/restore/options.rs": "e76b950ddbd421c2921b1d26d62f4ef75898c559ec4cd123aecd8600334b0cbb",
  "crates/canic-cli/src/restore/tests/mod.rs": "3f305cfc76c54e8b7817167d7dc098beb880d8c580da733ff98a62b1eb591487",
  "crates/canic-cli/src/restore/tests/operational_readiness.rs": "923ce265d066ffc39b0b3d021cf1623054a8f869bda8287c8dade06065b15f52",
  "crates/canic-cli/src/restore/tests/options.rs": "27df6d859be893274339d2d9d4139e17197acd096cfecaf59cb00aab2f5ea9c1",
  "crates/canic-cli/src/restore/tests/plan.rs": "f081cc2997ff27e8cf380b8f5b2aab1e04a41a0fea6d91015ad96f772b1dc991",
  "crates/canic-cli/src/restore/tests/run.rs": "f874a935484d2dd1a1008cf3637728b5364e06373696deef5a30ea4102f061c8",
  "crates/canic-cli/src/scaffold/mod.rs": "e34e334b19283be5b09a1c9e2a366b32a27a724ed091f29f7b2f6f593ffb2482",
  "crates/canic-cli/src/scaffold/tests.rs": "00f5b6b536b055bfa26addb0b00b1dca58fb3fdd4c60b2e631caac5d4c3a2ef0",
  "crates/canic-cli/src/state/mod.rs": "c7ad8c28803c1b0aeb5a5af6155c48dfcf6fcaceca77c7b38bd97c6767d72367",
  "crates/canic-cli/src/state/tests.rs": "f80fec28208ea636e4de2c8ba81b02b5661cce9551387ed581e58e3ce54e6525",
  "crates/canic-cli/src/status/mod.rs": "e42cf7122c4e91b15f2cb654ed5869cee3d21f447a9b6d40a0ff434ec3400cba",
  "crates/canic-cli/src/status/tests.rs": "cb7a56937dc2b29efffc75f47b141d73309c754067d9f965f0629a3b89fcf7c5",
  "crates/canic-cli/src/support/candid.rs": "dea0cc6702ed498b172851646f2ca9cfc14f19b52673bea4facf2dd00c614cfa",
  "crates/canic-cli/src/support/icp_target/mod.rs": "47b4280eb47f10c7b89e83ca482217deb8df60fa09bcb13bb1224a42f4530b30",
  "crates/canic-cli/src/support/mod.rs": "ab8fa9799160db1c7b6c2e3b5afebbb6bedaeb91b7e4bffe41abd3ecc38c0269",
  "crates/canic-cli/src/support/path_stamp.rs": "969f26084baf9d32c11a0c50b3611fa66efd4e5f46db23ec2eae10b66a368093",
  "crates/canic-cli/src/support/registry_tree.rs": "45d6be9a621b51f1b41ed229a72d5d9d0a7cf8850737602633c7834ebd848b03",
  "crates/canic-cli/src/test_support.rs": "235310df657f8ffd656aff451aa0cf1238561a5310f38f003c1c9e8f2654cea6",
  "crates/canic-cli/src/tests.rs": "b1fb40d15339df8221d5bc1094b28fcf18e7764e7efbf6d684bd92a80149d404",
  "crates/canic-cli/src/token.rs": "f17c7708f2959431418784752e1247a0bd4dc30b4814d960a3e5cb691fbc8888",
  "crates/canic-cli/src/toolchain/mod.rs": "f3c88d8c2188fd31e27451dca42e4bef33020d0e8e44ad278cd7b78a743b3852",
  "crates/canic-cli/tests/subcommand_order.rs": "e1531e84d88dab433f143728232bb4ab8e945b6bda300a0e0ab331e96aa1b96c",
  "crates/canic-control-plane/Cargo.toml": "d7896c2d2ed7d7c430ff42666816427b848bd964ca81abe93dfeb16eb825a5cd",
  "crates/canic-control-plane/README.md": "a217ef4ca247395815990244530c33a98f22ccd9ef979c9024fd447294ee4f8c",
  "crates/canic-control-plane/src/api/canister_pool.rs": "d0eb36715b8d81a2e133e9286261b035d77787c8c39c2dd347a35947c64bb160",
  "crates/canic-control-plane/src/api/component_auth/mod.rs": "338ecbbd65c063ff1027c47c27be705c27d1222c94080a2db70db364c73de08c",
  "crates/canic-control-plane/src/api/component_provisioning.rs": "9861e135741a1a2ce3a49987386b261272ef0b0cc705062b82027dcc39abe949",
  "crates/canic-control-plane/src/api/component_rpc.rs": "5e955e1e35a0a82052a8673621ff5cbd2b1677818e1dcaeb57cb8a740b96518d",
  "crates/canic-control-plane/src/api/fleet_coordinator.rs": "cfcdc925addcfa370d02270126788bc037cca88688f950258175bf0b395389d2",
  "crates/canic-control-plane/src/api/lifecycle.rs": "dab71709aa0b23594e1bf9a14b84e95d41feaa0d44885d7fbf50a91e41ea49c7",
  "crates/canic-control-plane/src/api/mod.rs": "1e8bea60e370da4af4e92a43d166b58b603ff22ce8a3a1c5663ddc8f86b0147c",
  "crates/canic-control-plane/src/api/state/mod.rs": "2d8e79d156fa42fdeee964d73b98433465d61df680a66b98887377302326a774",
  "crates/canic-control-plane/src/api/template/mod.rs": "328d5efdc72b555d7a48a8d1d686c101e705a82fa99fdf1e53e5fb295735c770",
  "crates/canic-control-plane/src/config.rs": "74f4dbcf721b655ead4612fe1a808b875aa5d3d2f102f6dce2cefc2067c7f979",
  "crates/canic-control-plane/src/dto/fleet_coordinator.rs": "74d3513f60158f8d33bc02882c2c1a0f9e8bf4d54c438bd1db52ff4d7c28d7ba",
  "crates/canic-control-plane/src/dto/mod.rs": "5a741a1234a637f76bc979044829fab8323de27a4a72de6bf317e0a8abf3ca1f",
  "crates/canic-control-plane/src/dto/root.rs": "10eb483c6e0ad3f1ea432e14ca0a7139a3bf789a3f243c672346144a5f7b113d",
  "crates/canic-control-plane/src/dto/template/mod.rs": "9bbc747f412a2081dcf604d3f2680687e9318a6d27a9dfe41038dba7e2d5b91c",
  "crates/canic-control-plane/src/ids/mod.rs": "4af9a1c796a8da7705edad06b065349536b82acf681e4db10c2e24946a09b8b1",
  "crates/canic-control-plane/src/lib.rs": "b7666b53d9f84f1b4087cd5aee9f2eb82e12823720a03870b96e5a72eeb81c24",
  "crates/canic-control-plane/src/ops/canister_pool/mod.rs": "45ef740c171ff6bf9a6b98d77baf54b0f88e906b0990a585b632df82f3a4de98",
  "crates/canic-control-plane/src/ops/component_directory_synchronization/mod.rs": "ca5f77291018f158e5da3c98b3ee37273244111f824c3d536f30218eb910a465",
  "crates/canic-control-plane/src/ops/component_directory_synchronization/tests.rs": "6d7ff72f95452f028202dab048265fc31b7106d6e69c1ac36ceb4544cd25ad47",
  "crates/canic-control-plane/src/ops/component_provisioning/failure/mod.rs": "d14d008a88ab7adda90f44b15738bd47ce8d81e4c17e46414786c74255e59f38",
  "crates/canic-control-plane/src/ops/component_provisioning/mod.rs": "7dc02a9dd3b6164a7d1e8ce27445c46fc05c4d6a8c3a0f88cea4b517753334a7",
  "crates/canic-control-plane/src/ops/component_provisioning/tests.rs": "97959523d6ceca97d36c00638c079298349466eb11dc80fb5c32c06940c03ce5",
  "crates/canic-control-plane/src/ops/component_registry/child_activation/mod.rs": "55a9b1546edad21cd5c0a02ea1d4659b322de27cbcc7bc8644b2f109125610a4",
  "crates/canic-control-plane/src/ops/component_registry/child_allocation/mod.rs": "11ff4a352c19a8c63838d38cd5ae60d84d93738cd4227ab327f40eff1befd642",
  "crates/canic-control-plane/src/ops/component_registry/component_retirement/mod.rs": "6bce03dd9224ad5576331be5943368f0e83c41c1f004cedf2fba457ac3197801",
  "crates/canic-control-plane/src/ops/component_registry/directory_refresh/mod.rs": "676dbe165f39aa0b46f0363e2ea405729e18095f680fe5507df6539bd62af1b8",
  "crates/canic-control-plane/src/ops/component_registry/initial_inventory/mod.rs": "ab8a8c0ebc1d03f783a7917c435e371034426062d44a42c7aecf5ab4b296898c",
  "crates/canic-control-plane/src/ops/component_registry/mod.rs": "e87ac423930878770df62c5e0ef1fa4048f6f0b76a2b34f33b46e44637e4c6f0",
  "crates/canic-control-plane/src/ops/component_registry/root_retirement.rs": "5d8fe44bdda75ede196e05f9e31b8e6153e6be2b3f53e2b60415ced1371a6e00",
  "crates/canic-control-plane/src/ops/component_registry/subtree_retirement/mod.rs": "c9fbc8e885ece22aac22266928deeb40a5abfb8728a0727890ad5d0ba126a2a4",
  "crates/canic-control-plane/src/ops/component_registry/tests/mod.rs": "0850bee9032bb90545a3ab081f80e5c686da0590a821216018a8c0a2101a9280",
  "crates/canic-control-plane/src/ops/component_registry/top_level_activation/mod.rs": "6631c7ba98764a66d754662654078cb48f095ec98d3862b20fc5abbb66788b0d",
  "crates/canic-control-plane/src/ops/component_registry/top_level_allocation/mod.rs": "0a24845b57a13e01c30353d99263985099b307efd8b186ca9ad8227d7c75c2f3",
  "crates/canic-control-plane/src/ops/fleet_admission/mod.rs": "9f49a778c7e0bd1a66ed5353b57775bfb811941ee386afd3015ac56a6768cdf1",
  "crates/canic-control-plane/src/ops/fleet_coordinator/admission.rs": "069b4f8d34d72da29b607cd98ba3bcc0c5c589546f531fb6f61d5805164574b6",
  "crates/canic-control-plane/src/ops/fleet_coordinator/component_provisioning_directory/mod.rs": "916f314f29c81460ead4f31071a41d7fd0145589021515eda546f915801bd610",
  "crates/canic-control-plane/src/ops/fleet_coordinator/component_provisioning_progress/mod.rs": "74d0d2d638d04084c8483dae2eef9b6fcd92345b791d0bab51c1488a78af32f0",
  "crates/canic-control-plane/src/ops/fleet_coordinator/component_provisioning_projection/mod.rs": "85c47538a9e9ec8624c7e91204946f1bfae2e26630d7f20ca995c39f7aab7661",
  "crates/canic-control-plane/src/ops/fleet_coordinator/component_provisioning_reconciliation/mod.rs": "99d07f4fc022865414e2cd54f512a0805c26cb6235ff842e80798e2c92950918",
  "crates/canic-control-plane/src/ops/fleet_coordinator/component_provisioning_retry/mod.rs": "a4ed20d237455ec6255b18169155d1fff4aea7b2226b9c38bbcffeb22fd39b4f",
  "crates/canic-control-plane/src/ops/fleet_coordinator/component_provisioning_root_progress/mod.rs": "fde054e38d95b059cf74732de162d75b08d9c11148ddfeba2a7f667f710873a3",
  "crates/canic-control-plane/src/ops/fleet_coordinator/component_provisioning_validation/mod.rs": "628130a9c334516bb14421e3b2968187ae95799446f14bf8f52c62406f7241b5",
  "crates/canic-control-plane/src/ops/fleet_coordinator/deployment_ledger/mod.rs": "e199df2a1e54969a5da0980f53ddd78708bd1539241129ed499db92ec6348a58",
  "crates/canic-control-plane/src/ops/fleet_coordinator/deployment_ledger/tests.rs": "6f362d4f32a648fa6d019b45b3b6c119d7ffe0b0355a91d69061243cf0a9fc9b",
  "crates/canic-control-plane/src/ops/fleet_coordinator/funding_rotation.rs": "01d18cddd41ee7b4ddf0a9e0df7fa4d17857832aebabf5f7fbcb3675076dae03",
  "crates/canic-control-plane/src/ops/fleet_coordinator/mod.rs": "c835c1a60b7f2e01db62774d484c080a4de47310f8b42ac991789a325b093dba",
  "crates/canic-control-plane/src/ops/fleet_coordinator/registry_history.rs": "9799f9e6137c5d5c96ca6a0669833e12e8c190c7f7897d7c86e36ddf2810d75f",
  "crates/canic-control-plane/src/ops/fleet_coordinator/retirement/mod.rs": "7f99a899fcac9df77fa91f99819e9b018fe9b9357eaf06a037754a7f02a65072",
  "crates/canic-control-plane/src/ops/fleet_coordinator/root_deletion/mod.rs": "cd04d24a446d6a2a247233ea99ff0c69c9b281883e48e830cfbdcf1f5b308c91",
  "crates/canic-control-plane/src/ops/fleet_coordinator/root_funding.rs": "3c6e80681ba0cd6f226807464f134fe9956c1e828c3d7e12a66d31809f87d1db",
  "crates/canic-control-plane/src/ops/fleet_coordinator/root_lifecycle.rs": "45176f01d248feef4601c99e3c5a48766aae2f8739edb2fd8a1e8fe1a1e2c841",
  "crates/canic-control-plane/src/ops/fleet_coordinator/service_publication/mod.rs": "1a00c71ef6288d278178adc764ef42cf2074845290f2265f1f78df093165b8f0",
  "crates/canic-control-plane/src/ops/fleet_registry_mirror/mod.rs": "cae2e5241e7bd3943f2d1a00faf49d2ceea07239934da984d65f2fa7e854fc1a",
  "crates/canic-control-plane/src/ops/fleet_service_peer/mod.rs": "3ce7ed29bc63396ee40102c39ad25af43705afb9937599ce6da94eb3c0ca3c39",
  "crates/canic-control-plane/src/ops/mod.rs": "2297679347be60d31a0aa89930900c21ed75faf17f0eb1a9612f811b2a7de8f5",
  "crates/canic-control-plane/src/ops/root_admission/mod.rs": "0e1732ea8a983f5b618a30d9a2fb71ed22c9bc49e8f1c733984feedd4df37c94",
  "crates/canic-control-plane/src/ops/root_admission/tests.rs": "00179867d71e9ce6123a6fc4070a413d957445fc360fad3a227577275468eb2b",
  "crates/canic-control-plane/src/ops/root_funding/mod.rs": "8cf9eb3d7578736cfbc2677942b10e8259eb2de6dd3fe17eb0e7602c4a9119bb",
  "crates/canic-control-plane/src/ops/root_funding/tests.rs": "fbe0ddd251dcc3e9da4cd3f618400d3c0179e4ce7bff42573654ac0263e8ea49",
  "crates/canic-control-plane/src/ops/storage/mod.rs": "e29b8be02fcac957c392d8da7af4d8dd4f08fb36f21df6c83166cc1f1eed5b79",
  "crates/canic-control-plane/src/ops/storage/state/mapper.rs": "3e5323c1ced59acb08e498993a50e207d1ede81f6c1945e0caeb2583d34a441a",
  "crates/canic-control-plane/src/ops/storage/state/mod.rs": "60830cbccf60d18018a92363f93c92702e90373c928a6a0ed84131854b075f2d",
  "crates/canic-control-plane/src/ops/storage/state/root_wasm_store.rs": "605e033751d122260710f28df561bc9f5c0b2de62ad75c1571bdad2c5967181d",
  "crates/canic-control-plane/src/ops/storage/template/chunked.rs": "1a29eeab1a14bd2cdba211f8ab2438a61fa9e4cbefbdfab416407d852e2f27bf",
  "crates/canic-control-plane/src/ops/storage/template/gc/mod.rs": "43f8e549d9711c87efd17aaf9e72d1263ffde2dad4c8aee9939fbe28a08c0467",
  "crates/canic-control-plane/src/ops/storage/template/mod.rs": "ab135c49ebac57cc021916699aa7db9f5375e0c709b04716e7bdbd1b966c7f68",
  "crates/canic-control-plane/src/runtime/install.rs": "12e7f1024ec84e2350ea82e0ed79055045871e2d60259ad7783098c82bef3188",
  "crates/canic-control-plane/src/runtime/mod.rs": "ed7a31980f5fde7678774887d243c2ca46e3a0dec72f1544089689e443374bfa",
  "crates/canic-control-plane/src/runtime/root_funding.rs": "0c57347ef958b11acde3762a2b119e1d3261dff3bbe832c62153654e7c9db002",
  "crates/canic-control-plane/src/schema.rs": "b4c961164998af2976413ec4226a06288ab1e7183a3f640ebb3b7abcff31f297",
  "crates/canic-control-plane/src/state_contract.rs": "b94ede657c165105cdc3b54bd92834e811d66f56d875a390432dbd88891d9e93",
  "crates/canic-control-plane/src/storage/mod.rs": "301aa692f20a8526a3cdebaac0a178fd2b52ca36f5b230dc9e67a35e4c33164c",
  "crates/canic-control-plane/src/storage/stable/canister_pool/mod.rs": "97ceb0104764f287734514de0ec9ebb9eee375e1c1f1eeb382d7af185291f820",
  "crates/canic-control-plane/src/storage/stable/component_provisioning/mod.rs": "6f064cdefe011f46d3f4da643267cb067fc7052641eb3896b609c0d09e95ccf4",
  "crates/canic-control-plane/src/storage/stable/component_registry/mod.rs": "ed276b239b1717171404b5b138aaa48ee001b28bfc8b65bf1cc15e9cdb3fef29",
  "crates/canic-control-plane/src/storage/stable/fleet_admission/mod.rs": "a892d975c20fd3d7963f0f2e491e395af9afbe4bfaea0dcd47173052a929f70f",
  "crates/canic-control-plane/src/storage/stable/fleet_coordinator/mod.rs": "6d8cb94058ff45925581f9285fde1c880cf53ea1b94b058cc3b2be320aba59a8",
  "crates/canic-control-plane/src/storage/stable/fleet_registry_mirror/mod.rs": "09ff8e7d2fd5fe99c5e616d9f368a070324ed1a27c6fbbfd7457511a77cb1a40",
  "crates/canic-control-plane/src/storage/stable/mod.rs": "e8f4e9e675d31dd187ccabd7be323673524489a4d917f415c07267649fa5b5e3",
  "crates/canic-control-plane/src/storage/stable/root_admission/mod.rs": "f12f0a96ddcf3e528413e62af199169aaa5ff9e2d292785b1f833f564a94e70f",
  "crates/canic-control-plane/src/storage/stable/root_funding/mod.rs": "c3707c19a0b5e513b40b25b0fbf1e1f71cf7865fd5f2c2df77a7c15af8e9a6d9",
  "crates/canic-control-plane/src/storage/stable/state/mod.rs": "68079551388d46563776378a716ffa3f354bf4fa31029ef928ee2e29b79b764f",
  "crates/canic-control-plane/src/storage/stable/state/root_wasm_store.rs": "6884d82d043fa6f3b6db1a0a0cf5c6612f895856fce9a877ff834335c85326ce",
  "crates/canic-control-plane/src/storage/stable/template/chunked.rs": "35d0cc9f5cd7a5a51bad6dce27b2c121a8622e3d47deebf37623b6fd53eb262d",
  "crates/canic-control-plane/src/storage/stable/template/gc/mod.rs": "f128f64ac5513424a204e4a1c7df1b3fbd92fafb1480212357847cfb1fef32f9",
  "crates/canic-control-plane/src/storage/stable/template/manifest.rs": "cd96e338f291893df2a47a4144bc9063477a5cc52b8bc0d40c8f6ab9c9a11d5f",
  "crates/canic-control-plane/src/storage/stable/template/mod.rs": "5097a32801f16183fdde7c3fd450617e6f7c527d6d27cb6ccfd286c2bb23b741",
  "crates/canic-control-plane/src/test_support/mod.rs": "c02197bbfeae1e984ec4cfca70cd3d85d0b993ec962903babfec7417c8c21cc6",
  "crates/canic-control-plane/src/view/canister_pool/mod.rs": "0ed1c9216e1680b7361ebd1aea70b6d7251a775afe402e4ebc81da2e74f0c32a",
  "crates/canic-control-plane/src/view/component_directory_synchronization/mod.rs": "7998579c7f8b88920fa9c98f5e6d205afdd3738ac92ccdd4df3b5d324c0fdf53",
  "crates/canic-control-plane/src/view/component_provisioning.rs": "409cef8a4c15abe72620766eb9a3d1d98b715628fad19b05bc151f5b7aa07d9a",
  "crates/canic-control-plane/src/view/component_registry/mod.rs": "143e16a8e01e078b0e52cfd517942f6f75e179c2965acd9cf02f4d436179f29e",
  "crates/canic-control-plane/src/view/fleet_coordinator.rs": "a88f7304c10c7aa74f4e9a8096b3852db88affb7942eaed2ac99a024c8fbad2d",
  "crates/canic-control-plane/src/view/fleet_registry_mirror/mod.rs": "f183311df3b5ccf05cc05f34526e0ec719c20a7845dc4e8eb039c3e8731418f7",
  "crates/canic-control-plane/src/view/fleet_service_peer/mod.rs": "87337a6953d5b1ceffc874b93683aec475a8a97e987493d149f885f8f7adee0d",
  "crates/canic-control-plane/src/view/mod.rs": "e0ab372e7e199b59deeee54a728aa7fb91f4de74b63ce19bd5d3869f4645d9ea",
  "crates/canic-control-plane/src/view/root_funding/mod.rs": "c67b390896eebdfb65b44ab7a52f70eaf1f31832f8a9c660d916eb3a1ef59d2e",
  "crates/canic-control-plane/src/view/state.rs": "8a23c9e4172aadc7c3b79093c5bdafd4f3b9e9c63cd0b6fbd7bcc8fedc5b799d",
  "crates/canic-control-plane/src/workflow/bootstrap/mod.rs": "b9dd3a729554f4038af4ae6d25efaef34c0a26d9b1d7effd144d3057a52ab0b2",
  "crates/canic-control-plane/src/workflow/bootstrap/root.rs": "e375021bd9653ff57f21cbc36f94ecb4bd10adf6d6e7fde822e7f760e8481234",
  "crates/canic-control-plane/src/workflow/bootstrap/root_store/mod.rs": "a0485c91e9af1724ca5139d3bf8135379819bb47be04ac7cb2a0fd5b8a8ce638",
  "crates/canic-control-plane/src/workflow/bootstrap/root_store/tests.rs": "f5da6c56b71569bbc89c1f711b41cbe758488d7237267e43d43e05ef4bedd7ec",
  "crates/canic-control-plane/src/workflow/canister_pool/mod.rs": "7704cfd197f15b5700b4658940ff772038252647364bd74d3236ce1e4b97e32d",
  "crates/canic-control-plane/src/workflow/canister_pool/refill.rs": "8f305a386a396af9bb301cbbc9640c53fefa19e1a4cab88aa2674f08a6d5e558",
  "crates/canic-control-plane/src/workflow/component_auth/mod.rs": "e4527e84fd0aacd173e1acf809541aaed90790b0f3de9489911d170a6a279869",
  "crates/canic-control-plane/src/workflow/component_directory_synchronization/mod.rs": "1acfda0e2cfc4221533ac99345566e708332e75294ff415ebc0e0733c376dbcb",
  "crates/canic-control-plane/src/workflow/component_provisioning.rs": "e47f88878ce1b4e7e3b9d310a859c16df6c3d073f6927187599381951e547d6b",
  "crates/canic-control-plane/src/workflow/component_registry/authority_validation/mod.rs": "da7776993db7acd90789644ee2e3d67f1134f9e59422bbc790f2144cde94529c",
  "crates/canic-control-plane/src/workflow/component_registry/component_installation/mod.rs": "4ee42980b644b985bee5407948b185a5661383006b032d2d8dd2c5d6eec3ec64",
  "crates/canic-control-plane/src/workflow/component_registry/lifecycle_drivers/mod.rs": "353b8ea90b8e8ec5448512fba22e1289d6906884fe311528dd8b7439cc3d05f3",
  "crates/canic-control-plane/src/workflow/component_registry/mod.rs": "83a0a30718dfb9e5307e5086aaa608f7165b743d02f5365217bf89584585ff28",
  "crates/canic-control-plane/src/workflow/component_registry/registry_response/mod.rs": "99b9884f583e1e60b1e294c8b690c0694cc75844e45f8b568bbd2a8eac96f1f4",
  "crates/canic-control-plane/src/workflow/component_registry/retirement_response/mod.rs": "9ce6f6f71f6a2c7650486936b05c37a4715d62470d74b1a342a4f43504a894f5",
  "crates/canic-control-plane/src/workflow/component_rpc/lifecycle.rs": "54141a3e9c3ace93f61a392c1d7f848909cc3cc572ee6a462980836fc633b386",
  "crates/canic-control-plane/src/workflow/component_rpc/mod.rs": "89eaed7b24da17f74188700529a7b3ba3ec4c21607cd888e9379cac613abc2de",
  "crates/canic-control-plane/src/workflow/deployment.rs": "b493af657ec4007540a3fa4c9537fdb040dcebb0fb56bbb58a989d0e6ff3eb24",
  "crates/canic-control-plane/src/workflow/fleet_coordinator/mod.rs": "0f3900217b2f4c00e3a32de5bfa0f5d3ef1c07e875d0e9bbdc6b93d2cb4109f1",
  "crates/canic-control-plane/src/workflow/fleet_coordinator/retirement/mod.rs": "ab2e4ae4b8ffcf271ef6e45719f0130eba9f123d562e4adce41d59fff9afeb17",
  "crates/canic-control-plane/src/workflow/fleet_coordinator/tests.rs": "ff22fe4315fc4c633e493863ecc938daddbca792fb844fb7e55a6d6ff3adbc09",
  "crates/canic-control-plane/src/workflow/fleet_coordinator_client/mod.rs": "a45583c8fbd943d1f413e0156361371f2b3ed89f56ddec8096002ca086a4fc22",
  "crates/canic-control-plane/src/workflow/fleet_registry_mirror/mod.rs": "158a16adff7d30de7c2c488cd70297d12ac2a5f234acd658dab84ad4dfcc6e80",
  "crates/canic-control-plane/src/workflow/fleet_subnet_root.rs": "13cc7e315fe33d7d6e25960183b3e522de05fa9dd2ef8959f7ee2b8ab4d3c8be",
  "crates/canic-control-plane/src/workflow/mod.rs": "586d7f1cc5797a03ddd11382df853a422e38cb8f78a3960574116b1ab791e717",
  "crates/canic-control-plane/src/workflow/root_admission/mod.rs": "40773e0831eb33d8764cb996e960b4bf759c2630082faf38f3e73707ef33ebe5",
  "crates/canic-control-plane/src/workflow/root_authority/mod.rs": "f8a7fa4332755cb5f85b79f26286d2dedd5342a7882cb344d00eccb00ab015e3",
  "crates/canic-control-plane/src/workflow/root_funding/mod.rs": "62beb13256c448521dd7f4bd05a08ffac6a63405d73bcaee8a555e136b869ed1",
  "crates/canic-control-plane/src/workflow/root_ledger_retirement/mod.rs": "9605e0d4773e1b16d61c58eb7ec42b684860e69506c3639905135ab0beae5af4",
  "crates/canic-control-plane/src/workflow/root_status/mod.rs": "d393b91ca7a97bcccb8a826ec16aff034a86e1ba36470663b18e04f8e18dc8c6",
  "crates/canic-control-plane/src/workflow/runtime/fleet_activation/mod.rs": "fafba83cb6a647474a68641717058380e471cb8d451de69fab63c615f2aedaff",
  "crates/canic-control-plane/src/workflow/runtime/mod.rs": "e6482ef4fca324ac40fbf3417e41d2caa4d4fd0fc29ae81e261dd08169bf3b29",
  "crates/canic-control-plane/src/workflow/runtime/template/client/mod.rs": "66ccfe01a2f600ce1c9a818192029a9a4bc1d2f91cd1100814beadb4e015be2f",
  "crates/canic-control-plane/src/workflow/runtime/template/mod.rs": "0de619d9e67c70284267e22bb510f79376e4aea501eadaefea3e82a51629a2ce",
  "crates/canic-control-plane/src/workflow/runtime/template/publication/cost_guard.rs": "a12c9f6516a77a1f987044b149cb65a4acdd15e7d03fd1017d9971a93a6e6659",
  "crates/canic-control-plane/src/workflow/runtime/template/publication/error.rs": "20acac4814ddc98c96edbf49feccf8018521cf86e6515d052e7c3224e80f04d7",
  "crates/canic-control-plane/src/workflow/runtime/template/publication/lifecycle/binding.rs": "4756bc6d10ae08801b3121456fa2eee6d1bdd775b2a8200e8e5be2e35b6ae93d",
  "crates/canic-control-plane/src/workflow/runtime/template/publication/lifecycle/creation.rs": "e469aadf538714dbf37b3f3bf71b5038a0231060b9cb5f5d329a8a2cc1e9b4de",
  "crates/canic-control-plane/src/workflow/runtime/template/publication/lifecycle/gc.rs": "9a72b49182e192073190241e14ef5678dddc99b4e9ea42e130ae5f0e366915a0",
  "crates/canic-control-plane/src/workflow/runtime/template/publication/lifecycle/inventory.rs": "5643b98072b6557bffcd14be1a2e3947b3c18f8db48975a56ad1ba1c5148d41c",
  "crates/canic-control-plane/src/workflow/runtime/template/publication/lifecycle/mod.rs": "b764d1a6004da55555b0758d577fbca2de8f64588dc3dfd38b32b070da98e29e",
  "crates/canic-control-plane/src/workflow/runtime/template/publication/mod.rs": "d4fe9f0177a3d1b14a9622d82d5d70f6cb99a36aa1b5f0c4dd481d94499d7bfa",
  "crates/canic-control-plane/src/workflow/runtime/template/publication/release/catalog.rs": "8f4e59e0477ddb00816afdb9424a6ae8aa26bb170896bddf983ad5e9836ae5a9",
  "crates/canic-control-plane/src/workflow/runtime/template/publication/release/chunks.rs": "550f6a759f2adfd6db33508b64d1836e59cc4df9ac7481baf86c598bb2aab9b5",
  "crates/canic-control-plane/src/workflow/runtime/template/publication/release/managed.rs": "537a42053edc009d93e44e5d2ba7d8a9075984d65a23b287cd9b3218a4df42a2",
  "crates/canic-control-plane/src/workflow/runtime/template/publication/release/metrics.rs": "df85e84bfa7edd9e2d26b0aa768ace289997370582a4f1e8fd794d30aa7a2535",
  "crates/canic-control-plane/src/workflow/runtime/template/publication/release/mod.rs": "d56c53855601be923cbafe77e852ae93826c971e6df6d9e80dfe115bf4ad44c0",
  "crates/canic-control-plane/src/workflow/runtime/template/publication/release/promote.rs": "6cd1f41200e14a83c81057f16fe0b5d81ba0c89079e489fffa038bbd3e7ddcff",
  "crates/canic-control-plane/src/workflow/runtime/template/publication/release/source.rs": "d41baefc44191a04b9e4beb05a7d633ec971b353bbeecc3b87a6fb43bb0986f0",
  "crates/canic-control-plane/src/workflow/runtime/template/publication/release/target.rs": "3a758f6ede2331f9141c6acf5063ce4d6ccfff29d38dd59d507165bdd53dcd26",
  "crates/canic-control-plane/src/workflow/runtime/template/publication/snapshot/mod.rs": "ccc1d7957ae6b79f5bd5bade3cb811351916bbe4ba95b3fb558ea45470bb3111",
  "crates/canic-control-plane/src/workflow/runtime/template/publication/store.rs": "0aa241700270ab26eadbe168f1c24e754ae7b91c58ce93cba40182b74c746c2b",
  "crates/canic-control-plane/src/workflow/state/mod.rs": "115cfc75baf9a2eec3ed9298c577bd8a51053b2959067b25c4c10bde320ba667",
  "crates/canic-control-plane/src/workflow/wasm_store/mod.rs": "082e49470746075aeeb8d53718ac05b7707c3fdec4bca4bda357fedd2a913fe4",
  "crates/canic-core/Cargo.toml": "2d9abd60b243e612a0ed9691144fd1db4c6b4a230bc9f5b411dc53788796c69b",
  "crates/canic-core/README.md": "cf6dd09c62aea7237c15113ae488b3d41959ed3419380c0d978d00f327014265",
  "crates/canic-core/benches/serialize.rs": "41bf0fb49007dcb1e4918f2d4e1345a560eb0057d02f00a292d30114fa64e9c8",
  "crates/canic-core/build.rs": "635c42df1a1f3a933f1ebf1ed10ce55333acbcf81a7d5ecc5bd00053c6388118",
  "crates/canic-core/src/access/auth/attestation.rs": "534a11b97fd4d2b6f11ce2d22087a09ecfd77219381c6b83c6e43ddda9e9e75d",
  "crates/canic-core/src/access/auth/identity.rs": "8c0aeb3386ffcf6795bbeb98393ea7366d8f5e06cb531111b7133326e643596f",
  "crates/canic-core/src/access/auth/measurement.rs": "7ecea8591580de6eb7d441fa0f0e84b7b7d3c99f4a27be9262405cf532f45c9a",
  "crates/canic-core/src/access/auth/mod.rs": "51483854faf14ab61daedf4e73bb8ecced95e5aa43f8d734482a0fff74266884",
  "crates/canic-core/src/access/auth/predicates.rs": "3594ff90e8ad2573069486d5d8e031ff431fbc4cef823efdb818cec98ddb70ff",
  "crates/canic-core/src/access/auth/token.rs": "80a2321a14949a68e48cd8e8c16ae495a958340ae8f46c5b89250f6cfdf3935b",
  "crates/canic-core/src/access/deployment.rs": "9053128effc42601f742d4ec549f9b9ec5b620f577c83e79d8635352ddebb5f8",
  "crates/canic-core/src/access/env.rs": "c6527c35bbaf9f2590c20b5700d4b49c5870d1f356f4a67cb0073b032ccdbb18",
  "crates/canic-core/src/access/expr/evaluators.rs": "294e5950d8465b26c716c18f09c27abddb54922e7a11db348cfbfc883e479647",
  "crates/canic-core/src/access/expr/mod.rs": "5b65ddb05b3ed7c5395ed614496ce9715865a59c113f9aec323cb2d121fbbd98",
  "crates/canic-core/src/access/fleet.rs": "9f0ed2f33eb0b1f920c3b58ebabaedbb5401abdc8c498443f8a895231bfe0142",
  "crates/canic-core/src/access/metrics.rs": "e44e212c4c05569d8ae84d5b53c47e71c2f712f0d17593530fba4b15796b3b3c",
  "crates/canic-core/src/access/mod.rs": "e9e61e98ed4c5a6a3d2deec28ffc934d57601abfd278c902cbbae4efed1f3b0c",
  "crates/canic-core/src/api/auth/application_session.rs": "f1d4bb05ebfcfd6da3e990dd11db81df9ed453da91f1507f3079a739f24c2e7b",
  "crates/canic-core/src/api/auth/attestation.rs": "997ce3f25eed0997b15cdcd0d7490d7a3fce51c8081b17dac6428094682448e8",
  "crates/canic-core/src/api/auth/mod.rs": "afd793b91e66ec8745d9207053733bd484ed1385db73ee52f7e691130c21f8e1",
  "crates/canic-core/src/api/auth/root.rs": "6a46e4f26c147d8eef2330233171c4b10aae4e5f9ff78ad23784313733023032",
  "crates/canic-core/src/api/auth/token.rs": "5e369c9a82797fa148afc1f713b46022a5c6a52c335b7e9a61d8cae6c6e2c7dc",
  "crates/canic-core/src/api/authority_restore.rs": "5d39d149beff1bf94348de95b42ac4061171b4589143094a4e44e3c0943eb0ed",
  "crates/canic-core/src/api/blob_storage/billing.rs": "4cbb5740d8421218809da0fd7914a27c6cb1eeb1f85bd559f558f12dc81bdaaa",
  "crates/canic-core/src/api/blob_storage/gateway.rs": "228f1ba2b6f0fc3d6e89ecc4a36732b616114deb7355264946ade05cf433fd37",
  "crates/canic-core/src/api/blob_storage/hash.rs": "2e069fe9eb27bb60fd411ee229a63ab654c926cc42ffaac104c174265e8aa573",
  "crates/canic-core/src/api/blob_storage/lifecycle.rs": "45e79b72ef68ef83588c76df816ec6d1a06bd0030793183e8820e6bff400d2d0",
  "crates/canic-core/src/api/blob_storage/mod.rs": "22ed8dbfdd6f9bf29293a1e8ddeef1284cd45f0a52a751ee22c5f4a470259751",
  "crates/canic-core/src/api/blob_storage/tests.rs": "95fd4d2ff89febda7ec10a47764c32ad45feb176555eec0e243ca85a06990b4d",
  "crates/canic-core/src/api/call/mod.rs": "7b35c43af4fa7b6d27a8a40d84a0f71488bb300c8b51fc4ed40ce492891f9bc5",
  "crates/canic-core/src/api/cascade.rs": "df7271332cb5bf017398f73c27570be4a2954c0f086d095409d884c444a4e039",
  "crates/canic-core/src/api/component_deployment.rs": "f4b15aa8021c64e7043243fb7507d07a8b0159fe998060a7cc5eb96778138ea3",
  "crates/canic-core/src/api/component_runtime.rs": "e2d1fd0f6c2fe8d0798d5a62cd76b98cf65af190c72a6c81acc77286dba592eb",
  "crates/canic-core/src/api/config.rs": "ec3963b88bd57c07959cacbd7e42be7172af63258e13ecbca5f871fad4e0d7d6",
  "crates/canic-core/src/api/error.rs": "8bfa535c2dfb5e2d5f1bd390d12a5f2ac6990977ed906cad26984298b4ed0471",
  "crates/canic-core/src/api/fleet_activation.rs": "38d6394ef06319deb34bc4641e7ed371cf0af8566dfba99f3810e7384fc464c3",
  "crates/canic-core/src/api/fleet_admission_projection.rs": "f36508fb8e054a13243286745f6e839dec3c7fdcf20b5ea58d581d536e828593",
  "crates/canic-core/src/api/ic/mgmt.rs": "09d758ece1381d9b7b699da7727e83a6c6e601d6768fa52781d172a0f0097e88",
  "crates/canic-core/src/api/ic/mod.rs": "40bc1a517fb6151e097ec94e8075685042b2817bcc243efccdc602ec371223f4",
  "crates/canic-core/src/api/icp_refill.rs": "19dc236434a5e70b027e9ccc02ec7456f39714f71ac034b65a878bac6aeec6ab",
  "crates/canic-core/src/api/intent/mod.rs": "ac64fdfda1b084169308cb249442fbb70c04a7672f6c11e105670fbb928cef39",
  "crates/canic-core/src/api/lifecycle/mod.rs": "115bdfc992e451c93554dfe4be1f8f590d04035de650f902eeeaa40533234c13",
  "crates/canic-core/src/api/lifecycle/nonroot.rs": "27725b304e7110d9b69bfa16accbce4ca7c45d9c0b5beb39b9106eea900b2929",
  "crates/canic-core/src/api/lifecycle/root.rs": "0738ad962f2a5166681aaab81dd90d13b5d22cc4f7883855ae60bcdee8f740f2",
  "crates/canic-core/src/api/memory.rs": "fcf74f6e1b68f14b8df5b8804255a49a592b5324ef32c8e6f64d9a7e206c96f3",
  "crates/canic-core/src/api/metadata.rs": "81bc981f0c7ded08402fab3175ebcdee4055bc42fdc20c88cfb50fea14a936fa",
  "crates/canic-core/src/api/mod.rs": "66e6e3ad685ef8bebe4eab91cfb1adb88df5bbf995d1eb66911c8e358df50ea6",
  "crates/canic-core/src/api/observability.rs": "d1eecbfa5dda0e17808404ec4e945f32c9a5b6d9932a95b60a27e18ddbeadfcb",
  "crates/canic-core/src/api/placement/index.rs": "6013c925a3bc3705a55e06e4ff19e64767d6bbb1e1c5d0edf4dce55bc2d5c5e1",
  "crates/canic-core/src/api/placement/mod.rs": "2e9197f33f3e39f9ac9bbf716ff6ea4d1dee6c54245fa7fe0d51e5af15f8f0f6",
  "crates/canic-core/src/api/placement/scaling.rs": "f81dc850446ecf746acf20b476dda4fd0903ddea74caef7548f73c772bc3f904",
  "crates/canic-core/src/api/placement/sharding/mod.rs": "63f320301d1aef89744f169eabc7475403d8564269d3af5d18b0bdeff52e4531",
  "crates/canic-core/src/api/public_status/mod.rs": "a147305694a0268f3d91697c09a3063d0dd6a1639578540abc44c582b83f2799",
  "crates/canic-core/src/api/ready.rs": "2f2b09795bb965870d4d8d59e672078f402dc6791fe650a17448ed6908a38bbd",
  "crates/canic-core/src/api/role.rs": "8eabb6450b5de8cac8f6796d3a0929b766df8c40b60bd8da6aa1fd4be3613b90",
  "crates/canic-core/src/api/rpc/mod.rs": "72f08a74ff408d80c37532930c9e175de5982889334d131f7e5b2d33cb691b0e",
  "crates/canic-core/src/api/runtime/install.rs": "cf135fecea0f581829e45632dc4bcf6c336d899001a266910daab5c1f0912e78",
  "crates/canic-core/src/api/runtime/mod.rs": "049eff4cff48aa848969daa703e68586c7540183daf1b88648b3c5288569e4e1",
  "crates/canic-core/src/api/runtime/root_funding.rs": "fd75dc2b6d8ea0cecfda9bcc5c6455215a3f52f1076800d0962ccb38d73d653b",
  "crates/canic-core/src/api/state.rs": "c4f3939762405f36a1b6586f9bd22e954f490677f400aed8649714a491e23d48",
  "crates/canic-core/src/api/timer.rs": "e349a8da0a165fedd4ac8276d336d9065afb53c7aa995fdd996b678567c292db",
  "crates/canic-core/src/api/topology/children.rs": "7d0f099363c74f0587bd1872eb7d336f4dd43591556ad22f5d42bbcb9c6acc13",
  "crates/canic-core/src/api/topology/mod.rs": "f96b84b60de9820dc22ca21ad85cd92a579d1063c0d81e2374b8d2a082f317e7",
  "crates/canic-core/src/bootstrap/mod.rs": "f55c6f9b42ff4a83dde7d37733ac088afcaa7640a1c014ff3d16342541ed128d",
  "crates/canic-core/src/bootstrap/render.rs": "790b42899ce17389a1f58fc949d5955c326bddf58ac78fba00c5bde6d020603d",
  "crates/canic-core/src/cdk/mod.rs": "7b75c4cbc648db6e3e7e4b9cb4882bff15adad1c974b7c234bd432bcf2990eb2",
  "crates/canic-core/src/cdk/serialize.rs": "4697e0c94edcd7b10b23a47fef326c4c48625acc93195ad5197c6ee03759d698",
  "crates/canic-core/src/cdk/structures.rs": "fbc54fe3088cc951b467a7cbd45c0ee1346e710c85cb070722202693916f1225",
  "crates/canic-core/src/cdk/types/cycles.rs": "c4b23db0be4175563a8f4cd6f74b6a823e527a03684d3eb515a7c39ec48fe646",
  "crates/canic-core/src/cdk/types/mod.rs": "85cffe144e42f9837d5b588fdc22c9254ba870cf526b432cfaa64b8ed7ce03af",
  "crates/canic-core/src/cdk/types/string.rs": "0116c6bede24b9dd50ab7042ce5822e34dfc47605532beb5cab3480757276e60",
  "crates/canic-core/src/cdk/utils/hash.rs": "d0914cb5fc3cbc424f2ebadfb3607d65841011180521e0e2e8bd4e1676c0c014",
  "crates/canic-core/src/cdk/utils/mod.rs": "b78c3ddc3c7de550184ceabbf641ffd3ce94448cf2888020de5d4c8c96f01491",
  "crates/canic-core/src/config/canonical.rs": "20403c915516ed8a0b88f155201ae57f5e61c98a1be23cfe6e4cd2b1da246bde",
  "crates/canic-core/src/config/component_deployment_configuration.rs": "fd5a4281c318fc64cd6dec172c7e996a291b7918760e60b7f398e454ddabc50c",
  "crates/canic-core/src/config/component_deployment_configuration/tests.rs": "85eac57d28f9bf960a836e94cdce00299cd6d45a4f2f71b61b9c1de234624a30",
  "crates/canic-core/src/config/component_group/label.rs": "d16e7b895ca871288afcfef4ffe115947bdde23809e5ce13372679798c488728",
  "crates/canic-core/src/config/component_group/mod.rs": "1378cdc5c019be85af8c3893a9374aad5925031867ba9ff63fa9864f70ea5218",
  "crates/canic-core/src/config/component_group/tests.rs": "a73543d212f0956338964bb637d9091f537a44a03d3afc8a82cec46287f08512",
  "crates/canic-core/src/config/component_group_deployment/canonical.rs": "5e2279086f4c876d27bf32cd381a1036cdcf76e7293b75319234c18cb1f0badf",
  "crates/canic-core/src/config/component_group_deployment/member_limit.rs": "5b2d133109e036c6ead9db7cb242fb3654fc49774daf29c8b40bceb7c62e08b5",
  "crates/canic-core/src/config/component_group_deployment/mod.rs": "cad42397adf651a52524bb0e2c350043b00a588698e7ccdfe90c5c59f7f4038e",
  "crates/canic-core/src/config/component_group_deployment/tests.rs": "f872fdd8422e0cddef58d59a169500e71e128ebac3d55bd92d3b22034a937abf",
  "crates/canic-core/src/config/fleet_service/canonical.rs": "6a6aa68ccde1964c042cebc93590d229f1501b3a4644a2a786f79d857e779ab7",
  "crates/canic-core/src/config/fleet_service/mod.rs": "fdc8934b196a739c502a28d2e64074c997da6e83246be2f19211a667daf7ae12",
  "crates/canic-core/src/config/fleet_service/tests.rs": "5add573a7d3264b12d5b3aa1166cdf669771dca3dbc565e49fd3b7083e08f77c",
  "crates/canic-core/src/config/mod.rs": "3f8e53321ae1d7fe7ebd82390d7f803fce451fbd234a8c72d66d599585ef08c0",
  "crates/canic-core/src/config/runtime.rs": "0e5bb8a6ed77d0ac2f2ca62dffb54ce10074853f471f8e5445a3c6d6afecff3c",
  "crates/canic-core/src/config/schema/component_group/mod.rs": "2f9664cafff36c860d8a3c4da5e78f5729da0a29f4a39a208d5d1ee215c9c452",
  "crates/canic-core/src/config/schema/component_group_deployment/mod.rs": "02e284d9ac52030a6c978f21744ead781a24ff164a1c47a6339b9d1595445670",
  "crates/canic-core/src/config/schema/component_spec/mod.rs": "c0932ed38336d8aea5bff03bcc3b60c57f3609e568616275b049b22dc7e106b9",
  "crates/canic-core/src/config/schema/component_spec/tests.rs": "2733dd34e893727a1416982eea87f38f9920bc5830d01253417a860151aa00a9",
  "crates/canic-core/src/config/schema/fleet_service/mod.rs": "79f5310432611d9e4c91c2d2b20b087fa32ebc6f3280b40982ed9cb96fe5efbc",
  "crates/canic-core/src/config/schema/log.rs": "517e6cefa44caf29ebe15493d3119dd266d9167963fc49aff72a3066637eb836",
  "crates/canic-core/src/config/schema/mod.rs": "ae351b903613a9f2342f8c04ab8d6aa962cc5fd6737fe243d63d7eaeaea48699",
  "crates/canic-core/src/config/schema/role.rs": "dfaeaafcb76fdd48b1a5fcc2793ea0e2fb995f0a6c63a0c7c2d438a8448fea9a",
  "crates/canic-core/src/config/schema/tests.rs": "7ffef0d3754583f354f8f4036e32ed9e2a8650386ef31766420238f61238f990",
  "crates/canic-core/src/config/topology/mod.rs": "ab2d5f0da0b77d7d891eb5c465bb43187e9080e16ba2487f4f6aac5cf50ba94a",
  "crates/canic-core/src/config/topology/tests.rs": "45bb8d05739e2eba6c0dc11d11d9e347fa798cd16fdeeda76f6277d330383cdd",
  "crates/canic-core/src/config/topology/validation.rs": "2d6c65f7aed792b98510e3b9435e19cd7a2f8eeb9fa97d9702b0c9b66d0e51c0",
  "crates/canic-core/src/config/validation/app.rs": "ca475975f197baa20125b2405c361b4256087395b04997b7478a22ab065067af",
  "crates/canic-core/src/config/validation/auth.rs": "f7a84906c5a64a97a09be9116e44f8b5f137c3af748ff7a2e7add98cf6a7ceef",
  "crates/canic-core/src/config/validation/component_spec.rs": "b06f0a85b5723f60bbaf8590718fb91af03e650d6100d69e7d253cd4f69af44d",
  "crates/canic-core/src/config/validation/mod.rs": "d644d4f00d0f42b623d23415e5c09891fcbc0bd3d8fb012de316b8a4c3543210",
  "crates/canic-core/src/control_plane_support.rs": "cf4a8655eb36811dfedf2579045547a6196e3900edcd45a2f4ca2498c6acc4bd",
  "crates/canic-core/src/diagnostics/codes/mod.rs": "7e6c5d809ef16f1945679df1bebd44f036b9c627df2635110757ff40dcedae5c",
  "crates/canic-core/src/diagnostics/mod.rs": "9ee4bf99748c546b3bc9ef6c8b0a8928b0e0429a4fd75829cb7954d771d7d388",
  "crates/canic-core/src/dispatch/icrc21.rs": "7e30cf3cd9b90c68e496e042b4e70666197c474a273d1bd5bb78fc63ad625306",
  "crates/canic-core/src/dispatch/mod.rs": "137b57f53fdbe93069920b1cc2d330dd3d1b3f441339622387943f94a13ed5aa",
  "crates/canic-core/src/domain/auth.rs": "cba61b3b6dde5b22b26d526adb97737e3cebebe3c5c9ef28d16f05dcbd0e338d",
  "crates/canic-core/src/domain/blob_storage.rs": "1a1dfe0dc23c30e24c02081a8ef8f16e23fb3f0b8ff5174dd1bd66ae32a6bcea",
  "crates/canic-core/src/domain/canister.rs": "cf11353d0fc7aa871bdad05315de2fe97cdb358f7541026515a40c2360b2f7e8",
  "crates/canic-core/src/domain/cycles.rs": "4124d9f6538e4bc7e92f4ec9b72927cd0a7978e838b81733aa5bd9134b3abef1",
  "crates/canic-core/src/domain/icp_refill.rs": "2a90bfc1560d42fe7230f0740a7a0a16efdf64bfbea55b55c9b2fd35ac26930a",
  "crates/canic-core/src/domain/icrc/icrc10.rs": "00a054764483d2f4f877afe6b74f3f3a2684119fe85eaeb3808ec863c184ad8d",
  "crates/canic-core/src/domain/icrc/mod.rs": "cfc4899c1cac282dbc8175ec768c8777435a10e2d3d3cb4ea07ee03156cbf109",
  "crates/canic-core/src/domain/memory.rs": "e01725b83fbf90201ea4d30f6a92fef32ee434e4e2a4126c89b971afdde947db",
  "crates/canic-core/src/domain/metrics.rs": "09cdc552da65c9df73987fc6f762e25c3b33976d9e7bc57d64d5fbe36d0ff716",
  "crates/canic-core/src/domain/mod.rs": "016a2138f6a91a7e62f9d673ef4d3fed6e8ea38710cc8247a16264446c4ed216",
  "crates/canic-core/src/domain/policy/mod.rs": "ae56c2972bb0afc9e81d2995c2a772f4d09b0dbdf43bcbb4066a732f83c2714a",
  "crates/canic-core/src/domain/policy/pure/auth/application_authorization.rs": "aa2e6a25fb08b619d6113b74e603385da1dad19e2b33daa7dc1aff3e515c7ea9",
  "crates/canic-core/src/domain/policy/pure/auth/mod.rs": "b06eb765df22f902fe8fd9afa38cf195678a584d93ae293f43112857f308b894",
  "crates/canic-core/src/domain/policy/pure/auth/root_provisioning.rs": "4ae90db9ee4ffc65d55e14ac1c231bdbe842ce7e311b402b1cd8527dead3ac1f",
  "crates/canic-core/src/domain/policy/pure/authority_restore.rs": "06e53f6a7fe500aa66e382de2eee04cccde3ed5626bc8a840a779192921268fa",
  "crates/canic-core/src/domain/policy/pure/blob_storage/mod.rs": "21f84b142ffb6e0d80c07bb81924fd429da04fcf04d8c45d17781964bb558b5c",
  "crates/canic-core/src/domain/policy/pure/component_allocation.rs": "b173a8503fbe36ee970c4e9ad4a93e41265c57a1a4b1851bddb1e1938dc56bec",
  "crates/canic-core/src/domain/policy/pure/component_child_allocation.rs": "49d037d26ca9b80e612511d30d7470552ffe8f3a6d1582acdd59b96e7c41fbc3",
  "crates/canic-core/src/domain/policy/pure/cycles.rs": "9622d4050d2aaaa288cc11ac301d8460398df2f0be761af06323aa4d1f270d30",
  "crates/canic-core/src/domain/policy/pure/cycles_funding.rs": "345f9051df74a9da71f909ba8ce58c108cf989d79ffc43177cefa08df2153db7",
  "crates/canic-core/src/domain/policy/pure/env.rs": "799cb77281aadd143e9c21f2b32e7a038880d7acbec2175daef679c7eb6bb63e",
  "crates/canic-core/src/domain/policy/pure/fleet_activation.rs": "695378c7bbc7e756fb7a8d033cc5078d075aa6d91e40fe70bbc4bf9d3324489c",
  "crates/canic-core/src/domain/policy/pure/fleet_admission/mod.rs": "a733f24d19b74b6b6709b79f6dba6f6c0819892b6d49bc00030b9e6ea01f65fa",
  "crates/canic-core/src/domain/policy/pure/fleet_admission/tests.rs": "e4c06a457cabc6df2fbc5c2ac8de81df69ae4839c2f62ef0b3ec92ceef84a7ec",
  "crates/canic-core/src/domain/policy/pure/fleet_admission_projection/mod.rs": "0cedc407a26514de01dd6ffa1d7b6b7cc9c3bac9fa07480f9b3df36f295970d0",
  "crates/canic-core/src/domain/policy/pure/fleet_admission_root/mod.rs": "d5e72cfa76f5e6335c8eb151e77f90f4c596ba9c4c7e1e3ec2e5715f40de5122",
  "crates/canic-core/src/domain/policy/pure/fleet_admission_root/tests.rs": "47f8250d9a2aaa92dc747b4d773f4b725f601c62dff65649241011f411f14133",
  "crates/canic-core/src/domain/policy/pure/fleet_funding/mod.rs": "dce1a670852f9f7ce7b8d556d671d54dd883e50c18eb1a4f203891aee295a8a6",
  "crates/canic-core/src/domain/policy/pure/icp_refill.rs": "222eaa1cf577ee62b06e7a54dd98fb6671371de3011c0ee79b44d514c05579fe",
  "crates/canic-core/src/domain/policy/pure/intent.rs": "a1da7c843047b2c7d1b38022e95066cb34d95d4ce952d4b21a07b398996b39fe",
  "crates/canic-core/src/domain/policy/pure/log.rs": "8d0ac31681b3120d2be32b5a25c5691af363df5ee42cbd01a92ba7ca65149167",
  "crates/canic-core/src/domain/policy/pure/mod.rs": "8422d8463efcc035c3b39a1762b27404b83ba558ac99b19973c979dd385f26ee",
  "crates/canic-core/src/domain/policy/pure/placement/mod.rs": "f115c9c32ca66cfa2817e258e80c37e8a6a34f55118eb451ed25c79244153996",
  "crates/canic-core/src/domain/policy/pure/placement/scaling.rs": "e1559ec940ed23b41fa9ebfd83d5547fe3ba1d14fb31de16d853889bc008549d",
  "crates/canic-core/src/domain/policy/pure/placement/sharding/backfill.rs": "e17a2de616be4bc2dbad7515ebff81fdd1ee21b8071af1239d9e9f03680d0077",
  "crates/canic-core/src/domain/policy/pure/placement/sharding/hrw.rs": "a1958cee487f7a8f03ad2cd861dc7306e24b2488062a547e7169a9384b6f4f79",
  "crates/canic-core/src/domain/policy/pure/placement/sharding/metrics.rs": "9aeb4a89e77637f43c4273d2dac84c7a96465a8974d5641143c57f96a120d09d",
  "crates/canic-core/src/domain/policy/pure/placement/sharding/mod.rs": "eefe130f0a91f3d446de5e6f4b396daf4bb48d117b8d8de6d9b415194822b7b4",
  "crates/canic-core/src/domain/provisioning_failure/mod.rs": "6f40e698a7de84a10198d97159f2790acfac3b18b6a4ffb6d1cdc91b7118fa38",
  "crates/canic-core/src/domain/public_metrics/mod.rs": "efcab32545684e7ef9a05bdbf420bff5369b8d3aa5566ce7cd21216f9f7b9e6b",
  "crates/canic-core/src/domain/runtime.rs": "651456a87bb3d70422ca3dd6dc8546e41021ca39d224cee327bc5e30c21f4cdc",
  "crates/canic-core/src/domain/state.rs": "1ac0874ed5bb6aac8387513073884e03ed739bb16827020f094801b6d9ff44ee",
  "crates/canic-core/src/domain/value.rs": "328e2208346def6600066e07b6aa5bbbdc68d1296d3b9d3cc21b8ab6d8f19866",
  "crates/canic-core/src/dto/abi/mod.rs": "0ab4765715c7a10b289c447e359577183af1d30ae58d22f63eb3b00b55b26e60",
  "crates/canic-core/src/dto/abi/v1/mod.rs": "7b584f34ae2234e9ad4276c421f6a7c646270a6bf2f0990f4851112d7c9639c8",
  "crates/canic-core/src/dto/abi/v1/payload.rs": "2796a4f541ca776dde16340433a2ad56793984a22b6debb04c59e3d9ab026fb1",
  "crates/canic-core/src/dto/auth/application_session.rs": "69ee49ed1ab1ea0bed691f4587f1ae1b6717a2c75d89882a9695794a03b8db4d",
  "crates/canic-core/src/dto/auth/attestation.rs": "315e7bbb4ab40532c7ccb0537f23d8773b6ecbe25bd921d9386c2287c6b41a7a",
  "crates/canic-core/src/dto/auth/common.rs": "5b88e344bde49083da282201dab6da7cea5413325260c2dd87c62c00f28a3a3c",
  "crates/canic-core/src/dto/auth/mod.rs": "2ee5dcbbcc4f6e274117542e92b193b7eaee1c16508e4d6d0100632bbced76a1",
  "crates/canic-core/src/dto/auth/proof.rs": "5fee521ddf4a10d623de56323abaeae013129da7a0adca41d6480c4dfb5c3bc2",
  "crates/canic-core/src/dto/auth/renewal.rs": "7f813ef014b91858c2b347dfaf25ed9e27c9b0239124070905f71779345aad24",
  "crates/canic-core/src/dto/auth/tests.rs": "0e07c0bdbbee31f39c6082bc3c2985968e582c6b51e832adce4791a4a84a38ea",
  "crates/canic-core/src/dto/auth/token.rs": "5f1be692cf6d7aea5532450f93e370435f8f4989db88d16022891ab3e9162590",
  "crates/canic-core/src/dto/authority_restore.rs": "fe329ab51d6b0a7a9a988e2523add2efd19aed37e886cf671984a59f1dd7ace6",
  "crates/canic-core/src/dto/blob_storage.rs": "4fb60c8f61fda9d303d95d23554f8d6bc04c2f91496a30053301cff5f55d93ba",
  "crates/canic-core/src/dto/canister.rs": "6105cc13829e9d83a0b6427e59fc5e0bae635402a777e6efe7836d71fc4c5ebb",
  "crates/canic-core/src/dto/capability/mod.rs": "aacad4c58eac1b3e33049a27f868601c20ecc1658b8c788c5b508f57c1e14e49",
  "crates/canic-core/src/dto/cascade.rs": "2ebdc954f70f99047f12b97ca1fdd79724b58cc4d11c630c9dbc368057c2e021",
  "crates/canic-core/src/dto/component_deployment.rs": "449bf8f2cfdd2e699bec9e4ad2be7249d275bc0430d9e58d31e576d94e755eb8",
  "crates/canic-core/src/dto/component_provisioning.rs": "3b4f9c8fb7c3a6ea1a22c3789675305abad84aa4b5fcd2c85db834ccfc97d571",
  "crates/canic-core/src/dto/component_registry.rs": "5df0ef6b885d3548f6d45f92e97b567b8dff6b654939acb0b9a69fe1f1a315b4",
  "crates/canic-core/src/dto/cycles.rs": "1d0248590b85bdb175ff70a27bcf663fe76bf12c6bca53d93e24330b535a752a",
  "crates/canic-core/src/dto/env.rs": "a2674fe8ebdee10246edc09556950701e831308ef41db99de01395cc2e6aa697",
  "crates/canic-core/src/dto/error.rs": "91ed68fbed5074df413003c200314f021baf24baa95fabbb69c9511af6e4aa91",
  "crates/canic-core/src/dto/fleet_activation.rs": "42343bb55d9b5ba6fa4df3c583efebad73be1aa622df7e4657e868ff4f71e69c",
  "crates/canic-core/src/dto/fleet_admission.rs": "3de0dcc34efe001f5f0ccfb82179d762de3b30b985b9eab3a74bc146e560cba8",
  "crates/canic-core/src/dto/fleet_funding/mod.rs": "2f3b59d47eac6f21fbaf7d187425dedbc7ac50a1551232f76d444c7ee4222167",
  "crates/canic-core/src/dto/fleet_registry.rs": "098c19ba7d83b274ef56b79f1ce2687af57f8b72cd0804791071265dab2bca6f",
  "crates/canic-core/src/dto/fleet_subnet_root.rs": "657d8b140d010af30269b5881d652655315d2d7c2ecb70859db585e8a152853d",
  "crates/canic-core/src/dto/icp_refill.rs": "833efca3d011ee9d50f2143140edbe3513f3465bca86701ff333fe44a263d256",
  "crates/canic-core/src/dto/icrc21/errors.rs": "30a7dacf187f802d842285d84d07a90211d8151910366c688201c2fa92533cfd",
  "crates/canic-core/src/dto/icrc21/mod.rs": "452ea566ad4a03ebebb78b5c3e94c63985a0fa12f8ad324dd7f0769529b6f37b",
  "crates/canic-core/src/dto/log.rs": "fd6ca0945a97970e9af5d6c93a10ace8727d69ba868f34df50f2b26a634929ad",
  "crates/canic-core/src/dto/memory.rs": "f40a9435357f9d22a7c3d65a393297b677bf6827a03fa5e2b4db780b3709c2d3",
  "crates/canic-core/src/dto/metadata.rs": "dc78b3331a09c9d15b42fb972e027300b42a7c8aa6ee389fb930a91a6243d459",
  "crates/canic-core/src/dto/metrics.rs": "d12ded827df7c5e5d4011cf3bca86c90d374e179ba5295efbbbed26b860ca580",
  "crates/canic-core/src/dto/mod.rs": "12b0303476c83ddaa011aaa8aae707dfcc03454cfd51c7cc1383e81447564b16",
  "crates/canic-core/src/dto/observability.rs": "0b3dccd0f2947a4c998982e13a34ad0290958085bc096c6b0ea230729db38bb7",
  "crates/canic-core/src/dto/page.rs": "e12149e041489f9e89c6acbb7da60d938b646f0a64750848f5a1782cc385f267",
  "crates/canic-core/src/dto/placement/index.rs": "0e705cdb23f3042b3c92b49c84dc7cfd3413099ecc33f318cadeed7ae2145cf2",
  "crates/canic-core/src/dto/placement/mod.rs": "6aa7eac7a4c04f8dbaa0b674a620f0b3bf8d15d2a0aadc098a8d8324addcbfb1",
  "crates/canic-core/src/dto/placement/scaling.rs": "a020025e45c02c7f9d290337ae97f26ad8e8189f3173d6eeb0bc3e9d495f49a2",
  "crates/canic-core/src/dto/placement/sharding.rs": "0d9f8fd74c36816ea9944714facc45a006d47a57c195172faf0799298d871f03",
  "crates/canic-core/src/dto/pool.rs": "71e09ebb4494df52f6301046d78bb8557b638676768ac35231f32c668bd86d83",
  "crates/canic-core/src/dto/public_status/mod.rs": "471c74e7138b25304a0af42619a04a4ed2e52fe912cbe58d51d5066beca2a74b",
  "crates/canic-core/src/dto/role.rs": "f9d07846550bb4247fdaa0eeb96666cdeda4d1a0152732a73569838557095fc3",
  "crates/canic-core/src/dto/root_store/mod.rs": "fb433905c12875612e85fdbb62062c262e028c5bfc6f0718bd4779f563874709",
  "crates/canic-core/src/dto/rpc.rs": "5db32d5e9e52b57dcdbc49e74aa291a32abaa9ad1983ca1fbbf4fe0eca1c66b0",
  "crates/canic-core/src/dto/runtime.rs": "2639ea1a77130794856fb37ae1d0303883287734630efb6fe67d27c0c0c00203",
  "crates/canic-core/src/dto/state.rs": "88704328d263650bf547f62d5e8a318924a0920c61f5b508f6838be7e047cc2f",
  "crates/canic-core/src/error.rs": "f3846cc9ec42835af52024a99ace4541acda83b52e6a39ec441cb86b5aed5b31",
  "crates/canic-core/src/format/mod.rs": "5f3b5a03ada2a5d12e3a47ce8b4cc79320d20d351fb725ebf75b69be550749f6",
  "crates/canic-core/src/ids/app.rs": "d06dbb8b766222ec0357d7ca8bf7333da3abffb89b1589aeabff392e69d17ba2",
  "crates/canic-core/src/ids/build_network/mod.rs": "ee7658a3f56328f59c7cc489decc34518916fc58bbaf2b13e0dc25f45d7057ba",
  "crates/canic-core/src/ids/canister.rs": "0fee404133195facea35cc13f431ebe32f06ee0b38c864670a7a7475f892c133",
  "crates/canic-core/src/ids/capability.rs": "23c2c9a23d7c28d9310691b37da3fcb16740d4dde0dc394d9e9d210c829e8880",
  "crates/canic-core/src/ids/component/mod.rs": "e6ff8b26e1279cfafc267c75a2dce54cc94f2cf24ff76536514af1437ce27992",
  "crates/canic-core/src/ids/component_deployment/mod.rs": "597fe0cc79095d5dd77fbc0a2748cbfabca77b32d7f029a3f01d77d415a0fb7e",
  "crates/canic-core/src/ids/endpoint.rs": "103c37945d725c1c24c1e783dd6dab10fb179ac1eb54731b65b910cb70261a4c",
  "crates/canic-core/src/ids/fleet/mod.rs": "a5ec1991a102922b395fdf2f98568e0d6803b1b7e0caaeecad4585f98fc8bbea",
  "crates/canic-core/src/ids/fleet_admission/mod.rs": "8aa518a1fb62188716b1851d9b34717563fb25f1e21dffc7d60186f50f047fa3",
  "crates/canic-core/src/ids/fleet_topology/mod.rs": "d434345e8b8c128e7c34fa14cc4a1c3011995b0faaec9b0f9173b9332fab8f6b",
  "crates/canic-core/src/ids/intent.rs": "e7cc0670e686b860dcbf432dbb9b91f859666d159ef52dd2a6b4e26f5ac8d0c5",
  "crates/canic-core/src/ids/metrics.rs": "85e984c846afe603bdd3dd814995023d340c9a86c64fcd7f85515e744e727668",
  "crates/canic-core/src/ids/mod.rs": "ec4c78f6c1e71d0e97a72b093c363e645b930b5f56c442f67ab1afd95de2c222",
  "crates/canic-core/src/ids/network.rs": "2529fb2f21d520463c630d5ee138b0e23e788c85ae539628e52ed71bf8315a36",
  "crates/canic-core/src/ids/release_build.rs": "bf84b89903d0d0ee5341ca6d3888f71687ce32494c0b6a77f772a8e064243e78",
  "crates/canic-core/src/ids/release_set.rs": "bebfe99b12e3650cc599b96821a0b54d09e9ba1570ae36757309078cb75507c1",
  "crates/canic-core/src/ids/subnet/mod.rs": "54e6af81317c0725f835d2652e86f2337a01f29147520fa00d78c95aaa2cea1e",
  "crates/canic-core/src/infra/ic/build_network/mod.rs": "5d5dfa08dbc1c0d6db2050b80a1df509468cbb9b4b58506908b1c4c379109f67",
  "crates/canic-core/src/infra/ic/call.rs": "67381365e952a451e56184f1805b7d101d703b1769badcdb5842d3e2d365d459",
  "crates/canic-core/src/infra/ic/cycles_ledger.rs": "d3381b8840a3ced4522e59d47d5bfba3750655803f5d798c9e5f41a2e7d70a3a",
  "crates/canic-core/src/infra/ic/icp_refill.rs": "5b6e4acbfaf3f1b8457d85099ac7a88476e52f86d153ced373739798ddff2f17",
  "crates/canic-core/src/infra/ic/known.rs": "8d13180488941c981d9167a5bda3d4e24b91a39f9424e834ca93615e3f0a65b9",
  "crates/canic-core/src/infra/ic/mgmt/cycles.rs": "b018ba4beace37d5a0616c7293b2115c478f3a65eeb0726438bf46e771c88af2",
  "crates/canic-core/src/infra/ic/mgmt/lifecycle.rs": "1e10a50a6c9995b0fb2aa79078e66eebac0d7e68ab0263f95d78f16c5909e235",
  "crates/canic-core/src/infra/ic/mgmt/mod.rs": "d8bc7876d254351e70459cc0085fc37a7c1a8e25c3988576fc77af21bcbf249f",
  "crates/canic-core/src/infra/ic/mgmt/signing.rs": "2dccda46ded508de4702f0128a814ef47db50d2a132dd90dd411e0e540c3cff8",
  "crates/canic-core/src/infra/ic/mgmt/status_settings.rs": "ecb66ad9b7e9ac90328a3d0388802a5ba012d580fed489afa128ef575e71ca76",
  "crates/canic-core/src/infra/ic/mgmt/types.rs": "7a7dbec87e1472efd8cb8b0a13ac0610716a21a32218d57b8fae88a671205f24",
  "crates/canic-core/src/infra/ic/mod.rs": "46fe8a70215277a5a8de12dad113f5e7c6d37a18aad93a4bb80909f205844bfa",
  "crates/canic-core/src/infra/ic/nns/mod.rs": "9f2219cf5e418c7d1f5da0fb3719b76e57b1d93938ed21f44b1c8c9c49327281",
  "crates/canic-core/src/infra/ic/nns/registry.rs": "b94d0dec319fa970fb7b1d0bd66fcb87218b20bdf0d88ba251f4cb2b86b0738e",
  "crates/canic-core/src/infra/ic/release_build/mod.rs": "44a68521c709c319f0193d7a374c62703520eb5bfbfd3985ba2e44ca42a9661b",
  "crates/canic-core/src/infra/mod.rs": "b110ad81258d9e2b85ce4570a374ad758d2b258e3bba5732da141df81ceb8082",
  "crates/canic-core/src/ingress/mod.rs": "b5d188a7008f5f1fa539b591ac8d116bfc1c1e64fb9cb7bd6b6270cf1fc3ce88",
  "crates/canic-core/src/ingress/payload.rs": "bd00d590657963dc15f43067908b693531ab72c1328d4aec217adf27e7974aa2",
  "crates/canic-core/src/lib.rs": "c8f0a3679a73cba0c582b2fc759a76c92bd9307372c5f8e75fa067dbae83f671",
  "crates/canic-core/src/lifecycle/init/mod.rs": "9d258b268b806d2d43ccc699855f245af5a0045df14119741b64a14bcff45a5a",
  "crates/canic-core/src/lifecycle/init/nonroot.rs": "1613249cc07a5bdf0f474fae99beb2dddf82550b758de7cb61f8e3be64a027c8",
  "crates/canic-core/src/lifecycle/init/root.rs": "c901e756b73d3cebe73150d27cb2a75ff67664f0e280f3ce6ff843fefc227737",
  "crates/canic-core/src/lifecycle/mod.rs": "2136b3449130a5d35587b8698c52a81abe6c8fe1ab1507d8335294ac4b9f71ba",
  "crates/canic-core/src/lifecycle/upgrade/mod.rs": "755ca583f773d05b72754d4c82d851b3018c0ff8945e3da6cef1e25d119696ab",
  "crates/canic-core/src/lifecycle/upgrade/nonroot.rs": "67087e0e612ca92e300ff6661d13011148c910f6c3f3833dbdddec00e03564f6",
  "crates/canic-core/src/lifecycle/upgrade/root.rs": "69ae75d727b5849fe84d58aad74353228cb25fcb04e952c667efdc50f920cb13",
  "crates/canic-core/src/log.rs": "53266ccc9f33d370eb47b186b23392e5875bdf33ebc043e9fc40366ed4376cf1",
  "crates/canic-core/src/memory/ledger.rs": "ead9fa527f50fc958794105973da89c7afe4bd01c2ee410b82601a80abba9237",
  "crates/canic-core/src/memory/mod.rs": "c0fbec50476329c1e6f9f7d937f8922ae557f8b342c852fddb37b56fa46c5b64",
  "crates/canic-core/src/memory/policy.rs": "64cf4efc403b38a21b3a668770ab2a8e02e1d7afd772428dbed0cc05d93dfeb9",
  "crates/canic-core/src/memory/registry.rs": "1e5fcf1a8ccc8af53162a3e825a2f2c7e0542e8d169d92610d615b8b3fbdb693",
  "crates/canic-core/src/memory/runtime/mod.rs": "16995c58abce10270fd149dc78cb03bfa959d2fd445f727aee73fd43ff5f7c6b",
  "crates/canic-core/src/memory_macros.rs": "42ae93c8803de9a746fcca7c35dc38015e085fa1ce5592b19bf026b586049a69",
  "crates/canic-core/src/model/auth/application_authorization/authority.rs": "726698e92d77346a626d159dc8886263f703bd3a88d7c46eaa7286d90c6adc1b",
  "crates/canic-core/src/model/auth/application_authorization/mod.rs": "f9d878a98b55316f863ec7b98fea29fc610a40b24d8892447529bcb0afa1d653",
  "crates/canic-core/src/model/auth/application_authorization/scope.rs": "9c791e06e18909d13b28958ade2466f2d116f76061246f56a5f716be21af17fc",
  "crates/canic-core/src/model/auth/chain_key_root_delegation.rs": "352db5f0a2def3704456f82aa534607e68710cd76a64ea2cd28192faf09ab38b",
  "crates/canic-core/src/model/auth/mod.rs": "31676550af3d2b0cdfa87d8ae9c94507481c6c1996e88912d3bf60fa2078fd3b",
  "crates/canic-core/src/model/auth/root_issuer.rs": "d2cff47c8ac6d70ad1c177eaac0c169b416d97b99e6f5d957587886abd6473e4",
  "crates/canic-core/src/model/blob_storage/hash.rs": "7fbe0cd41331e77c35146db92e3298d00c6e485556c1ab2a797a3df72114aff5",
  "crates/canic-core/src/model/blob_storage/mod.rs": "0dab87ba78e2c53582d38e52e576b50463caa85f6df6cc67d9170b9882e7dcf2",
  "crates/canic-core/src/model/cycles_funding/mod.rs": "c77d364a25213fc42e353f9af3d22b1aba4aefd58c108b81cc143d4c60ff75c8",
  "crates/canic-core/src/model/env/mod.rs": "a4a34be7b258ca858f185db6571dad48792db1b6b282a285d50de860ecf01214",
  "crates/canic-core/src/model/fleet_activation/endpoint_mode.rs": "b9c4d4578478a55a9a203aef6ec378fe02186a3d07793b33109f47ff8d4d049d",
  "crates/canic-core/src/model/fleet_activation/mod.rs": "345b8007601c1e032ef7d77b151fbf9c1db1726bc5caba0764d5db746d89720b",
  "crates/canic-core/src/model/fleet_admission_authority/mod.rs": "ebe85e4248963c895b2250f8345d1362a29521f1f4a38bf83b4e80945dd95b0c",
  "crates/canic-core/src/model/fleet_admission_policy/mod.rs": "2aaad3755b4e5f059fb237dad32be21b8d231749295a2c2c5dc9c7e3b59faef0",
  "crates/canic-core/src/model/fleet_admission_policy/tests.rs": "39852f33d1e6d61d12f582eae5b1391e6cb524a8647de2978ef8fd58e641234a",
  "crates/canic-core/src/model/fleet_admission_projection/mod.rs": "72285e99770b9fd28fc5695a9255b8b1b8c3cf9a831c8f60022d0629838d248e",
  "crates/canic-core/src/model/fleet_admission_root/mod.rs": "0ccd37e456b6b81e0c1f06ade7cc6dce5ec576a6c0aae68e8acfdb5b374fa42c",
  "crates/canic-core/src/model/fleet_funding_policy/mod.rs": "ecca316565220846eaca41b8b671ec75d2272827cb82e9e82abe698bdc4203ba",
  "crates/canic-core/src/model/intent/mod.rs": "4537667284a6d665da457a8a8f4099b83d16a7ee92a14ca45fb7f2b3d924d13d",
  "crates/canic-core/src/model/mod.rs": "ff61232983174d5295bc7b7d85539427c72f8b5d0d74f73a11da673956767427",
  "crates/canic-core/src/model/placement/allocation.rs": "3cb58eeeeca41b0839d2d5f4cf2fd69d81aeee57e8062027ad00acea8ead52a7",
  "crates/canic-core/src/model/placement/mod.rs": "5ef3d5e655a6484626976eebc6cfce2cb98044f9847d47c1dc6d83d6024b9309",
  "crates/canic-core/src/model/placement/scaling/mod.rs": "515d7d8c13d59607e0ae2459a922d03db2eacb6e8606cbd9bb013e2a2d717b65",
  "crates/canic-core/src/model/placement/sharding/mod.rs": "f02a4e278e9cf3a66fe6b3af44bf226528ea23c5fff07c33594f30040b297e6d",
  "crates/canic-core/src/model/public_metrics/history/mod.rs": "59b6cea54caa727df3e92f0999b3ee272a55e7f7c3941460248d504e724a470f",
  "crates/canic-core/src/model/public_metrics/mod.rs": "5a033ad04f1062b6436f63b62575bb335097da762134e6d7845a007630cd971b",
  "crates/canic-core/src/model/replay/mod.rs": "29800a42a399e4d11c40f873aab6b3137d98f6c1932f3bbc6e259b13fbd7daa2",
  "crates/canic-core/src/model/runtime_kind/mod.rs": "da0854773958272203f20a1a17e88f6264eb12e9fa9aab822b588aed23c99e7a",
  "crates/canic-core/src/ops/auth/application_authorization.rs": "fd9df06fe7493c1e36ee9056005295eed316c740f4cec48b09db327a2f8e464f",
  "crates/canic-core/src/ops/auth/attestation.rs": "8fe387ec1c8fe79b9028f518947cb755d48d1484e8db25a17c91a20c0552becf",
  "crates/canic-core/src/ops/auth/canister_sig_key.rs": "91890fa74061abef9afd63df5b5c723ad73314a7e6b5371dd506e9a3dca4c031",
  "crates/canic-core/src/ops/auth/crypto.rs": "41ea6154f766fa4419dfc8cf6b6abbe5f0e3b4770ce2665dee087ad029808c64",
  "crates/canic-core/src/ops/auth/delegated/active_proof.rs": "47376a40342a202fdc1468f7a7ee26107895208c00daa5cc5dd6f46a9fb53e07",
  "crates/canic-core/src/ops/auth/delegated/audience.rs": "3332afcacdb189f19b797084583c3a000a7a5a20e99fd9828ab2d9805717d502",
  "crates/canic-core/src/ops/auth/delegated/cache.rs": "891cd551a2e1f2bec59d377aec4c3ec9da83eff54e134fb2d37356e5f763d7a0",
  "crates/canic-core/src/ops/auth/delegated/canonical.rs": "add83ee6604ae16ced719ddfc4fd1d99634abd1f4e196cea98d1a94af9e6e5f7",
  "crates/canic-core/src/ops/auth/delegated/cert_rules.rs": "06e61357d06b8672c874fe471cb0a0bc7896b8288b87cafb4ce59fd0dac81ecd",
  "crates/canic-core/src/ops/auth/delegated/chain_key.rs": "e82e8567f68606db6a577f535fcf9d3088cd19392507798c0ed651daf29eacfa",
  "crates/canic-core/src/ops/auth/delegated/chain_key_signing.rs": "9386955eeeaa1e2a80bfab7da35408b28c3821048cf5c6c1261dbe298db30a00",
  "crates/canic-core/src/ops/auth/delegated/delegation_cert.rs": "2ddd56d3a8ebb4fd8c36a36484087128941da44e48c58a7a23294f581d261c2f",
  "crates/canic-core/src/ops/auth/delegated/mod.rs": "71bd0a7f3d5d6b017129274d6168a992016bf0ac4319d71834bd69613aeab3e6",
  "crates/canic-core/src/ops/auth/delegated/prepare.rs": "eb68f39c8ce08f4a1307b871018575cbaa59f487311e3eab5ae6df2ad14e736d",
  "crates/canic-core/src/ops/auth/delegated/test_fixtures.rs": "d141fde191191957508ed96696c26915c1680bf4a2e5db9416adf75847f6b814",
  "crates/canic-core/src/ops/auth/delegated/verify.rs": "d920b77435f49b62aea8dec46fe1560e13dcd454bf2b9f262d017c03b07be991",
  "crates/canic-core/src/ops/auth/delegation/active.rs": "bedac081fe24ff1d1f291eb2d235c7f96e3fe62478a6f90d1ac7e4f01e37785d",
  "crates/canic-core/src/ops/auth/delegation/chain_key_batch/batch_id.rs": "c7fb777587ea907468b38caee626b30e864a1b205be5d057fd854b4b19cbc17d",
  "crates/canic-core/src/ops/auth/delegation/chain_key_batch/install.rs": "c48c7ef874d641522fa8961cd8cdf305bfe19bad5418bfa272fff66ec44155e9",
  "crates/canic-core/src/ops/auth/delegation/chain_key_batch/merkle.rs": "f2ea18223a396afb89f3c6ab3ce0c98f58e780f392e98e08996b354043e515ab",
  "crates/canic-core/src/ops/auth/delegation/chain_key_batch/mod.rs": "603f3f15feb290d3184f1221bf5e48c0cca5c1815b16ea738db4d0c9de8e41e8",
  "crates/canic-core/src/ops/auth/delegation/chain_key_batch/selection.rs": "8e26808366fb013dd2600e28f3ae01220d1e7b8e1a66268d3f8942f961dce32b",
  "crates/canic-core/src/ops/auth/delegation/chain_key_batch/signing.rs": "04351b55e5875ed70e45f938a5a7518ffa07250b02fa22ad094d754eb656c815",
  "crates/canic-core/src/ops/auth/delegation/chain_key_batch/tests.rs": "3bae1785f66d54e6a5d65007d67b742ba650d6ef3be810ae0515e3d59ea48eff",
  "crates/canic-core/src/ops/auth/delegation/chain_key_registry.rs": "5e4d1cca134cb458cd8376f84d00a0bbad01001b4e14be1332989a3357ee45f3",
  "crates/canic-core/src/ops/auth/delegation/errors.rs": "0c2f5f99c026a80410389bfd61c3343b058e111576f7d85388a2a007056b7ba0",
  "crates/canic-core/src/ops/auth/delegation/mod.rs": "0affc1d16777a048a44d624b44e111e1fbb4a445a05c471f17667255aeac708d",
  "crates/canic-core/src/ops/auth/delegation/root_issuer_policy.rs": "17402406fac35395d354c8e95475c2c72c864d37eeffa4f764d4b4350cf06b73",
  "crates/canic-core/src/ops/auth/delegation/root_issuer_renewal/identity.rs": "ffcf48d7346e902130914af0c60a2cec13a7b4f4c448e4e23ddb1172fb5ef231",
  "crates/canic-core/src/ops/auth/delegation/root_issuer_renewal/mod.rs": "2154533c365ebf821d30f76ed2d19779edbf6a28a548f1c9fed2ee9c1110c79d",
  "crates/canic-core/src/ops/auth/delegation/root_issuer_renewal/tests.rs": "9d154b266cdc3d5c9f966e886009d122ef0df342752b9261a5d14744dd7b1ccc",
  "crates/canic-core/src/ops/auth/delegation/root_issuer_renewal/view.rs": "692eb198dce5f559393f82f7f02ed4f13cabb7eb1c6e07dde122c5411fa40175",
  "crates/canic-core/src/ops/auth/error.rs": "16b157d0028f3065a8728f5aa6c998873976f3d373bf259ae2535564a8d829e0",
  "crates/canic-core/src/ops/auth/issuer_canister_sig.rs": "0b514a90739494906f821921a477e5b51a0332d2a0159719cf5a5a9b8fc73292",
  "crates/canic-core/src/ops/auth/mod.rs": "d0840f660d3996646ab9d644bd761e3378d6363fc69305a7ea76afe9542bf670",
  "crates/canic-core/src/ops/auth/root_canister_sig.rs": "5ce4ed27a0616ff3be128289b63a82b8bf1cb39f22dc70fe5dd2d4fbb8ed8a87",
  "crates/canic-core/src/ops/auth/token/error.rs": "0c0457e91ac33e19904aa70856eb08e4ad47865e896d94502b86b6929eef12e6",
  "crates/canic-core/src/ops/auth/token/mod.rs": "2d50ffa4453dcbbaa740098ff74d40415cc79ef66cb6e9eabe3ce54235b88fd6",
  "crates/canic-core/src/ops/auth/token/retention/mod.rs": "1e849e092fc8ed34f06f80fbf791c4af401d6bb463b44a304070b90ff3931374",
  "crates/canic-core/src/ops/auth/token/retention/tests.rs": "1b4cd1951c36a61c902bddfa212bd9f1deb6183b272f0cf1cccba47b7befd76a",
  "crates/canic-core/src/ops/auth/token/tests.rs": "f17047364381ec1cbf681add59dd27d6664e5e201b749f652efe4e27c79ca250",
  "crates/canic-core/src/ops/auth/token/verification.rs": "40220fc6b7bd899dc7889340e785b4ebca2c91d9bbdc17e7f0c91ae3577a73f7",
  "crates/canic-core/src/ops/auth/token/verifier_config.rs": "22dde3ca67530c6812666a53500e0d94e2b17cde545bb432dbd376a53852fbf9",
  "crates/canic-core/src/ops/auth/types.rs": "2c78b9959670b307c3a3512fab138e3e0cda5e733f4cfebee305aab425787584",
  "crates/canic-core/src/ops/auth/verify/mod.rs": "01d254c681891d854b6b4ae969c665f65f687e742fe3cda02562ff3c3902d750",
  "crates/canic-core/src/ops/auth/verify/tests.rs": "d892bd6b6f6bd3aa9fa2f501735e0bb0a7f873e19e31e0bd04def0b630f48e86",
  "crates/canic-core/src/ops/blob_storage/conversion.rs": "6a09db46ae7ad63a1f6ea4f1d4f8a26ffbf3961ddf9375f541477c38825d475c",
  "crates/canic-core/src/ops/blob_storage/funding.rs": "cf621cacbdb66dce6f7fca544c8982184d5c5bf131ea9544108989daac131af9",
  "crates/canic-core/src/ops/blob_storage/lifecycle.rs": "e493b7c0746c28dd4c7eccd2a41af04c98e9f7cb1ad921129d423ed4515f27d2",
  "crates/canic-core/src/ops/blob_storage/mod.rs": "05b4bba3af936f029b1927edec5c31231336c21adf2a57ab4c9e6ca03eef3eba",
  "crates/canic-core/src/ops/cascade.rs": "c2cc062fb31108f2e45f79c0486b1f30fad65083b8f5ddd0b7b9a322fd945f21",
  "crates/canic-core/src/ops/cashier/client.rs": "b4ec8660374d61246fda637f7b80e6eeeb14b1001c6974ee884274668bc0f24f",
  "crates/canic-core/src/ops/cashier/conversion.rs": "d773eca321e469197d70b64249a31b9047647c1b2f2a682bf4441d2552d1c99e",
  "crates/canic-core/src/ops/cashier/mod.rs": "9638ddf8d74ab269eb69e9a1e62f2427cf53665fdeb708dbd9239c7e1db26c91",
  "crates/canic-core/src/ops/component_provisioning_plan/canonical/mod.rs": "e59e8e3bea49ccfeb8cc5d92386e693ae853cdf470e252002e5afefe786e706b",
  "crates/canic-core/src/ops/component_provisioning_plan/mod.rs": "fe247830ed437c3d8cb6bcd66a65e45cec15782d6e5aa5cc479e63575b04cd8d",
  "crates/canic-core/src/ops/component_provisioning_plan/scale_out/mod.rs": "1ebe3759d238c39cd37712ae8b3b4c50278ce78e393ab6dda2dfe252ccb262df",
  "crates/canic-core/src/ops/component_provisioning_plan/tests.rs": "4cd672bf9b30eff905b08eedfbfe9caf76edd09fb2eac69e7844fc3fddab2b67",
  "crates/canic-core/src/ops/component_provisioning_receipt/mod.rs": "d206f3ab9275d06357903b2608337e77d9775fad90c435bd4076479b95f4554c",
  "crates/canic-core/src/ops/component_runtime.rs": "aa1ec0b0472599b2ac00db9db3dadb1f0f5f573bff30bef5417744a8fa94595b",
  "crates/canic-core/src/ops/config/mod.rs": "dd3ce7c389f028faa07a87e34e26f7063da4e69c87ab58238d376dfbffa74a06",
  "crates/canic-core/src/ops/cost_guard.rs": "9457383de58c7b7239eaa7f571fe30001a632b60a91e60d5a09b9a5fdbc24051",
  "crates/canic-core/src/ops/fleet_activation.rs": "9bd05c5458b196b15b26da4ee29e822c7cbeecdc23c92e32a3c004947fc78d26",
  "crates/canic-core/src/ops/fleet_admission_policy/mod.rs": "5647bbd678a87b52a67d9b4070adf0215b4710035a59ca10307e40294d9d3fcc",
  "crates/canic-core/src/ops/fleet_admission_policy/tests.rs": "30ec36182a6dcc7be9424b199491d94d8b7c27ed27cd9a46ec6565128a5aa3e8",
  "crates/canic-core/src/ops/fleet_funding_policy/mod.rs": "c122e951fccfc08bc0c577ce67fd7e5608c081133c13df077dc623329b760255",
  "crates/canic-core/src/ops/fleet_registry/mod.rs": "5213b8b5699a09f926fe45efe4023ade51cf44fd49239facf6306b7bd620e78e",
  "crates/canic-core/src/ops/fleet_registry/tests.rs": "857b8bb2adfc1ac8ab323b0cb5e4713b606ca7b68bc2c85fff9bc4b6de405294",
  "crates/canic-core/src/ops/fleet_registry/validation/mod.rs": "1a97b81cc71d1a9a63e20a260d369861a3ab7ab41520569b9fdb4d3190b3b249",
  "crates/canic-core/src/ops/fleet_service_binding/mod.rs": "dba9cb3178ea5dc8148e1442b641f1345c65b0e27211e340e911f00fc7d644fe",
  "crates/canic-core/src/ops/fleet_service_binding/tests.rs": "29abc4a69408c136fe50138a1404270ae3eb1690f8f806026528161e63af3bf2",
  "crates/canic-core/src/ops/ic/build_network/mod.rs": "57959696e51c096cdfd4a324ebb856d42b62d1985a9e00e76c2edb5f3a2d7b34",
  "crates/canic-core/src/ops/ic/call.rs": "d97cb89f1d7abc4dabfd4b44a4126b4d7601a620a77b78ee7b6c66bcb9cd4fca",
  "crates/canic-core/src/ops/ic/cycles_ledger.rs": "4fe20d398ba29cb7bda4c836d8755f8549e051b3362cbbe7ffff4ec04cc82a23",
  "crates/canic-core/src/ops/ic/icp_refill.rs": "4a1d292f005c5cad586c4ae19720d12c495a19da91be30b340f57abf88a02fa0",
  "crates/canic-core/src/ops/ic/mgmt/cycles.rs": "a20f20ef63d1b70192809ed012b5e7b9752105cbfe0a8e35c76a46b24f343658",
  "crates/canic-core/src/ops/ic/mgmt/lifecycle.rs": "7179127a76680a06bde8b231b871ebea54aacff053031a80e0e5783a5360e09c",
  "crates/canic-core/src/ops/ic/mgmt/mod.rs": "029a2392bc27f9ed3f2b042d8596d231a706420ba77427998de7a3b717e325ea",
  "crates/canic-core/src/ops/ic/mgmt/signing.rs": "a786f53600135408758bc8382a93287ce7b6a459969ba8bf546c62d842155b47",
  "crates/canic-core/src/ops/ic/mgmt/status_settings.rs": "afa9fe5bb83641fda1534d9f8d177fbbed7f08d3b5efd22c36ede9e573e693d2",
  "crates/canic-core/src/ops/ic/mgmt/types.rs": "98fad247b2b693944439b4f9dbf809502f86e80657fdaf8ee9951f915f328c0b",
  "crates/canic-core/src/ops/ic/mod.rs": "1427830db66073998d1a65e52ad41004990a3646b8074d3a2cde279644dd77d7",
  "crates/canic-core/src/ops/ic/nns/mod.rs": "e8eb1cf372d7e31ab102a5284108e822aacfb49fb7843db527f01bd74e4f6274",
  "crates/canic-core/src/ops/ic/nns/registry.rs": "34895f3cd4b445a58dd796d7cb3e232488478e83268916846fa111d0fbbae922",
  "crates/canic-core/src/ops/ic/release_build/mod.rs": "9ed31a00dd2db2353d1657312f8edf388da767b913cc1f48dbb1c483fe05d36a",
  "crates/canic-core/src/ops/mod.rs": "08cd0181e41291340d9245c0bbc5b80c8c4f754c60ed5533873277cf5f192fd3",
  "crates/canic-core/src/ops/placement/mod.rs": "d51a8112febf0b579b81578b24095b7d0dcfdf1f7c6870f1e928bd30323691a0",
  "crates/canic-core/src/ops/placement/scaling/mapper.rs": "3dba9deb0bc9a8f5e63d91db7ad550f0f7a9515c2546b378214a02f84572bfae",
  "crates/canic-core/src/ops/placement/scaling/mod.rs": "2cc1748e6dec770a370126d95a3867748559fd00ae3e800759c00abb3c33e937",
  "crates/canic-core/src/ops/placement/sharding/mapper.rs": "ef5476a484d2855cfb3fb93f0076d2863f36ac7a73bf6ca374dcdea15c548ae3",
  "crates/canic-core/src/ops/placement/sharding/mod.rs": "1b6b3e656158c1775d8f421444c778c24985aa90667f3a0dbcf7746871e46aa8",
  "crates/canic-core/src/ops/replay/guard.rs": "4d46c970091c21aedf0d222d66cee4ff5b03bd34ba1cd866f5e17efe26ca8039",
  "crates/canic-core/src/ops/replay/mod.rs": "0f582e14032362d84637500522a30aebe1219090928abb044c096908ce8f835e",
  "crates/canic-core/src/ops/replay/receipt.rs": "79047b97c44cc21dae15b9e728049b29970d17e93bd6f72abc64fc0c110a7d0a",
  "crates/canic-core/src/ops/replay/ttl.rs": "03b98753b47b451da8639b0d3d425c689df76279b52487a4e18f4126d262c751",
  "crates/canic-core/src/ops/root_draining_reservation/mod.rs": "c31f0e69edc97f843c88cc48887dcde0125e448fb1075ef760fade9a7751bf91",
  "crates/canic-core/src/ops/root_draining_reservation/tests.rs": "9354e9b956f447c2dbf341139d5919d7a5c7004bc6128e595d2ffa8b8e9a2ce4",
  "crates/canic-core/src/ops/rpc/mod.rs": "59dbadd22bc1553fa4de9509eb59a9c80d68c497cd64fbb19fa4943d7a816db1",
  "crates/canic-core/src/ops/rpc/request/conversion.rs": "d8e0d6fd8e7dab8f3a743dfc3f879c562b314b1013af330ca8db16c5cb1f58fb",
  "crates/canic-core/src/ops/rpc/request/dispatch.rs": "7ab7252b481f9299a7f23bf42a926d64d27a488e068a6328981f098160949d66",
  "crates/canic-core/src/ops/rpc/request/error.rs": "46cc715ced9f67f0dfd84727c73e143b80f9415621ff3e3afdce811ca2cd4409",
  "crates/canic-core/src/ops/rpc/request/mod.rs": "3ea510dc8380978f3baf6c048ed5d0bfaa2fe14eb9d6ebe4dfd172d27f5cfb3b",
  "crates/canic-core/src/ops/runtime/bootstrap.rs": "5c5fba58f7846755d68b72a12b68b6587e6cd15386fccc912ba01d14b09a7d10",
  "crates/canic-core/src/ops/runtime/cycles_funding.rs": "2599f7c0b395721f557343807d7db586367ccb21c3513f4241d40766c006b385",
  "crates/canic-core/src/ops/runtime/env/mapper.rs": "a6d91451e032b8f9c85f59211d5719dfe8e63e9cc847dfef8ccef2fa42b89c26",
  "crates/canic-core/src/ops/runtime/env/mod.rs": "50b1faf78f5beb916bb19d956ce8c3e02b56ca963080852bc2e4d27fe9764893",
  "crates/canic-core/src/ops/runtime/fleet_activation.rs": "3de02f63092453b517c1a05459d987e094c1c21114ec6d0019895c8c2004fb91",
  "crates/canic-core/src/ops/runtime/init_payload.rs": "8cf40409c03f79ed7d548898b07758ac6e0f9e40c275b0b79b7032d4ce27b20c",
  "crates/canic-core/src/ops/runtime/install_source.rs": "4e9862a136012f9b84d4925c39309de52639a9a5e2471721e4954249fc6cd603",
  "crates/canic-core/src/ops/runtime/log.rs": "592d3e4a11a8202b5aac430be252ce072fc32fc67920a0199c820d271345ee0b",
  "crates/canic-core/src/ops/runtime/memory/mod.rs": "923f1bbaf04fcdc16afe7cb8525f1c4d9bcf0ec0f244e1d655f9394fb5c43a51",
  "crates/canic-core/src/ops/runtime/memory/tests.rs": "0fe17cbda929c999dcd79bf1f62f50cbd0261809cea7a7225770fa573f16833e",
  "crates/canic-core/src/ops/runtime/metrics/access.rs": "fca8b4eff707e31d7c961ded9445fff63b2d3f9224deb8a5acc83a460bc7e8df",
  "crates/canic-core/src/ops/runtime/metrics/auth/attestation.rs": "9b88e3728f6722056e57f415a9a45a0e0231d97b33601aca5229cd7e9fe71fe2",
  "crates/canic-core/src/ops/runtime/metrics/auth/mod.rs": "d99b6e16ab6da16711ed675fd5249c466ee98f1a29082d729462b8747ba9c804",
  "crates/canic-core/src/ops/runtime/metrics/auth/sessions.rs": "fcb1cc890e5523d61e11365da6809669cc144d82962b5088beaef6df75c8c3ad",
  "crates/canic-core/src/ops/runtime/metrics/canister_ops.rs": "61daf2640f9971dc15180d7ca1a44ac06cc33e9508b5400c05325f90ed238192",
  "crates/canic-core/src/ops/runtime/metrics/cascade.rs": "df24f8b4e21ebf1994212688c87cef6376a9515e6a35a7fac6d8c8987b67f9f5",
  "crates/canic-core/src/ops/runtime/metrics/cycles_funding.rs": "90c92afe4776b88f81692b3f8a884b60c35cd3524ea5e9643a46a9ef61b871f3",
  "crates/canic-core/src/ops/runtime/metrics/cycles_topup.rs": "c1adc6a2ad00d2049de9f1444b07d432626a4a41efd2dc6e0dc81be4b805edaf",
  "crates/canic-core/src/ops/runtime/metrics/delegated_auth.rs": "151b55b8a7c62ec3817f1f17f64c6f9072108b7f7d5f3f69142e16d5f5414e6f",
  "crates/canic-core/src/ops/runtime/metrics/icp_refill.rs": "b9ba0c14379309cc0bef78232bb6a5c4cb9ad98f219281c948eb00c34fe644e5",
  "crates/canic-core/src/ops/runtime/metrics/intent.rs": "55d4910626e560f0ac6e8991db8da6cbb0ac92ac604da0063eb03d65189b5ffd",
  "crates/canic-core/src/ops/runtime/metrics/inter_canister_call.rs": "f1af9a310c62ccda0ac4373d1e193cd49c3b3f3f308bf31bfe4afdc19393a556",
  "crates/canic-core/src/ops/runtime/metrics/lifecycle.rs": "d3c5a7718eea93ea9f271fc99c803a57d6eb41f0b0c4b9b00c0e536024efd1ed",
  "crates/canic-core/src/ops/runtime/metrics/management_call.rs": "379b151b10cf21425e259741d60f2ceb20e662f3be71ded20d37cc74ff0a015f",
  "crates/canic-core/src/ops/runtime/metrics/mod.rs": "ab5c193eddad82a4c4ae07e7e47ba274c4533e8a26d64a4e895bd35aa46f3c7e",
  "crates/canic-core/src/ops/runtime/metrics/placement_index.rs": "3bc93965b9b52b4862b398e2fab1802c00a4f21bb6aab0c0cb4d83d7eae47085",
  "crates/canic-core/src/ops/runtime/metrics/platform_call.rs": "bac8005eccfebf7c1c0d408d4f16dcf27c5a95b90e974eba52b6b17e13a2eaa6",
  "crates/canic-core/src/ops/runtime/metrics/recording.rs": "b6fe5d634c3a4efa782f523ac9b2c528276fe67522ee61e000abdccddad7d96c",
  "crates/canic-core/src/ops/runtime/metrics/replay.rs": "deea65fcf6d6113f6cd636154a61f91468e393072658d35657a96faefc40efb7",
  "crates/canic-core/src/ops/runtime/metrics/root_capability.rs": "37515e9512da810702576c36fc9c36c4b37802359d2b3d870eec5e4337107d18",
  "crates/canic-core/src/ops/runtime/metrics/scaling.rs": "9088dbe18abe5ae549fad2640927adccc7241aa6511300f51b5ded520327575e",
  "crates/canic-core/src/ops/runtime/metrics/sharding.rs": "fe2879e9a275c65777d715797b8291a44d0680d465b6884b0b30611cd3dfe4f4",
  "crates/canic-core/src/ops/runtime/metrics/system.rs": "6574aa51572ef3c7b96a9674db2e06725b97a40466f6a337943986b942c51232",
  "crates/canic-core/src/ops/runtime/metrics/tests.rs": "9a05b87261dd148d3f5cbc6f3a795a5f367bb612d5072a9b9bfae271d5a570c2",
  "crates/canic-core/src/ops/runtime/metrics/wasm_store.rs": "43dc414549a87b8eb98eabb3e1fd95ce0e26d04e883dcf69ab5fcaa0ddfa8442",
  "crates/canic-core/src/ops/runtime/mod.rs": "540be692d0ac89bd344a01c9842e375059c452fe919248a11213357b0dedcc15",
  "crates/canic-core/src/ops/runtime/public_metrics/mod.rs": "6e82f56bef2bc001831370dc6ce182febb0fbcca86b8822afa261fa49cca68fb",
  "crates/canic-core/src/ops/runtime/public_metrics/process/mod.rs": "a6db204567216140f21d7f6ec5dd41bed2ad605d5cbbd470908b554b54ce4186",
  "crates/canic-core/src/ops/runtime/ready.rs": "e8f31236a1bfe7f356210b5c738e93cff8940ba407fb0af81724e5b9906c7ebf",
  "crates/canic-core/src/ops/runtime/recent_failure.rs": "ae87bf0ebd761be74da1e67fe99f4797716c991097f9776d3a4f76bcd326ba92",
  "crates/canic-core/src/ops/runtime/root_funding.rs": "a8ba9ade583015679aad3fd1df94b2524c47f6b96b8a546ef99c50b94792626b",
  "crates/canic-core/src/ops/storage/async_job_recovery/mod.rs": "cf8d28bd5e198fb6723e41546ac041a4056d410cd200d6decf2170874b442b7a",
  "crates/canic-core/src/ops/storage/async_job_recovery/tests.rs": "ccf6150029e10c3da43b04e498775084b69819d0c0a0f50bf5fb927d39336d77",
  "crates/canic-core/src/ops/storage/auth/application_sessions.rs": "819db495fec5f940dceb69a713521a672cdac1b6af89b122c8165553020824a8",
  "crates/canic-core/src/ops/storage/auth/mapper.rs": "f1218d7a0dd598c54efa7261fbc054c296bd75eb1389e5017af0d3ae9f18ede3",
  "crates/canic-core/src/ops/storage/auth/mod.rs": "92298d264a22515acb56596b8f9bb2e659e5fff3035fc3a161e4985fabda4741",
  "crates/canic-core/src/ops/storage/authority_restore/mod.rs": "e427b26a9811ca603d15dad04c4891cc4c155b73536c32a8099da2766d762178",
  "crates/canic-core/src/ops/storage/authority_restore/tests.rs": "60c21161fed2a41abe7d5687c0af9c0575434e5d145dd3aabec31e4631a2c561",
  "crates/canic-core/src/ops/storage/canister/mod.rs": "3c73f980691fcc317f455d2110a11ebb3ff6498c3842372b67ab44410c9ad721",
  "crates/canic-core/src/ops/storage/children/mod.rs": "a61cbc922673b531d537504d39bb6a3e352d757c72a97f1417c00fb6838bb85e",
  "crates/canic-core/src/ops/storage/cycles.rs": "06d465f55a153bbfbd6b93aea90181114ce68a2391d6ecf6ea1c297ed6030deb",
  "crates/canic-core/src/ops/storage/fleet_activation/mapper.rs": "0e0eb88cb3283b26c5ec18650a06e4a7b2ad30e8bd367206d03393b3210410c8",
  "crates/canic-core/src/ops/storage/fleet_activation/mod.rs": "ade3888969425db3f677484349c691f01948625e08a970d73c2647f7d7d32025",
  "crates/canic-core/src/ops/storage/fleet_admission_projection/mod.rs": "61836ac786b8812e89ba6e7ddac58ac1b2eaa20129c41cc3bada79dc82290bb6",
  "crates/canic-core/src/ops/storage/icp_refill.rs": "f3f5a8b2544893610d4830789f35a8f175ec623480373fdb2fad5a6cc01d0a2e",
  "crates/canic-core/src/ops/storage/intent/mod.rs": "8f185da19970d96bf29446c0dd198591b70f390a25bc788f3f3e9d37895c92f8",
  "crates/canic-core/src/ops/storage/intent/tests.rs": "0d06b7f90ef510126dc1383b92248af59e3fcdcb2032b31c5dc6c430133039ee",
  "crates/canic-core/src/ops/storage/mod.rs": "5a05b42b4523480d1046faca4d7c32c31e1777ff558e9e865746b4edbfb98234",
  "crates/canic-core/src/ops/storage/placement/index/mod.rs": "9badd05c4377a3345760daef6b789b38ce7d8bd0cc7734e9ff374a9c132bb7a1",
  "crates/canic-core/src/ops/storage/placement/index/tests.rs": "30716fa0786b2c4dc6203b39c9d82c0f20d5106d90fe43abda3d5631d10deed6",
  "crates/canic-core/src/ops/storage/placement/mod.rs": "3cda2941b09a9627500c4d99cdad5c5c34070208f0d7c05bd2c53607e7d64a41",
  "crates/canic-core/src/ops/storage/placement/scaling.rs": "9a497ab22701f0b2111e842e5db487990413d763d1dc06107ccf28ebfa454028",
  "crates/canic-core/src/ops/storage/placement/sharding.rs": "8ad1d854f2722a00910fafa82df26d718d8fef62f89ead978c1c7ea99a2b4cea",
  "crates/canic-core/src/ops/storage/placement/sharding_lifecycle.rs": "9d6756bbbe0f0d3b4efff756317dc37917da0749a1734c7213cb09326400c059",
  "crates/canic-core/src/ops/storage/replay.rs": "b33506f430462bbccd8d2e6da72d992887b5e9ad8f5bfe913537c60e6abc054d",
  "crates/canic-core/src/ops/storage/state/fleet.rs": "11135be35a0074087f33d16442a3199d07fc3309ab17fb151bb64e34e66aa286",
  "crates/canic-core/src/ops/storage/state/mapper.rs": "6be02e215e330ce5a4d815381c9e626fb2174b31a5da13514bb42c70174caa25",
  "crates/canic-core/src/ops/storage/state/mod.rs": "ef92e6815ce13b194835529c9430744e54cecfa6e4cbfacc95c1d17fb910ff62",
  "crates/canic-core/src/perf.rs": "7cdfa986642301ae59146fbd334ed62b5def3811c632c14ea2356bc68591ec19",
  "crates/canic-core/src/protocol.rs": "90e5d0392ab17b11e8cf6a4c5ff586885c888251f7d90d181aadd571963c92f6",
  "crates/canic-core/src/replay_policy/endpoint_manifest.rs": "b155fab7fcbf07faebf5e007fe7984e093e27aa698a2393f5997c243538cba93",
  "crates/canic-core/src/replay_policy/mod.rs": "27b90996e37e3c91a5ebf8bf1f94650594eb5dbc8eb10bde3c5aed9ee1e1fdac",
  "crates/canic-core/src/replay_policy/quota.rs": "82ee8df27394e56e898c7e1c2644a36d9deba5ef8736008c0ec4fa4921ea28ed",
  "crates/canic-core/src/replay_policy/role_command_manifest.rs": "c1a4e776bb900c9f87191bff2e980e812e0f9e7a81da05315831e5cdd5de31de",
  "crates/canic-core/src/replay_policy/root_capability_manifest.rs": "76f4481fb2f10e8c4e274ae19cfb93777b6345e72cf4bec8439ab8d7b4868788",
  "crates/canic-core/src/replay_policy/tests/cost.rs": "14cc4cc659dafe4c5a11646938009f781e6b385c0fe76d2f6eb3003d1901e3a1",
  "crates/canic-core/src/replay_policy/tests/coverage.rs": "ab8f631e9d80d15c94b289c0e9dc8147ef9f012eb0648b45309a232ed03e58be",
  "crates/canic-core/src/replay_policy/tests/endpoint.rs": "5ba38546bc2132e9872c3ae8b577c10957995b6a55d595f3fb6c3553117fffd9",
  "crates/canic-core/src/replay_policy/tests/mod.rs": "a2b8db7e9bd44219ed84db7cabf56a18fd0da422874f867e95d799016536a6c7",
  "crates/canic-core/src/replay_policy/tests/role_command.rs": "28e3861ecdad75dac116bbe3c166a2c5ef24dad8b7e8c71d832fef02cc528fbb",
  "crates/canic-core/src/replay_policy/tests/root_capability.rs": "94d8c01218203d1dc8edafca00e5d78440c4754903cac66cc4f804b2c4c6f1d4",
  "crates/canic-core/src/replay_policy/types.rs": "f8c9313ad25a608cfc5419afed806c38fe07c82d35e5c25dbe013c20f12744ad",
  "crates/canic-core/src/role_contract/allocation.rs": "9c56fcf94d1ac3c7f9ba320531b2570edff3077544e9c0d54cd153aaf011f2ba",
  "crates/canic-core/src/role_contract/build_context/mod.rs": "94a1a533e37a547a3367874671eb6c6ae68001f1a671ffaa9a72dfef3b4ae6f1",
  "crates/canic-core/src/role_contract/catalog.rs": "f8270593cb467b8153b0c4b45b7e72bc73f944db0de7e70405b277c46423ec0c",
  "crates/canic-core/src/role_contract/mod.rs": "77756c223ca91e48f209bdc7df6714e4872352c84627dd7566a27b7c63b60f7b",
  "crates/canic-core/src/role_contract/model.rs": "4c8afb0c270cfc506de5a48ebbe766803481390d859a5f72bb4333189f3006cb",
  "crates/canic-core/src/role_contract/policy.rs": "ae5fd5104db572d9c9aea482c25f09cfac8199c8d26595dadfeeb8868a65397e",
  "crates/canic-core/src/role_contract/profile.rs": "2a314d6ddcb169049bc4780e45acd261b420adeafa46df94d13e59ffb8596ffd",
  "crates/canic-core/src/role_contract/tests.rs": "c89c83c146345c1cebac545f44b25e3cd90f15605de9334a31992e6f518f263b",
  "crates/canic-core/src/shared_support.rs": "87bb50bd0c014d511afa85c0e71c9baaef1a109daf7d5d6cf15cf6e0a73ab139",
  "crates/canic-core/src/state_contract.rs": "562dfbb5af88818b5ae62200a5f368d572161fc3ae1342123ce92ce009291e2e",
  "crates/canic-core/src/storage/canister.rs": "77438daec7bd2e958d759d82c547794544a4e5806d3e4f6bf83b4792095adfe1",
  "crates/canic-core/src/storage/mod.rs": "ffa3938435a61a252aa2f36e8a15d71b196d3765541478db082904506750118c",
  "crates/canic-core/src/storage/stable/async_job_recovery/mod.rs": "bd75f2d9ce677058131cf66e4a8f0b5aa806441231e5ae0a08bcd831f628eb8e",
  "crates/canic-core/src/storage/stable/auth/mod.rs": "4b76cc6a6322ced1400c99b8c4d7c7afa1e804de76f202c943f3125eba9ae200",
  "crates/canic-core/src/storage/stable/auth/records.rs": "d878e486ad6d5a42970c0cc32c02ac10837194f17c5590504fd11b3f9a2cceba",
  "crates/canic-core/src/storage/stable/authority_restore/mod.rs": "a6e6332216316a31d8e2319aeb574accdf257489856df25f57f97a5f898e3295",
  "crates/canic-core/src/storage/stable/blob_storage.rs": "fcd12b79eeb89e194a9235b710935e5de6b0bf950536307f3e7ca737763917b5",
  "crates/canic-core/src/storage/stable/children.rs": "b22e14c76c9c1030456b971db53432768ce9d45a1bc1b89ad159b2cbc6aaffed",
  "crates/canic-core/src/storage/stable/cycles.rs": "0ff9b1a911b0a2f72ab5bd38135fd3e44d42874770138467277df62f5bafc7f7",
  "crates/canic-core/src/storage/stable/env.rs": "c1da15f56bf07c314bbd3128e6f5e836511bd41009c87eff170234d85d3b749b",
  "crates/canic-core/src/storage/stable/fleet_activation/mod.rs": "d7445affc93420fc7f3d5ca530c76e5f204f9aa95f09d1de004d9f37bf0a8fe5",
  "crates/canic-core/src/storage/stable/fleet_admission_projection/mod.rs": "c59f4627183cdc71da900b4e31182d7be8ba2b783362b7ac7d44eda42e3930d0",
  "crates/canic-core/src/storage/stable/icp_refill.rs": "44aa18c9bfcee03ffd4a826776b6ccc214264205265e732170d7b00875492230",
  "crates/canic-core/src/storage/stable/intent.rs": "4efac9cb503c4299dca1487701cd2b3c6205a26cce3a5d9335e2bddb3196adad",
  "crates/canic-core/src/storage/stable/log.rs": "b762c633e14c0b75fc4696f5fa51cf0223ce1edcdcd77d3205af2e9d07eb377d",
  "crates/canic-core/src/storage/stable/mod.rs": "4beb9bc0814089586512c378b5913b63ed98fe43b5e664ba38e107285e6098f4",
  "crates/canic-core/src/storage/stable/placement_index.rs": "3f16c61979dd231e1d9c0509d1bcb958915ee1295a1a9a15ba0e4d5505d9157d",
  "crates/canic-core/src/storage/stable/receipt_capacity_tests.rs": "0b6a128bb13c128d042720464f2ccdc7a2169497ffeac2fa1f11c7e04fe8c493",
  "crates/canic-core/src/storage/stable/replay.rs": "01f47c59492fa90a1e265d468982d9e9163470750aef0910ca9fce11617f2044",
  "crates/canic-core/src/storage/stable/scaling.rs": "7b9fd5a0f7c1277ca898df475b31d360565b43ff1b4828d29b998b933478b401",
  "crates/canic-core/src/storage/stable/sharding/lifecycle.rs": "45174f26ca86931d640d2947656775170957cb613dcbece05e2af221eebe41d7",
  "crates/canic-core/src/storage/stable/sharding/mod.rs": "f1730d9136d727fd0d20501251a60f463d83c4175777003175bd5ddb905b6f55",
  "crates/canic-core/src/storage/stable/sharding/registry.rs": "2be09bb76b72e7000fe2543f7cd1177bd269c6baff50f0041e75cec026f2d726",
  "crates/canic-core/src/storage/stable/state/fleet.rs": "46e73b8f56f3d291d18876efc00b39fe534acb1e4ecad2beb082491ac3a29a26",
  "crates/canic-core/src/storage/stable/state/mod.rs": "4c0261dc613b10537294f5ef0596fd173d5d2eca422ad374543b386c85e5cfa8",
  "crates/canic-core/src/test/config.rs": "b9ef36cbffaf1607832f3fef612ff9d14527827c151c608cf94cb87b4da03884",
  "crates/canic-core/src/test/intent/mod.rs": "8d013a83f2ffd68650e9984db006ef944287a3fcdaf7b3b0dba31733a1902ef7",
  "crates/canic-core/src/test/mod.rs": "ed7f2c465b92a21641ab784c5fc96a1c5566886678066afbf0e5944903fa07fb",
  "crates/canic-core/src/test/seams/mod.rs": "e113e8d5235d151dda9284007c896fa6aef9d37a9eeb16b85cfddd4edde262cb",
  "crates/canic-core/src/test/seams/retention_seam.rs": "86e1ca07ae40f7f96a34060b7eec8850652be87c218dbf493f0fe2f9af209daf",
  "crates/canic-core/src/test/support.rs": "3ef999dd98a05f4dbb5e172db0ae82c9d6fb4558601b135491f82a2e8ee96d5c",
  "crates/canic-core/src/view/blob_storage.rs": "a2c3abda43fde738b3fbc957c2dec05329ee49cb4824b567c21bd2f22f4b19d4",
  "crates/canic-core/src/view/fleet_activation.rs": "203e03ea88bf8e1f2928c43f328e2e4237737e760583d81cc5288483ab1c662a",
  "crates/canic-core/src/view/icp_refill/mod.rs": "a772ce500df1223a9fdc84d666da9efe41b0c29a8684cbfe39b312f0192e252b",
  "crates/canic-core/src/view/intent/mod.rs": "e9140b8ff43e231842394d5897db1c9ca2ee49820ef530834be532379c59d71d",
  "crates/canic-core/src/view/mod.rs": "9d5d767dcaa3177c62bf5c971f6751fddf1e30fd95ffa34b2c528047d77b91fb",
  "crates/canic-core/src/view/provisioning_failure/mod.rs": "155ed5236dc60fe957a414939b1ae9c3f1eaa1435b9bc3205540c394c29b5680",
  "crates/canic-core/src/workflow/auth/application_sessions.rs": "f944f94f43f5efa3fc706adecbd6bed49e7773e13ff7c66554add7b1716cea97",
  "crates/canic-core/src/workflow/auth/mod.rs": "5cf1cf4a5c0f70142da280667c82ee3eb0ccd3177240da430e80e1b47653c4d6",
  "crates/canic-core/src/workflow/blob_storage/billing/mod.rs": "f17ec0e206cd6a13dfc95be4c2a0eb4a3de190556d60897368ca55b4cd04b347",
  "crates/canic-core/src/workflow/blob_storage/mod.rs": "0ea115a2ba69dd14e021121d4a63e3c3b65d6b5286024e1ab69d559b33a3a2bb",
  "crates/canic-core/src/workflow/bootstrap/mod.rs": "2991f149512d44e2ad87ee5004f902e174d4d68209967d7e25f1291c67fe49aa",
  "crates/canic-core/src/workflow/bootstrap/nonroot.rs": "7baea12abdec210b1f7abbbe68c4450a24a7636a1a7841df376d86de28fa86ab",
  "crates/canic-core/src/workflow/cascade/mod.rs": "c00f5e86b4861cb190e88eaf60b4f3bf4fb6aee7db25c85dd28443df3c5d1e99",
  "crates/canic-core/src/workflow/cascade/snapshot/adapter.rs": "e93ac76a1fb53d36acb360d41445c02f952033ff151366f36deef351d06aaa31",
  "crates/canic-core/src/workflow/cascade/snapshot/mod.rs": "5b605c0a8cf6c65cd781404344dc8f91c9d9039a326736e0adbc6abf02a0adda",
  "crates/canic-core/src/workflow/cascade/state.rs": "6f89d06a73f77d9c35fc4380e3311e707b8644688cc7e59c690f7288f49001c7",
  "crates/canic-core/src/workflow/cascade/topology.rs": "200e3982930312df5410c6742e422b398340e0bb715e13717afa3b6772adcae0",
  "crates/canic-core/src/workflow/component_runtime.rs": "31cd872c92a05b0bdebb49605ea089a5db1ed8be294683a8bf0aabd8f533df6f",
  "crates/canic-core/src/workflow/config.rs": "42af0942978a3355dbebaae60a883085c1ca2d1024591b16bcdd74bc5677eea1",
  "crates/canic-core/src/workflow/cost_guard/mod.rs": "b4399594ba00a2719b80addd1f37ec1170ae0cfc1ce48861be4fbb8be72f0d8d",
  "crates/canic-core/src/workflow/env/mod.rs": "7b4414a30b4859c274a001bfa2c3abdc84b9876a2645d7b55dde5ed14773c34c",
  "crates/canic-core/src/workflow/env/query.rs": "ad50077e7166776d93a0954ed7ea084d993708d076d6996bc55eecc6fa8790c7",
  "crates/canic-core/src/workflow/env/tests.rs": "faa641b6faca4d1adfa30e62368bb8dd60d3015a34799599006e3ab039c5a4f6",
  "crates/canic-core/src/workflow/fleet_admission_projection/mod.rs": "597b3937360daf1c86cce17f84c06dcf9a85652972646be916697fead470dfb5",
  "crates/canic-core/src/workflow/ic/call/mod.rs": "88dd2d106c924faa23237e0836599f36e1dd0de986b946ab844f573864a278b1",
  "crates/canic-core/src/workflow/ic/icp_refill/automatic.rs": "60cd41e59b6e2915d1824b4327493305cc84d2d0803f3732b496fbe66cc9dc20",
  "crates/canic-core/src/workflow/ic/icp_refill/cost_guard.rs": "22bd5fa840da2b1138c7303a78bef84d43b78d2a6221c82c1e4b1911aae659b6",
  "crates/canic-core/src/workflow/ic/icp_refill/execution.rs": "536aea1a1dc390e009c18a6706b098c78343b3e08316bdec579459d34e6e71fe",
  "crates/canic-core/src/workflow/ic/icp_refill/manual.rs": "dbd506deb42e8121ee521228c01b2c96302bfe14e48cc67d998e1df1c639a66e",
  "crates/canic-core/src/workflow/ic/icp_refill/mod.rs": "eb3f5f9bc368682a1e90f42ebf083aad0b6246eb5a6164f5a7dfdb8c086438c6",
  "crates/canic-core/src/workflow/ic/icp_refill/replay.rs": "017d7603de43c85f7a08403eef11b95e493d9dc8969c553ebdbd4129d41c2173",
  "crates/canic-core/src/workflow/ic/icp_refill/tests.rs": "037fc8dfa093183a5237aa366d09ea4fd7b622a8e01adfaff77756fd137d3dfd",
  "crates/canic-core/src/workflow/ic/mgmt.rs": "aaa71fbaaa32a6fd1f75dd1911ad9e98791920e6451557f4ae6d8fdda19d898d",
  "crates/canic-core/src/workflow/ic/mod.rs": "a5dba1403e02b739ebbaab55e1640b447ea2f11739d922add0d0704ec59bc99d",
  "crates/canic-core/src/workflow/icrc/mod.rs": "5450b46964da7766af50f95490a59c6f0990204fdef7c5d798d47d69514b9aae",
  "crates/canic-core/src/workflow/icrc/query.rs": "63012ce678dbd630769be94b7f4a9b651a6207755fe566a4ec064cd7c9a09c1f",
  "crates/canic-core/src/workflow/log/mod.rs": "66cf23296dc85914e08f7eebd50e07c2e958cc1d33e035af9b1991fa135cbef1",
  "crates/canic-core/src/workflow/log/query.rs": "52c1fe3f11ef7659841f407c81c2b9c81b129fab5fbc3b3871b02caf2477712e",
  "crates/canic-core/src/workflow/memory/mod.rs": "76c2be2e258cc643f613f37c254e3c5e1bda9e0e847c37c895fe36988bee16f4",
  "crates/canic-core/src/workflow/memory/query.rs": "6d76e1cd0c2017d328de3a3feed55eb213da393e8a05a4d4392e44c42983d91f",
  "crates/canic-core/src/workflow/metrics/mod.rs": "87ce47adeeac03faf3670c4eb5b3d3855fc92d6c93148d27fc6d6e8a4b166230",
  "crates/canic-core/src/workflow/metrics/publication/mod.rs": "7da326113c160ab6473240a38ddd4c4d8929cff1d02ecdb068fcc7c05d18f8a8",
  "crates/canic-core/src/workflow/metrics/publication/timer/mod.rs": "702fdadbf52fd800ac58d9d05700938fa6f1902be25de063365d3b1b044cfc36",
  "crates/canic-core/src/workflow/metrics/query.rs": "01035c19088dfb6a29db014942d9535e7f3f5e287468b7841a562f6e40b02524",
  "crates/canic-core/src/workflow/mod.rs": "cd90a542bc5c3a96b3928f095d48bf04dfe04840aa100490fa43e5df97624357",
  "crates/canic-core/src/workflow/placement/acknowledgement.rs": "b2173236f64b9990d88d69f7bfeb34cdc4c601d5f09039ee83f8ab5ba3590953",
  "crates/canic-core/src/workflow/placement/allocation.rs": "e82544494e5942d05fa4680a499f5e4afd8caae1645e8fedfed35e56983c7557",
  "crates/canic-core/src/workflow/placement/index/classification.rs": "aafb82be389a2152a2351b44ed4479192a8a8490d5130518d28ef18a93dd86f9",
  "crates/canic-core/src/workflow/placement/index/cleanup.rs": "6596de1ae03608b0e1e0f547202639b68e90a11bf07064288b28234d49ebeb3b",
  "crates/canic-core/src/workflow/placement/index/config.rs": "61eb86885a4b8e09d06ce344380cd1c037048280b4aacb70d4f49e0f790b8293",
  "crates/canic-core/src/workflow/placement/index/create.rs": "4a87ed0455b09b8c4d486b8cc2dcc484f88f04fb115dcfbd30936009a1fa6f7d",
  "crates/canic-core/src/workflow/placement/index/mod.rs": "ce2dee4af9316e1f1c03890518d5b4a9647b5dff2770fd7faead728111b1f8e5",
  "crates/canic-core/src/workflow/placement/index/query.rs": "4051950b40a2fabae72f8c02b299cac653287ddfffeef9c9c50beba8dc2b8e49",
  "crates/canic-core/src/workflow/placement/index/state.rs": "82b3110dc40b9842b277da06f7806da9f3b57fffcd8395b7be17f27a844e1809",
  "crates/canic-core/src/workflow/placement/index/tests.rs": "437ef1544b30343a802bc1dd7a2379cf6fdf5993f8df03a5a02cdf7bf33c839d",
  "crates/canic-core/src/workflow/placement/mod.rs": "72199b5a61ee359f65422899971bea2a9ad3979ca6d0e9ff8ce837754611a600",
  "crates/canic-core/src/workflow/placement/scaling/mod.rs": "d4769888b73c121bf82f17f9ec3cee05924e43b20c4b86fa5ceef1199791e647",
  "crates/canic-core/src/workflow/placement/scaling/query.rs": "afd2e2881c867b6dc5e73802f7943d826e7cfb1bb71434df6fecf6ba8d5d7079",
  "crates/canic-core/src/workflow/placement/sharding/allocation.rs": "b7c40856262d805b50c17d6579c49397ef5751cbbb60f06f09ce4fd5487aa26c",
  "crates/canic-core/src/workflow/placement/sharding/assignment.rs": "091647ebcf9da8e38cdeaf8f2e0afa05136be748ce2e1fcf501089fb9dc58eeb",
  "crates/canic-core/src/workflow/placement/sharding/bootstrap.rs": "47e2956c1e03accbffb41f32a1d6a0c8bde7f69f68559c86dc80600aeefbd32e",
  "crates/canic-core/src/workflow/placement/sharding/mod.rs": "b9ed30fdf63f34ed14f6c91533f995e7f8f431ef5bcaf9a1b357b3723a5058e6",
  "crates/canic-core/src/workflow/placement/sharding/query.rs": "f147d9653fa821835fa0c29f3b59f9dcec62317ae6b752643a62ee8fc3d4ece0",
  "crates/canic-core/src/workflow/placement/sharding/registry.rs": "18ccb2cfcf847ec8831279dc2596dc1b489860446705b269ba9c7ed205d2adbf",
  "crates/canic-core/src/workflow/placement/sharding/release.rs": "9681911c12e05dff4f494a355e2aae227193b4dcf50cab261499e75e033c8a18",
  "crates/canic-core/src/workflow/replay/mod.rs": "e4e20e40298bae2df5b6cabf4b3d50c87a9ba560d5433820375fda13671eab5c",
  "crates/canic-core/src/workflow/rpc/authority.rs": "9fe353e78c31242211c39ec5536dfbb7ad113a9df784c56036d92dda937fd91f",
  "crates/canic-core/src/workflow/rpc/capability/envelope.rs": "b66e1ec600fb3a286beb3a433d7a5d987842e97564959f74f4d0ef53155fb0d0",
  "crates/canic-core/src/workflow/rpc/capability/mod.rs": "39778e9ee2d479dddb7dd1d325354979c9dc32f9f0336d7086ef59c0583e2ee8",
  "crates/canic-core/src/workflow/rpc/capability/nonroot.rs": "35c3b93e5a3f3d2da56ac1fab2c581933349dec6d60539bb16421be502f9b756",
  "crates/canic-core/src/workflow/rpc/capability/proof.rs": "6047ecc51f9eedfb9a217a9bef3f533f47d489953e4d482bd3fc6056281db762",
  "crates/canic-core/src/workflow/rpc/capability/replay.rs": "09f21c991ab8b39106602bf7116d3e082a30bbe3dd4067566f28f1b0a1b24707",
  "crates/canic-core/src/workflow/rpc/capability/root.rs": "74b30a43119c17d3d0e3d6a92e2491a96a2f9e521940e8ef46600e584273a62e",
  "crates/canic-core/src/workflow/rpc/capability/tests.rs": "71b6a9f069c493a45cabde66f6cfebf709d7985a26d4b44513efcf0049c0ab79",
  "crates/canic-core/src/workflow/rpc/lifecycle.rs": "50c82bd281cd0e0735746a6ac235dec89ffd684034f7b108578bafe0790f2517",
  "crates/canic-core/src/workflow/rpc/mod.rs": "b81d1a1c8ae6f6f77f5a0c8090f47010ee67740f37375979cbdd48fc2ca3db4b",
  "crates/canic-core/src/workflow/rpc/request/handler/authorize.rs": "3b860aabf502c91a838d2143a640e4f73ca32b23a2fd81941d431f6608b5623f",
  "crates/canic-core/src/workflow/rpc/request/handler/capability.rs": "7a948a6153660096721c259c33973e2765330a5a9c824570f913cae86af1a327",
  "crates/canic-core/src/workflow/rpc/request/handler/execute.rs": "c11617220c17b828bbf3b55f7da4947ad6404098c6c288843677135d4502765a",
  "crates/canic-core/src/workflow/rpc/request/handler/mod.rs": "6cfa396a0861e8ddb72439103494055b5f7bb0acc0945b00790674fe421a77f0",
  "crates/canic-core/src/workflow/rpc/request/handler/nonroot_cycles.rs": "c9c5d5cc92030189fb151f46ab5a5f9854d251ee687741de129629c7fb1cd07a",
  "crates/canic-core/src/workflow/rpc/request/handler/replay.rs": "27798b1701e0e503f27f90ff146eb8b3918b098b74b5df194dc6cd06efa06ebc",
  "crates/canic-core/src/workflow/rpc/request/handler/tests.rs": "e5a8e74a55882dadfbaa8045b341bcd57791121475ce487b5968ed1be56aec76",
  "crates/canic-core/src/workflow/rpc/request/mod.rs": "c132b6b74d346e3fcc3d78330d9428fa41757f5f5d7816a1eaadb13488c709a6",
  "crates/canic-core/src/workflow/runtime/async_job/mod.rs": "f21cf85f4eebddd391ad32c5f6242a3cce2a161dcd0108d90c91133266dacf4d",
  "crates/canic-core/src/workflow/runtime/auth/mod.rs": "797e09cb6a4f39781be722091f5b687c28dbafea2c8e41db336248335bb8f04b",
  "crates/canic-core/src/workflow/runtime/auth/prepare/admission.rs": "3d66776b287d58db6fea90ff007b6ccf2bd771102de73ab28ce11947e27f0f48",
  "crates/canic-core/src/workflow/runtime/auth/prepare/mod.rs": "42573eb180bbca12180c3ac8f822e26feb0e65b7536569545828d8cdf85f194e",
  "crates/canic-core/src/workflow/runtime/auth/prepare/replay.rs": "697177c4d5d7ae99efe8314806bf6174ac1441a6410d377f593b9bb370de2d50",
  "crates/canic-core/src/workflow/runtime/auth/provisioning/mod.rs": "b95429f59d58483fbd9cd7382fed2996093e8a3b8bf14447ab5f92693e95d419",
  "crates/canic-core/src/workflow/runtime/auth/renewal.rs": "cc173f875ffc93c7ac7043ea1e464e05c26eaaf0fc4261003c29c55f89a270e7",
  "crates/canic-core/src/workflow/runtime/auth/root_delegation_batch/mod.rs": "e3c0793675b81cd5c2c775d602fe3089d9c20e3edee12b53c3f139fe244739ae",
  "crates/canic-core/src/workflow/runtime/auth/root_issuer/mod.rs": "dfa0347e0fb421efd1033604a49bd4af94e968263441ba627d159ae5b6b4f290",
  "crates/canic-core/src/workflow/runtime/authority_restore.rs": "024eb08cf1b795efa1720ad1b6aa58f91fc9f3ebdfd852a60a5e72aff301c8d1",
  "crates/canic-core/src/workflow/runtime/cycles/mod.rs": "2dfcb1c34899b2f3225d255ef83f2ee645eb1c0ae5991f6541bde0bf00933e3b",
  "crates/canic-core/src/workflow/runtime/cycles/query.rs": "6c73aaa8997b6993f5aee46e458afcf277703269fa2c91a257fdcf3acf5a8ef8",
  "crates/canic-core/src/workflow/runtime/fleet_activation.rs": "5de717b1e8e5b88cdf26b0c1aa8e0fdefd42863a86d1ec756eca0f263bd5d532",
  "crates/canic-core/src/workflow/runtime/install/mod.rs": "330d770cf9a031620d427b0c9fc368159b99a97bca95ea0ce3dd67cc3f468b59",
  "crates/canic-core/src/workflow/runtime/intent.rs": "3b329f54c97ad011fb06fb2958b6e226f5de0e36ffafd4ad766341f785dc8a27",
  "crates/canic-core/src/workflow/runtime/log.rs": "85a385c86590cabb5b037b491cdc4f897ab32cccbfb105bb16f943f5400aab06",
  "crates/canic-core/src/workflow/runtime/mod.rs": "dc1a49a44ea181347db1f0c9905aa6f4aa2d68f3d773b9ac6d73ee04b54c1f4c",
  "crates/canic-core/src/workflow/runtime/nonroot.rs": "7fba2c3f676cd7d07222948dae6cbbdd2120d59e84a05c5895dbbc6021f19541",
  "crates/canic-core/src/workflow/runtime/observability.rs": "b32eadd5631b6c3dd38552b9aef7c4128c3dc38f9b6e76aa0d6f1f13129884ae",
  "crates/canic-core/src/workflow/runtime/root.rs": "1acef04b27486aa407bb72432192ffadb2d86021dae8d86daa11d499c84d7c7d",
  "crates/canic-core/src/workflow/runtime/timer/mod.rs": "9f59fd703de56f94a60709881ac76de2e0dc6bea260f131ae8103b9292f97406",
  "crates/canic-core/src/workflow/state/mod.rs": "4e9ab49bf385accb82c974933f6fe30187554822058715c85e3622dd657ec138",
  "crates/canic-core/src/workflow/state/query.rs": "869f90ab255e5c972cc4eedf870cd8fd39bc6aca0fb5b949e6e1941aa2e80f77",
  "crates/canic-core/src/workflow/topology/children/mod.rs": "9f06ff58ec162f5e90ac92bfcf3d4a74f03b3dfb0c49c68a4493a76d9c083de9",
  "crates/canic-core/src/workflow/topology/children/query.rs": "b87ccb4c39951b84f53f3818e90553de75e4cc6b796e76de06bf7c22babe9b07",
  "crates/canic-core/src/workflow/topology/guard.rs": "044d598023bb50d8d3cf66ba3e13e636a183f293a71e87bd0896457ac04486af",
  "crates/canic-core/src/workflow/topology/mod.rs": "330cf87c33b9a37a122ab0a1304692c522ccd9c6f8630124ab36347e1d4968c8",
  "crates/canic-core/src/workflow/view/mod.rs": "afcaceb8ba1ef5a3ce978bdd90e639ca49f7c758e54183789824c48b3f8d3273",
  "crates/canic-core/src/workflow/view/paginate.rs": "33b53d81b8c87b510b516504216f95578cb92c5f4d90edf30424253c12d4cae1",
  "crates/canic-core/tests/candid_serde_boundary_guard.rs": "f9377934bd7edbbe8001326dc2885c89bc2e4f297778aed568d5241fc7cf7ff3",
  "crates/canic-core/tests/cost_guard_boundary_guard.rs": "1eb0f0a9efb6924c8aaf9b3510d31ffbfe96996a37ee9e38bbb59504d50f607d",
  "crates/canic-core/tests/lifecycle_boundary_guard.rs": "5448b4f25e1adc6b7cd3800a46315abf2dff09a97d1504511f6dfa3c9db85abd",
  "crates/canic-core/tests/passive_dto_boundary_guard.rs": "740492af596ae66f24b739cb03312c7206c4ab09a8c211b3d110bc527f09af9c",
  "crates/canic-core/tests/policy_purity_boundary_guard.rs": "76901884803df78e322a9815bc9584c1228faeeeafd05f54120afb744b906a0a",
  "crates/canic-core/tests/receipt_reclamation_inventory_guard.rs": "49533d2f8755891f51e990307e499ffed02924b65ac753bf361553c31c27b038",
  "crates/canic-core/tests/stable_memory_abi_guard.rs": "f2d9f23fd073ba3b328a81e70acdebf80322383af4d7888d4f3acd9be545bf14",
  "crates/canic-core/tests/timer_inventory_guard.rs": "515298b1a7f3b70d85f121e8b32932ddf93dd0e6e1b6936a881983f0f1859553",
  "crates/canic-core/tests/trap_guard.rs": "3d33fb56388b5ce424799c26a790db0ed5d65e20fb85a13a7f75efba88626c2b",
  "crates/canic-host/Cargo.toml": "048f97db4b3508a85cdeadeed58a0e625e9c07f56aa85aa62ca31b2d65aa860d",
  "crates/canic-host/README.md": "24b1194c365b80dab225fa7cc042180866290d6ad8a748c2fba69152c576bcb0",
  "crates/canic-host/diagnostics/reasons.toml": "d084f28c6d8bff5d0e83c977d295c892f10ef653dc35df3afd36db2805ae9b5a",
  "crates/canic-host/examples/build_artifact.rs": "921de233e1b956a8f6d0b56a122c63f20be1e5cbc61c7f79e1392a5ac07a918a",
  "crates/canic-host/src/artifact_io/mod.rs": "62e078cd95a9026a71d7b5eaac810e60ea1d21dd7232350520bd498d1a338adb",
  "crates/canic-host/src/artifact_io/tests.rs": "332e4887b2decabe1830c99e5fcc14a176cd8630e5c9cf8c2b9c08f39ec3430b",
  "crates/canic-host/src/artifact_io/wasm/mod.rs": "aca586ff87b60874245b21528def442924b357ec07be9976420c3605858b834e",
  "crates/canic-host/src/binaryen/mod.rs": "2a2a8fd4c22fca9e557bc84474f9f9cc1acc7c4a868362bc59ed4649821d30b2",
  "crates/canic-host/src/binaryen/tests.rs": "f9ae7058810c290f85bb8746082ab9dc7c5c590bdb831d9701534d70c42498f5",
  "crates/canic-host/src/bootstrap_candid/mod.rs": "f936ee6362069aa8f33b2bdbdc58b19330e52c4a94154860b367f78e6841b79d",
  "crates/canic-host/src/bootstrap_coordinator/mod.rs": "1d0592ccfa9f1f68b23f3f76a97b852f7c42e96aa3ab6532c5db443e8b941c9c",
  "crates/canic-host/src/bootstrap_coordinator/tests.rs": "4e523886fa56cb1c9ee20b9aad33b87f1bcb5c981ca8e3a0adf7b303f0e49adf",
  "crates/canic-host/src/bootstrap_store/mod.rs": "334bb14aec8bbb6274244eda3395845b53380f89f936f83054182f7b82a4e4be",
  "crates/canic-host/src/bootstrap_store/tests.rs": "ed3850be1b2c7cf3e62fe1b11e0798f5c9d90fc26ab8b80992f1a36ccb8f27b4",
  "crates/canic-host/src/build_profile.rs": "5294c44638e8ea265d18c71827f8c203ebfb59195212cd82094e7507828d3d45",
  "crates/canic-host/src/build_provenance/artifacts.rs": "e75d22eb4d2e6c4752a8436b6649c5f14096e8a9ab6b6af2d5783dfa3422ff7e",
  "crates/canic-host/src/build_provenance/cargo.rs": "f64cb45733407c6c6c37bd7366d05911a28ef081cce2c953063b1e24e19d96c4",
  "crates/canic-host/src/build_provenance/envelope.rs": "46492dff1941c3716e6c4e86eada63f6c2e25c053b89d8f85f7852e7abf55f94",
  "crates/canic-host/src/build_provenance/inputs.rs": "451a09c735ef25db0d4fd255cfe0bc0afea8d1c3af6d475c8cb65b0eef21f332",
  "crates/canic-host/src/build_provenance/mod.rs": "fa78705ae038ae45093ad58b7dcac38b75768c702a02d892449d6502529f6c12",
  "crates/canic-host/src/build_provenance/model.rs": "649f111671d9c30d75a62fe09b62562468ba2fba6f62e34da57322b655b7803f",
  "crates/canic-host/src/build_provenance/source.rs": "22722b73de14eb54ae0ef4a1b04c0684a7a10f0b9a47617f56959efa3d53bb40",
  "crates/canic-host/src/build_provenance/tests.rs": "16e3d1ee4a2895e74a42db86a6ec4a08ec8bc3e8b807c39a47611ddb75ad299d",
  "crates/canic-host/src/build_toolchain/mod.rs": "f97c942fe141bde64fa31410eb3166b88953b5b4353661dabafaf660d47bc58b",
  "crates/canic-host/src/build_toolchain/tests.rs": "23e05c6547a881cee8fe6a988f4b31426db5af5e2e499133d2d77654bb5e1d1d",
  "crates/canic-host/src/candid_endpoints/mod.rs": "45ff3db7b770b733d7a90af0ea2b42031bd6e3ba64577e1278fcf555f3da5b10",
  "crates/canic-host/src/candid_endpoints/tests.rs": "cd134694edcc534478f489aa1f5d4b42afcfaf480cd33423ac85d5a14cd80c62",
  "crates/canic-host/src/canic_metadata/mod.rs": "d9171b3eee39dbc5fa8a1aed9705bb6fa7dc1aedcb1bbfde2c41f55c55223460",
  "crates/canic-host/src/canic_metadata/tests.rs": "0210411f60d83fcd1319b5d321f5356ef79f1cb36bc5ab4dc48e1cb702f4a369",
  "crates/canic-host/src/canister_build/artifact.rs": "71bf29f780e862c0763cc04bcf0e23dda3249b666e354ea28f529a26e20a74b1",
  "crates/canic-host/src/canister_build/batch/mod.rs": "00168cc98e062e091bd4e5636767cde899f30c2714f275322c69eaf0451383e3",
  "crates/canic-host/src/canister_build/batch/tests.rs": "3e6c444377a5ab2b5b283a8938e5da5f557ae6f168def6bda6190becc65d23c4",
  "crates/canic-host/src/canister_build/cache.rs": "c3c35f8e5fe3c95e583e2413115c536a87ac7d86937e420c1f43d0e505aa5ca4",
  "crates/canic-host/src/canister_build/candid.rs": "bbfb14ab34a2c28e47fb39f7d219de8acd1fa5a9b8b278fdd6b0f7dd88c23776",
  "crates/canic-host/src/canister_build/candid_cache/mod.rs": "f6eed987596b0add316dabbd9062006b2c1b219aa387c113d2cd0cb387931042",
  "crates/canic-host/src/canister_build/candid_cache/tests.rs": "5e6ce868d45f9b53d6865bb16d647877587595090284620345c8f28f40ff1879",
  "crates/canic-host/src/canister_build/compiled/mod.rs": "5ff0b37f2314cfa2c74ebd61a9b98e2bb56cf81bc6def4c8633479ee62986d8a",
  "crates/canic-host/src/canister_build/context.rs": "73833ee86775770968de81e75f716bb32c0e5f597ba2cdfc7a5bbd2d18cc6512",
  "crates/canic-host/src/canister_build/mod.rs": "e31ead5742c8a88549162b9072d509ef199929825839d7546fa24d2fe6aee80f",
  "crates/canic-host/src/canister_build/model.rs": "accc257aa38bfb4c1657f9682ee166beb850e0a54df86b83e8d1312c068908b5",
  "crates/canic-host/src/canister_build/process.rs": "5ee9b1eeb3e814b4d9d88521a3ae33e87d178be252be899657d221098d2d3323",
  "crates/canic-host/src/canister_build/reuse/dependencies/mod.rs": "2ddfffe3ede630e709f7c5767530b1c2a728d21b7d172c43563e963867896e7f",
  "crates/canic-host/src/canister_build/reuse/dependencies/tests.rs": "10d050df289024ff8f4c2e62920b1fe9d884158a631256b42d74fd887bdf52ff",
  "crates/canic-host/src/canister_build/reuse/mod.rs": "482a47898b2d19f1dc864a6ceb72062f7e214572533d9c5f82fd6c4b5f6d51b3",
  "crates/canic-host/src/canister_build/reuse/snapshot/mod.rs": "872af9890a5753c1252c77e9ca83d882f70c3d58f58d449359350a731ce4d38c",
  "crates/canic-host/src/canister_build/reuse/snapshot/tests.rs": "6ec34a67c24a275d66167759c03ab94f8ef61d52a167b1ce87bf6f949f6866d9",
  "crates/canic-host/src/canister_build/reuse/tests.rs": "8d1795a0f11755b1c9abb474ead63b144be6de5cd57d325a8cf51a1831acbd0b",
  "crates/canic-host/src/canister_build/tests.rs": "c3859a5d9a99dc5aa0ba435f3dc2de608a2fe584cde8c827daed962217f7f6bd",
  "crates/canic-host/src/canister_protocol/mod.rs": "8c7f1304a3b6b110a4d35d0b245a86c47411ecda55eac19faf8bdf3e1dc9462e",
  "crates/canic-host/src/canister_ready/mod.rs": "bd60cc20dbecc424fc7fb3c3c80009a73a02efc8a22db522b3d26bd59b8ebe14",
  "crates/canic-host/src/canonical_root/mod.rs": "01c0fe537bd193d2efb906ff0595730f64acea099020b4370288044f7ce2e56b",
  "crates/canic-host/src/canonical_root/tests.rs": "47caaaa4ef816fd324c6bec00924da0e85c0131cc2b16f5dd45c24295e6192e6",
  "crates/canic-host/src/cargo_metadata.rs": "100535ba73ebfd41ad9bbf96c74c2a1bbc9a6b9652100352492e2a9cccd8725e",
  "crates/canic-host/src/component_topology/mod.rs": "058b67c4ca2e86512651e45849b009c063fd42321e89984168863136a23fd727",
  "crates/canic-host/src/component_topology/tests.rs": "c26ca4dd90ebfe3cf67af0795303fb871b20f857e59964ed6af08b908feba30d",
  "crates/canic-host/src/config_discovery/mod.rs": "98927e21cf00e4dd7c548c08f20800146c40335bacffd65f25e4f7779aa41e98",
  "crates/canic-host/src/diagnostics/generated/mod.rs": "8c49ff8cb5708f02d9d78f883a1da3da819810cc1df2604a69dab2846edab2a7",
  "crates/canic-host/src/diagnostics/mod.rs": "95d38a96625ad4edff2ac7fb11f25737e6f9209d44947685879e12b4022e484c",
  "crates/canic-host/src/durable_io/document/mod.rs": "9e147d51cba98ea9a467e02c87a7f72c16aaee3fd7dd58a4b273ba3a2bd8392b",
  "crates/canic-host/src/durable_io/mod.rs": "474e86261f0c12dd65bcfba6abe0e2f1f3c9743535669107f3ca0b2c0e49413c",
  "crates/canic-host/src/durable_io/tests.rs": "e315ebe7c4085b9133c3b9d4e7446aaf3c95b30bacc4767c6c18bc571c18395f",
  "crates/canic-host/src/entropy.rs": "19dc2777444d0b16065ce7cef505ed5d0ec45e7c965b4fb2611d20599abee434",
  "crates/canic-host/src/evidence_envelope/mod.rs": "78def5b3507d0e816ffcd4cfb2b3e9e4fe55afc29fe34d1dcc29f47ff892db7f",
  "crates/canic-host/src/evidence_envelope/tests.rs": "758c0582ab2eaef40c21dbffee1c1874d6125c8107594a47885cc7a5c8928cd9",
  "crates/canic-host/src/fleet_ensure/dto/mod.rs": "a8dba13cafdfa119b7305681f7dcea243fb01377687be929bc24f8ab28ab5c91",
  "crates/canic-host/src/fleet_ensure/dto/observation/mod.rs": "01669652d94c863bbbe493cad2a72128622be589a0279db6cda2008f48254e93",
  "crates/canic-host/src/fleet_ensure/dto/progress/mod.rs": "9c8e96ad0817d1c3daf27b4544212f2900fc56de5e106ea1bfcfbe7b6fb81e15",
  "crates/canic-host/src/fleet_ensure/generate/mod.rs": "825224cdb276fcc6b72fbe63c0db9aafc5880bec817556f60d94d2bba6e3d4ba",
  "crates/canic-host/src/fleet_ensure/generate/tests.rs": "b301bbdc23b3b0ef7d54a6ae11c777c4e87dfefbdf6b72b9c37a0abd263ee730",
  "crates/canic-host/src/fleet_ensure/inventory/mod.rs": "bf4b49d22e15ce51da21a940129a2ddc7abe4c55e41f70c708fde73a0f9047d0",
  "crates/canic-host/src/fleet_ensure/json/mod.rs": "7838e125c419561fbc79dcd6ce43ae03356747e3e216ffe20b6e8313a84098b2",
  "crates/canic-host/src/fleet_ensure/json/tests.rs": "c142eeaa3a12d016bad3ba81eb66b6c11849148dbbc886ea2d3699cdcf1e64ab",
  "crates/canic-host/src/fleet_ensure/mod.rs": "3fb9a65488859014ca0ec80d2a3fd74d495c803556dac4f5128fadcff41434f6",
  "crates/canic-host/src/fleet_ensure/model/mod.rs": "b862dab158a89d5c7af0a8f9201adca189dc8d2fcfc6b304ff92fe6a99d45c39",
  "crates/canic-host/src/fleet_ensure/model/serialization/mod.rs": "0777a4191849799047cd928543e656476a8fd4126943cc838c7c77bf64ff1910",
  "crates/canic-host/src/fleet_ensure/ops/authority_seal/mod.rs": "cd12095d1ac3fe72de1bea2834cf0628b9d046de7f83e61a51ad2f2f635cafc2",
  "crates/canic-host/src/fleet_ensure/ops/bounded_observations/mod.rs": "be3da8a427355c531cb8386099834b0d3ab0a69b79a21986f577251a2e5ce85b",
  "crates/canic-host/src/fleet_ensure/ops/canic_init/mod.rs": "7ac0fca121ee78f54ad9081f44ce6145306a78f9a49807af647579d747eaaa0a",
  "crates/canic-host/src/fleet_ensure/ops/canic_init/tests.rs": "b498755151cbaf0a525558b6bb30f7c6c19aac38935261e8862791ec92a47be1",
  "crates/canic-host/src/fleet_ensure/ops/continuation/mod.rs": "704bd5f0fe533cd6f313ff5f972238464e192ad803e2cb9196dc62d1b516efe4",
  "crates/canic-host/src/fleet_ensure/ops/current_inventory/mod.rs": "5ac65240be24b85800533b768c8dcbed73b0693441a752af937695f526b89cde",
  "crates/canic-host/src/fleet_ensure/ops/current_protocol/fresh/mod.rs": "4892b3aa3b9c7cb3208d0c670354bd7bc377b14dd03a1d1db602671dc510665d",
  "crates/canic-host/src/fleet_ensure/ops/current_protocol/inactive_activation/mod.rs": "ed5ae742b47e9b92669b79a9952a8bc2b21cb18ea3c37434bc69c1cb7e35632c",
  "crates/canic-host/src/fleet_ensure/ops/current_protocol/mod.rs": "5ee63515e44afd6d83a94a967a10f92f8e89b2d70bcf4c08530a0f8ee4a4a245",
  "crates/canic-host/src/fleet_ensure/ops/current_protocol/tests.rs": "cd5d0b2730b4191dfb5fb0b14464092c04d000b7b166269ae8fc79c5d165a96c",
  "crates/canic-host/src/fleet_ensure/ops/funding/mod.rs": "0cd40163903d12283453d1973983adacc0d312c18733a89bb1e756c1e3c7c6e9",
  "crates/canic-host/src/fleet_ensure/ops/install_history/mod.rs": "5502db8a59e3dcbec88873b6552b4cb02ccac2b7a4175c70c4b155ba23f97155",
  "crates/canic-host/src/fleet_ensure/ops/mod.rs": "5fe4957ccc4f4a6a9428ee8d6a560addb3ad6fdb4e0e82f9af5125c2635e7fcc",
  "crates/canic-host/src/fleet_ensure/ops/plan_content/mod.rs": "7498158a987ad18d51c85f8a1158037db611e3d71fcc60e2140c3a559afd2b74",
  "crates/canic-host/src/fleet_ensure/ops/plan_content/tests.rs": "f6e8a928892fc10b0aa21022bf5b422197961157ee94e6643d0d02267078081b",
  "crates/canic-host/src/fleet_ensure/ops/platform.rs": "3db417f22998174f87863490f8cde8566022b80df7c98d1308af148f8ae509db",
  "crates/canic-host/src/fleet_ensure/ops/protocol.rs": "87e88265a9a1617823477a92a4b6e8a49f658b0ae09ac2b3603d0455012837b2",
  "crates/canic-host/src/fleet_ensure/ops/recovery/mod.rs": "a65f6f1173a53a0ff144ebc1eb473eca45c8fb7904cfca9bc6976ea60871d049",
  "crates/canic-host/src/fleet_ensure/ops/reinstall/adoption/mod.rs": "6e92c6812011db6c2e00801843b2ac9749db5cb92ebc95743debdf787841c262",
  "crates/canic-host/src/fleet_ensure/ops/reinstall/adoption/tests.rs": "579f434322688ca1bf2541e32008bdab03136a0d4a89d4a4fb200fa98664d632",
  "crates/canic-host/src/fleet_ensure/ops/reinstall/mod.rs": "76f720a8e90a323c946394937ef1754fcfd4d648529cb7960f389e7a306c24f0",
  "crates/canic-host/src/fleet_ensure/ops/reinstall/source/mod.rs": "ed8b26cfee4520b465faa6e2696e72b783fa0ad9ffc8513f68b6e94fadced2ae",
  "crates/canic-host/src/fleet_ensure/policy/mod.rs": "8fe20415a65079fc5baee7e38aa70fa05eecb9a94751bfea9d024658ae5e6e0f",
  "crates/canic-host/src/fleet_ensure/policy/recovery/mod.rs": "13cf2083066510d7f89dbcade1f517ec63fcdf35ff1764481d2e583b951fb970",
  "crates/canic-host/src/fleet_ensure/policy/reinstall/activation/mod.rs": "52fc0bbf1e253b2aa5baf7ea1ef49c6e784498a0c8461b1b86f4a9997df6e598",
  "crates/canic-host/src/fleet_ensure/policy/reinstall/activation/tests.rs": "cddbf26853037df4408dce31423ef04f8c3cad29b2c8b7dbc0d7766ccf83fa8b",
  "crates/canic-host/src/fleet_ensure/policy/reinstall/mod.rs": "1817ad57b57d1aec1d49a7e9c566e53b1151bdcf15334a7f625b0379e1707b39",
  "crates/canic-host/src/fleet_ensure/policy/root_reinstall/mod.rs": "a75fe51231d8502de73bde8c216bf69dcbae80b666a870fb3b58590bb0cecd1c",
  "crates/canic-host/src/fleet_ensure/tests.rs": "d0f81f3370c13bb141ee8a9d01b4e65d29ce9ab9081e8fb8107d824e283df08a",
  "crates/canic-host/src/fleet_ensure/workflow/continuation/mod.rs": "2d463836b46bb2fc1bd8573150bef113dc7220625233faed13758b4c2b65eddd",
  "crates/canic-host/src/fleet_ensure/workflow/continuation/tests.rs": "5dc56488426e4a731cbc403f85f1abd7faf2030e0413c5674d9e7912b8d7d4ed",
  "crates/canic-host/src/fleet_ensure/workflow/funding/mod.rs": "6ca40c281c05e62f1556b292e3250877536a77b5867def5417b732037af32220",
  "crates/canic-host/src/fleet_ensure/workflow/funding_tests/mod.rs": "283c9cf54f99db1dd897edbefade55f3d106b4f95924ece269ad92795f2a3c13",
  "crates/canic-host/src/fleet_ensure/workflow/mod.rs": "ba91af95fe260f48045c2e09aa7078ec193e50525f3d08e6fe805a4c74079787",
  "crates/canic-host/src/fleet_ensure/workflow/reinstall/activation/mod.rs": "6c15bb8ca9042b5f1a9a1f70926cf87c5fecdfed07682b922021ccfcac5aa487",
  "crates/canic-host/src/fleet_ensure/workflow/reinstall/mod.rs": "684416568c9c3ec6c23a39ad4d72697c5080802ad0d551d38ecb46a508335836",
  "crates/canic-host/src/fleet_ensure/workflow/root_reinstall/mod.rs": "f74493bf91cfbf38289ceb44e2441d31b2061d25d872eece47d18e461fcc3724",
  "crates/canic-host/src/fleet_package/mod.rs": "e6af0ac35a093b33dece528683d5a6381ebf0825e9b30c28fbdb9283165ae7e5",
  "crates/canic-host/src/fleet_package/tests.rs": "0dd5282c442b634ee8a544e8573b3b53ebbc4883a912366cf8f4e7e489bebf4c",
  "crates/canic-host/src/format/mod.rs": "98d2f51d29f4d70fa062901ccefd3da13981df5f2359491549cc7421f5b1f716",
  "crates/canic-host/src/format/tests.rs": "b6f34c6936d3de9dcb5d97ed9e0e0559e5ea26de4188dac130f95086e273f2d0",
  "crates/canic-host/src/ic_wasm/mod.rs": "4da339acc88161fbfc1bdcc33f4bd8e160d64f1bff20a880848fcfc9fbd45fcd",
  "crates/canic-host/src/ic_wasm/tests.rs": "71cd768773a782f3f9113753126ab46b98475a1c2d2b9049d90758b9c416d6be",
  "crates/canic-host/src/icp/balance.rs": "b941ec89ba823cb85fb77629941fedd0fb8fb8464da08dd8d21c273e590f6292",
  "crates/canic-host/src/icp/candid.rs": "9a7cd8af7b38698e2703c05d621399d6d9d0926ce3b05c51b28532b120ae69c6",
  "crates/canic-host/src/icp/canister.rs": "4b81fd5aeb9b1e06734e97f7e3fa68b6a806c9525ef6493b717ef384a69aed05",
  "crates/canic-host/src/icp/command.rs": "db01a14505f1f07ca945a0641540e4ddf6cff90b9a1b6eb3781da8201238db94",
  "crates/canic-host/src/icp/diagnostic/mod.rs": "ee497c54482b81f9b20a92502c4f0d2358d8cab84b04bc1647c8b784fd7f55f1",
  "crates/canic-host/src/icp/error.rs": "20a43ec1d13c0f81ef444ba260491a6e72584a8aeb410837969b1433944142cd",
  "crates/canic-host/src/icp/identity.rs": "548ede4802c679f1f52691a7653ca4e1fcfcf9cfc678432c1008731b3cdda503",
  "crates/canic-host/src/icp/management.rs": "ac1221de98dfc1cf190f862bd4c97cb646b5538e10be604c89d4480e533d36f4",
  "crates/canic-host/src/icp/mod.rs": "c8c4028b76c6f9878da03b6c21fdf7ff6f0bb14592ce9d9a264173724dc64fa6",
  "crates/canic-host/src/icp/model.rs": "bb5ffbe3cfee235bfa8191c63dc879041b3b04636f24d1b58eb86b50fbd4717c",
  "crates/canic-host/src/icp/replica.rs": "ca625f85221ca7d4b49e250063a9c3fd40e60d021e2282b53737c02846822ad2",
  "crates/canic-host/src/icp/response/mod.rs": "0c0c6890000d3c8466f5b7cbd72ea045085175b212b94ca5aeeaa3b15ed8b7bc",
  "crates/canic-host/src/icp/response/tests.rs": "83a3387d35f839a7a869e14a37be367522f42ce1e8d8c7b7ecbe5d995f6ccdc7",
  "crates/canic-host/src/icp/run.rs": "a644c8efd5c4fe8f7de9919be3a3e1b8ed6011d0a45e2993d6bc7fe2fab73f91",
  "crates/canic-host/src/icp/snapshot.rs": "8a5a6b71b44ad2e26c1d0e202d1b518d19896141cbefa778fb1c18e640f8f25a",
  "crates/canic-host/src/icp/tests.rs": "d01834b8a34e5ff655ec66bae057270faf92c0751e7270f355862968f454abc6",
  "crates/canic-host/src/icp/version.rs": "6a55430ae086eb786818723de599ac23c06d15707628ea3bd42fc7b0896d3c78",
  "crates/canic-host/src/icp_config/mod.rs": "fcbf21cc7270324aafd8fe1544da18c1a4fdd0158ac0250e27f558c3d22c388b",
  "crates/canic-host/src/icp_config/tests.rs": "eacf236f151070463d89880f0f67c667ae0a7f6dc3896654d80d40acaceaf72b",
  "crates/canic-host/src/lib.rs": "fafa0eea2d1e1c5289d897fbe3f79774f64e16f63553f1449da8c08f151ef208",
  "crates/canic-host/src/network/mod.rs": "3657079dc34254f1e8e4917c94f480bc05ceec604ada34686584d281b51eaa42",
  "crates/canic-host/src/network/tests.rs": "3cf518b0d7fde53d44f2912e18e8c5e23c0493bb65c11cd876a005344602e209",
  "crates/canic-host/src/observability/mod.rs": "dfac92ff5aaa21a67b3484dfecfb7f41292e53cab96d4968d84490f329887609",
  "crates/canic-host/src/policy_gate/evaluation/mod.rs": "881027b02e35508ce9b69baf64b2f24c62aa643e390d21816eee3cd9faa90d9d",
  "crates/canic-host/src/policy_gate/manifest_gate/mod.rs": "81aab19a01377eedbce2a3ff1072167b528f90df129bf3f2e915f7ce8b3d5665",
  "crates/canic-host/src/policy_gate/mod.rs": "2fb401f53f34481922e78b1fa92a5a77696a922bfdc9a2469490221a0f9f5ad0",
  "crates/canic-host/src/policy_gate/model/mod.rs": "00058024d923f66488902e98aa517e9321f54ddb585ed74593a7e68bb3b92108",
  "crates/canic-host/src/policy_gate/tests/build_provenance.rs": "b803436170780f03d18c9ed3e80633d84c46d3717bd04948643e5758462f3e18",
  "crates/canic-host/src/policy_gate/tests/envelope.rs": "465bcb343f294879aee0ba416273ab10719317095ef294cc0475e44262d05b50",
  "crates/canic-host/src/policy_gate/tests/manifest.rs": "f724eea0a90c9046e3cbe9666aa30e5ea52b00950748a1202f8f7ab1a00aa3b9",
  "crates/canic-host/src/policy_gate/tests/mod.rs": "09ab0a9706032be3cbefa5371aa940694892117275a8d8b59f2b0c1850498674",
  "crates/canic-host/src/policy_gate/tests/parser.rs": "0f159e1e3a974fdb0bb7f9f8b5d7a316434911e41d1436fb3885ee74b6a0e58e",
  "crates/canic-host/src/policy_gate/tests/schema.rs": "eb39d5bee16c3b08102772532796b2641d7decaebb2669fdc7d851868a39b33f",
  "crates/canic-host/src/policy_gate/validation/mod.rs": "029a1dfd210611cde5bee14c6fda0438d06eee3d153ed679ec699a88e928f945",
  "crates/canic-host/src/protocol_binding/mod.rs": "5a8057a66311e29f0d6146c9122b58259fcd0fb33d0cb81be127abf00c78dff0",
  "crates/canic-host/src/protocol_binding/tests.rs": "16dbdf1404282ed4d7c4ad047bfd991307ff848b815e91e7f791244d78b86e4b",
  "crates/canic-host/src/registry/mod.rs": "35055f8569e20be23f62ff9933c30845f08e38b80c2e7cf8b5c4d30652420198",
  "crates/canic-host/src/release_build/mod.rs": "171a90125ae44872b026d17bbebad46542c122a1e0d33985235cc5644dfc86e5",
  "crates/canic-host/src/release_build/tests.rs": "7acea9ca8412743ecf34846e7d6c51cfeeaaff7ac5bdc2798adf2b4d2c7782f3",
  "crates/canic-host/src/release_set/application/mod.rs": "e02a9cf68b2f042a7753f1a9df652cf80bb418b110298883e115f25677e15bb8",
  "crates/canic-host/src/release_set/application/persistence/mod.rs": "08bf63fd8108b650dd66df17f26e067111d49c74796579bed0f02dcd713f2984",
  "crates/canic-host/src/release_set/application/persistence/tests.rs": "79ef8d69c7e398b806f507f5b0e7cc5fa5761d8b4c50cae31ed4714e31443cee",
  "crates/canic-host/src/release_set/application/tests.rs": "a4dd7620c43309878b20cff4a6222c77d4d6f7a30d9a802532ec6cc46cc12498",
  "crates/canic-host/src/release_set/artifact/mod.rs": "c171d28e101616fbe48537b7f4092809d0abad910a76b20497ef1a760791bf54",
  "crates/canic-host/src/release_set/config/error.rs": "ee1a9f49251199e89034de8f02da1c97f1fbe96366b464c51813c451e0184533",
  "crates/canic-host/src/release_set/config/mod.rs": "8c2fe40674e9b2368f41a1ef15a8aa6c9e85caf13956225bd610e7bf0156ed62",
  "crates/canic-host/src/release_set/config/model/mod.rs": "6cd6698542eaf925f70c1661d0e22e0d8f66982c905803df443b6c71e081a03d",
  "crates/canic-host/src/release_set/config/mutation/attach.rs": "5294cc64a9db060577e54519f1437d6e9c91823c76d516e58e88cc43a82eaa6a",
  "crates/canic-host/src/release_set/config/mutation/declare.rs": "7806bbf592e20261e3a4b0122500ba2948839df126c0cf189db5690cc4d88e82",
  "crates/canic-host/src/release_set/config/mutation/mod.rs": "4b17375a16b6bc7d7913431c959d2639297ace802ca70eadf6bfc17b1a56289a",
  "crates/canic-host/src/release_set/config/mutation/rename.rs": "08bcd4836e25a52583df0cd97acf209c8076979a5a6ed7670db152f5bdc0abe8",
  "crates/canic-host/src/release_set/config/mutation/support.rs": "cc617244de00cf61bf726d252bb37e1eddc108423361b371addd1e1154702cd1",
  "crates/canic-host/src/release_set/config/projection/app.rs": "d00e6fc8b4dcba327051d7da4b9b501a852658c882c66eb75f91b355f030395b",
  "crates/canic-host/src/release_set/config/projection/components.rs": "bb174fa2a1727ac9ccf10bc6f662ba107808d6eebd0d863a9a3b0d182fc3ca2b",
  "crates/canic-host/src/release_set/config/projection/details.rs": "5dab01c5461485163d09d79378c1f19ec7e6bbb97c81f7e3ebe036aa24a8f592",
  "crates/canic-host/src/release_set/config/projection/labels.rs": "8d29f2bf6e22ba9ac0f5a52e726f371f53422022182c927ad8629244432fa9de",
  "crates/canic-host/src/release_set/config/projection/mod.rs": "9ea99869aeb17e3bf2afa608bf3110328e0c1b80c945ec7980520d921ef1a959",
  "crates/canic-host/src/release_set/config/projection/roles.rs": "2939df07aa28385c591cab41b5d6bd3f7e54bc0cf536957b02a95792a6a32f78",
  "crates/canic-host/src/release_set/config/tests.rs": "4aef741924c195cb571bcae57e37a0bdd2be8b8271f363ca66e9499bf03d739a",
  "crates/canic-host/src/release_set/current/mod.rs": "c0151a08a39a0fd7fcdae9f2fa9fb3823e552edc4335c6495438bcbe8192d170",
  "crates/canic-host/src/release_set/current/tests.rs": "e995aa5367c57c52c413dc20468f2339ade6efe92b701048c45143d56d474489",
  "crates/canic-host/src/release_set/infrastructure/mod.rs": "8dff88f45ec1b52ae9fec44e254156eb153198458c4a7d282718d8187256c4d1",
  "crates/canic-host/src/release_set/infrastructure/persistence/mod.rs": "0f9de11ee2eddaec2755f99967bed15551434253af4e7b3e13264be23e5cd402",
  "crates/canic-host/src/release_set/infrastructure/persistence/tests.rs": "63436ea09a4afd1b24e601f97945ecbdbdc5dec878372a55d154929a52253bb3",
  "crates/canic-host/src/release_set/infrastructure/tests.rs": "1125d300a57a5bab653d0a34c523930a3c2fb04527a62356e1d3cdc7771228ac",
  "crates/canic-host/src/release_set/manifest.rs": "5bfad0c48b4dc54d984c1955c569a08582a77a34159ac671d3907f025bfef0ea",
  "crates/canic-host/src/release_set/mod.rs": "ae2f54a1bcd9465a9b67b429c98eadd17aa30f6555701d578452cc13f00ef5da",
  "crates/canic-host/src/release_set/paths/artifacts.rs": "62f4a9b30c396e5fc8a54a7cdacd640c704725620613125f916e04e6a7ee4a6f",
  "crates/canic-host/src/release_set/paths/mod.rs": "960c212f45270d6d1b3a51655b12a5d683401c5e606e488cc2e27c7885321c95",
  "crates/canic-host/src/release_set/paths/version.rs": "36960b8609372765b6cb6b742c55f1959a56e0991d7a9954070a3244439d724f",
  "crates/canic-host/src/release_set/paths/workspace.rs": "f12b58f1d37ff30abd4b1332eee90cb6dd9332a8ea949b17b1511775d48e3ea1",
  "crates/canic-host/src/release_set/tests/artifacts.rs": "a2b091b0fc7f5732b2298b9403f0e8455f521201595d34677e9cf2ac16a3e50c",
  "crates/canic-host/src/release_set/tests/config.rs": "c61636ae6d88497b9a1807d2b2a1a85d48bfd2ffdabc059c401178e1d4d21d6f",
  "crates/canic-host/src/release_set/tests/mod.rs": "0ffd58c6ecb9bcfa09b1ffd0794c9f4a9a561b96c0fe9561bbee6dffda195576",
  "crates/canic-host/src/release_set/tests/mutations.rs": "ec2a57589a5cd69f4dba0e2091acab385762b04d5318d49ae717df3146ff0fbe",
  "crates/canic-host/src/release_set/tests/paths.rs": "6722435caa82d8fd8f60d21e5bbaceb7b7009569dceafef7229afce7ac6fae2a",
  "crates/canic-host/src/release_set/tests/roles/bootstrap.rs": "1b581317e6fd875320e855b517509d94e88a1ce4f2b9a06631411f6d07c9c48a",
  "crates/canic-host/src/release_set/tests/roles/capabilities.rs": "3809a760d4c283863f53409ce647d060d65627efd736e740cf8d604b519a5ef9",
  "crates/canic-host/src/release_set/tests/roles/catalog.rs": "25ae4d0c35cf257ac1863ffddd0712d13a710f9ba0565ba97360b896e09f245c",
  "crates/canic-host/src/release_set/tests/roles/mod.rs": "f538b2c81d2dbf111b0d7bae81bf3d944eae20707acc30cae4f96b18226ea74d",
  "crates/canic-host/src/release_set/tests/roles/sets.rs": "11b3a0704f91acc14abf562ad7e46cce8a794b2a11433b5938501c651f65a1e4",
  "crates/canic-host/src/replica_query/cbor/mod.rs": "c53de2eecde7ab21472ac5597457565175dc14b26937b80d9f38dc0863b68fbe",
  "crates/canic-host/src/replica_query/cbor/tests.rs": "70d0bcb8d848c95fff5552520b980123e75e57aa21023186cbc3dda25cfee170",
  "crates/canic-host/src/replica_query/mod.rs": "aa03ae28591839ea4d148324910f359d19f12632895e08384089d40f7583e400",
  "crates/canic-host/src/replica_query/status/mod.rs": "87530b2d24cb52041f3cb406c3c1a382adb2031cdb5cd41a40b90fcc3dc487b6",
  "crates/canic-host/src/replica_query/status/tests.rs": "89889420b113e19a3b407b8c186c0a970b6ec8c92bae8e41b11966a91595540b",
  "crates/canic-host/src/replica_query/tests.rs": "21998418a997032cbcccceaf5efa03053c1e76d5d7239206a55c41e5187fd08f",
  "crates/canic-host/src/replica_query/transport/mod.rs": "dc11643d7f122891f2b0dccfedfe43cbba2b00c731d6310076fca3a803112247",
  "crates/canic-host/src/replica_query/transport/tests.rs": "d2558e80e93cb4faefed6112b4a0491a20d0caedfaf6252675340a9cc6de6403",
  "crates/canic-host/src/role_contract/descriptor/mod.rs": "08127bf4338901a5ce4971adf30a0f312681f79958d9f681acac03c080aae0fc",
  "crates/canic-host/src/role_contract/descriptor/tests.rs": "70543fb84ba5f90e05af461e7144a4d67253edfc8a66661e15bdfb609d204a66",
  "crates/canic-host/src/role_contract/mod.rs": "20b67aec19fce0dc2c9b80cbe1a50ffd6d2c9002c0280b52f6f61094fff56df9",
  "crates/canic-host/src/role_contract/package/graph/mod.rs": "9fcae9f4c85c6a7f61526e7c176426d561c83d3744a10d3489d22a6eb8e49f50",
  "crates/canic-host/src/role_contract/package/graph/tests.rs": "c33a51c6e20e681fb8a4ce4a426e7b95d2b54113a1c24d3df5694c438b339a6b",
  "crates/canic-host/src/role_contract/package/mod.rs": "44ef25a9b1fbec13ec434ede779db2098adc67b9c8dff3947c4beaa4dcc45e91",
  "crates/canic-host/src/role_contract/package/tests.rs": "0218f32c3ab646f6dd7752293465608953cffd214b8ad7921477ab59a6749166",
  "crates/canic-host/src/state_manifest/aggregation.rs": "ee3d6d13ad6877595b5c2a7d9892e41cc7a5a43b69d3e061f5a301249a629592",
  "crates/canic-host/src/state_manifest/audit.rs": "cb53a5e96ccb65b57571e604b18bd7418b969be7c603b3446c090ca6c423e33f",
  "crates/canic-host/src/state_manifest/mod.rs": "17e281fac84ca91a5980316056d816b1ea0155a25b1520655996e79e98c20cd4",
  "crates/canic-host/src/state_manifest/resolution.rs": "cc6aec8fde6fb3c27ce50524b880dd68f72f6c9b940d293c9951bc7bb9d12428",
  "crates/canic-host/src/subnet_catalog/evidence.rs": "a3e6eb3f9d6a10e09ba13c6a292b7dc90faf57e97cd74dfa7155414ce74e83ce",
  "crates/canic-host/src/subnet_catalog/mod.rs": "745398c7483fa1a31897ad69fe97c6bbc4b7e912c1d8b2f49d9562a62c475275",
  "crates/canic-host/src/table.rs": "c1e92dfc6784f65effb73d0f7171225431e09c3c0377a445436486e61aa03c67",
  "crates/canic-host/src/terminal/activity.rs": "51874d840f44b263cfd2870baebe301934b729a21eb17843a72046dde8715a5d",
  "crates/canic-host/src/terminal/mod.rs": "8ec7b45d78c67ae801520b4c145b21bb9514832d4231e96adb7034a8079f7a27",
  "crates/canic-host/src/terminal/style.rs": "f2a68c1a9a4db8ad27c9488dcaf20b11a4c75b9a24fabbedb16de7f15ebce0c2",
  "crates/canic-host/src/test_support.rs": "6d8f662941878da71e92f624d12e58f2bd496fde97ce4b8404f2ff2397730b77",
  "crates/canic-host/src/tests/mod.rs": "86d9511a68afe0eb213ced4792c9618888c8d4b5f6208e0bf23992a4d12a54d0",
  "crates/canic-host/src/workspace_discovery/mod.rs": "3de796c42d52a008c792a68283aaf49a83bf493b571032f27b2ec834a3600965",
  "crates/canic-host/tests/fixtures/role_contract/protected_sibling/Cargo.toml": "7fc356579938ee1714e04a602def72c087e5b845e05d714fd7a09cf613b5426f",
  "crates/canic-host/tests/fixtures/role_contract/protected_sibling/canic.toml": "1b9e3cf382f66555ec0664cfc5235412d382f466c41be72baaf5729545d46280",
  "crates/canic-host/tests/fixtures/role_contract/protected_sibling/helper/Cargo.toml": "4989e938bfec597b0225a7490396e3526ede530374da05481a5088b64e519662",
  "crates/canic-host/tests/fixtures/role_contract/protected_sibling/helper/src/lib.rs": "93da59badf74f14d1f4ec805b94790f186cc301d7f2e4ccc10a0a5e3920ad32f",
  "crates/canic-host/tests/fixtures/role_contract/protected_sibling/role/Cargo.toml": "4a88a210363fb43a695db117bbfc36c42662f361d780a7b3512b425f77b1681d",
  "crates/canic-host/tests/fixtures/role_contract/protected_sibling/role/build.rs": "f00f6f91168d8e1b5dd0309d377d63027fbbaeeca095ec0fb5def4142b2bb785",
  "crates/canic-host/tests/fixtures/role_contract/protected_sibling/role/src/lib.rs": "fa243187f9487f461b9ac6d463fc2864ccae98cf5e7a634f4c23da470467c14a",
  "crates/canic-host/tests/fixtures/role_contract/renamed_canic/Cargo.toml": "d1715938eb685d10049dbc2c9a230c0e0919f07200763201f4196844a0b1cac4",
  "crates/canic-host/tests/fixtures/role_contract/renamed_canic/canic.toml": "db41531806975eb27cc10187d476cd857b4e6060fc51782a454b95c04baaf84c",
  "crates/canic-host/tests/fixtures/role_contract/renamed_canic/role/Cargo.toml": "f7dff67b24676c49aa745cecd267c4a8518283369497f40b4680d6ecade3b721",
  "crates/canic-host/tests/fixtures/role_contract/renamed_canic/role/build.rs": "f00f6f91168d8e1b5dd0309d377d63027fbbaeeca095ec0fb5def4142b2bb785",
  "crates/canic-host/tests/fixtures/role_contract/renamed_canic/role/src/lib.rs": "87a6bce731f66580747fb39993933f4217092ac5e6305972f5af07e9fc7d806f",
  "crates/canic-host/tests/fixtures/role_contract/supported/Cargo.toml": "d1fa580934c1799bbe4614ec038130752d30b26e8dee5122e455b8ab3d9ebba5",
  "crates/canic-host/tests/fixtures/role_contract/supported/canic.toml": "a989367d54ca9a067ced76cd52811f6d65757d21d9ae4eca1a2dae27f80689f7",
  "crates/canic-host/tests/fixtures/role_contract/supported/domain/Cargo.toml": "c0abe4ab516b23df6004395c28a5f4eada3a0d526360fca4e00e5816e0b7557a",
  "crates/canic-host/tests/fixtures/role_contract/supported/domain/src/lib.rs": "c88c8b0db4ecb5ceab1142378d91673b7c623e08a12664ee9f8ddc336dd7f2a9",
  "crates/canic-host/tests/fixtures/role_contract/supported/role/Cargo.toml": "52653ba2bc8979614223c7a1fcfb3215ba73ac219be79f32b3012ad918bde3ff",
  "crates/canic-host/tests/fixtures/role_contract/supported/role/build.rs": "f00f6f91168d8e1b5dd0309d377d63027fbbaeeca095ec0fb5def4142b2bb785",
  "crates/canic-host/tests/fixtures/role_contract/supported/role/src/lib.rs": "37318e1f68e6e21fafb9c8bd9afcad43b88fef5b503bad7f4de4bb091b6ef8a6",
  "crates/canic-macros/Cargo.toml": "0973448bf0a531bd00f238105c4b270700c704e45d7ed438adfc097642d4267d",
  "crates/canic-macros/README.md": "739e1817c21895c2502d04089fe76dca4e134afa1e2af99eb2a1335a259580b1",
  "crates/canic-macros/src/endpoint/expand/access.rs": "e66662e96c90d6c153da49a83f9e7c02b048f6ad615263e518672289f29fdb79",
  "crates/canic-macros/src/endpoint/expand/mod.rs": "1a968a284660e5095909ad402dd5f994df6892fb1a3e5071e119c6217c2a0979",
  "crates/canic-macros/src/endpoint/expand/tests.rs": "8b48f22a098149c9aefbe16971db430bc5dac79f4d48c052d9ae82360ae3863b",
  "crates/canic-macros/src/endpoint/mod.rs": "96d1dd65156f1ee7fb8b84adcf925c55eda5a7b633743ef161b00d777efd5b32",
  "crates/canic-macros/src/endpoint/parse/mod.rs": "e591b5749791cdd6bde85f46f0016df6ae333abe6d50c667d82cb8aac5bc04f3",
  "crates/canic-macros/src/endpoint/parse/tests.rs": "6362deeb04a3da151f93264f581eeb0cbd3bc1285a9b50928984c9aa480ac538",
  "crates/canic-macros/src/endpoint/validate/mod.rs": "6a34e2b942caf2603fcb83070ea9f1e7c8910f1366a3f870e1abaa1b798f5750",
  "crates/canic-macros/src/endpoint/validate/tests.rs": "8644af24beb05062a4dc9d65174027bbedb5e577f06baa34547995b9fa8f24b9",
  "crates/canic-macros/src/lib.rs": "6fd5b0868fc4ec5ea7b37ea2d6e7830ff7b55d5339454776cd9719525bc26a77",
  "crates/canic-testing-internal/Cargo.toml": "6e5a8165a5137659f42d929a46b693617c394a53fa3031a03bc7dd47e56aefa5",
  "crates/canic-testing-internal/README.md": "227e8a250eb8533a0b84c1b18d5d14bb800f2b4c276e26d2d80ff78790fd644f",
  "crates/canic-testing-internal/src/canister.rs": "4edc5f5e8b2be5187476445ae551735c404d6d24157bd3dd68f60c0815048dd2",
  "crates/canic-testing-internal/src/lib.rs": "aa6df73e5e94813485676afbacda04c55f05f972005c899943442a728ed58259",
  "crates/canic-testing-internal/src/pic/artifacts.rs": "1b662253647ba24ff2cd4bfb4fddf81130ad5f0ecaff22ff86785b9c18ce124e",
  "crates/canic-testing-internal/src/pic/audit.rs": "f0596a79877bf3dfbc24e4dc09b3a1839d8b7f745b24ae0e369fa72be9e735af",
  "crates/canic-testing-internal/src/pic/canic.rs": "99da138a8f243d868a0b2c2d511f665331e102e7d271fa660f774239372abf0b",
  "crates/canic-testing-internal/src/pic/delegation.rs": "5bdb4ae4a84d5f5732c4d513aea060abcd119003a237e253342d2b1deb2a4547",
  "crates/canic-testing-internal/src/pic/fleet_coordinator/mod.rs": "5b7cc1105d2579acc54117c113a1e8930640436c12139ebe2b168ed37846f5e1",
  "crates/canic-testing-internal/src/pic/fleet_registry/baseline.rs": "d601abbfbeb590293f316b565f3d7d344ebf954d88b093eb0000c5b40dc79095",
  "crates/canic-testing-internal/src/pic/fleet_registry/build.rs": "67dff570afa9826643924faaa7421ad18e7b0ed6d5f277e64a32361559d75402",
  "crates/canic-testing-internal/src/pic/fleet_registry/fixture.rs": "a5fb4381c2e7752f08998cc906f5fef4187386e85c173d5706a2a5edbb5e0350",
  "crates/canic-testing-internal/src/pic/fleet_registry/growth/catalog/mod.rs": "34628d902a318397d8e220f5bb941b28d71b28d9a3d9fe326bf20057c47e6f42",
  "crates/canic-testing-internal/src/pic/fleet_registry/growth/mod.rs": "d4fd12cf6eb5cb65a3017f27773e4454d2597e7f0239c3dbfa0b2a192f7e56be",
  "crates/canic-testing-internal/src/pic/fleet_registry/growth/source/mod.rs": "c0ddc2b6ca4b9d48a721a12667a9bb9820aeaae57eaa974393786653009975a5",
  "crates/canic-testing-internal/src/pic/fleet_registry/mod.rs": "dd2ecc60100fc5fa9deae142d8af8be56357053d5904983dbeea7547b9df08ce",
  "crates/canic-testing-internal/src/pic/fleet_registry/role_attestation.rs": "ce59657464b467826cfb9e437cd855e94d2fb5d296206441efb1696c438509bd",
  "crates/canic-testing-internal/src/pic/lifecycle.rs": "c53a279bf7aeaff43bc9ab2fc1dd709d8fa8564fbdfda22535cb635780b56742",
  "crates/canic-testing-internal/src/pic/mod.rs": "29b91efea639940a11571296ae2a482c2ef4e41c898d751439160c5ea0b280a7",
  "crates/canic-testing-internal/src/pic/progress.rs": "3d75155da9b73f052736b3a3167841871d30803e7f125e5c48c945ce03977e8b",
  "crates/canic-testing-internal/src/pic/root/artifacts.rs": "38ec16e6cc628ac8f65962f912048a4c92eb15f6d19d54107652b271c46d7a43",
  "crates/canic-testing-internal/src/pic/root/baseline.rs": "5090d9497f000d97960ffae88865aae763136a9ed18a2f9d3b4b1f8a48d3b1a7",
  "crates/canic-testing-internal/src/pic/root/mod.rs": "fe0da332cc6a81fdb1bb8692d9a9d545583c20f626efe7b47bc809c9ae1d258d",
  "crates/canic-testing-internal/src/pic/root/topology.rs": "20e8f68eafd290b834f2a24cc01baf2510930c8d71a1488268502281c2856868",
  "crates/canic-testing-internal/src/pic/startup.rs": "81d6dafff96bc42d1a3b0e739af52bb331d3f8d8a653018d346efedc6073141d",
  "crates/canic-testing-internal/src/pic/timing/mod.rs": "88a05312df1c08f26539a74eda45d54013967b475ba65f2f1537471c5fa99ca7",
  "crates/canic-testing-internal/src/pic/timing/tests.rs": "85283317dc4758d687e9089ae46d4074bf4ca20df076589430aeecdaadbb447f",
  "crates/canic-testing-internal/tests/fixture_payloads.rs": "9d9874933d6706e90f30567318ef5f27b1105e39128d6bbb0768070fd741ff2f",
  "crates/canic-tests/Cargo.toml": "44e8a1cfe8cdb704cf12bcc401db708acc15dc0287ed3bb6985ec6c813b1188a",
  "crates/canic-tests/src/lib.rs": "2639ad9d6e73a93efa5db2b3c890821dbfe475a1a33607186504a61177bbd189",
  "crates/canic-tests/src/root/harness.rs": "b70bff77648a777c725104d5dda9f3689f770ad215f1ec48baa59055bcca7a6e",
  "crates/canic-tests/src/root/mod.rs": "0789034fcc76683e485dbd5c3a6b6b74eeb5ce3a45acfbd4a816bfb493dbca62",
  "crates/canic-tests/src/root/profile.rs": "a51adc00d9cf2f2e14b94e9dc0c0e4eaa4553780df3b393f911748dc760122a9",
  "crates/canic-tests/src/root/workers.rs": "760e2f694ca653cbb9562ead9e542440ba570ce855a9974ca08478504076b058",
  "crates/canic-tests/tests/icydb_lifecycle_composition.rs": "a8966e8c6182ea7110f783327201cef4f45792a6fa668a35dd2505aed9c5ab51",
  "crates/canic-tests/tests/instruction_audit.rs": "9bde640ebb6f70c0649a2ef862d32e29b0af20fb0a4a52e3c6a0fc74fac488c2",
  "crates/canic-tests/tests/instruction_audit_support/estimates/mod.rs": "f5f307560315beed0afc1f4eabc7257bbbb1bc0e1d84dfb417565d2f893967fa",
  "crates/canic-tests/tests/instruction_audit_support/execution.rs": "417c1813fe1424a1f576657879803f4205dcfc551f2cb6be9d8f8d3ec367c9f5",
  "crates/canic-tests/tests/instruction_audit_support/mod.rs": "d3f557a584b3fdecd403e68c28df60d4d1a4e7be85f66bea31db09f501026d32",
  "crates/canic-tests/tests/instruction_audit_support/report.rs": "9951d8bd46dcd151fb21462429c6874a1dbc2cce295df35aff2ed9838478fd71",
  "crates/canic-tests/tests/instruction_audit_support/scenarios.rs": "f831745b25e82adbe5a231ba622c17f4717ce79f427f94734b47fc9f421959a9",
  "crates/canic-tests/tests/lifecycle_boundary.rs": "b81742ac81131efc8694a0c7c9ad03ddcf0b906d94454c97972d4c966474288f",
  "crates/canic-tests/tests/native_agent_delegation.rs": "475c2a0eb9916526b9ede9f598478c39c334c9835985f8fe64a608e21c43951b",
  "crates/canic-tests/tests/pic_blob_storage.rs": "a355c71f2dee5f7779e4925692d6260793cb2a18a919930ef185876d0f567d13",
  "crates/canic-tests/tests/pic_ingress_payload_limits.rs": "fccf7040537ea87fd24e6537b885a82f03b509ed8dd70ce82771a2019dab887f",
  "crates/canic-tests/tests/pic_receipt_backed_intent.rs": "496fc3acfc7c83a16113bbc8a85aa93689bd8136ce858bc6c48249c20d580f69",
  "crates/canic-tests/tests/pic_root_funding_recovery.rs": "8dee7980d4d298e7293699709c6b146fd3cafd10c246fe3c848b734c9a06322f",
  "crates/canic-tests/tests/timer_authority.rs": "3b2736337cf5bd03f060fe8ea81b0d8cf5f521cae0c5512d39bf7e3defb57e21",
  "crates/canic/Cargo.toml": "daa817fc4df00fd42b60fe867db179d1fabd8ffa9f8d640c116657cc1eac4b61",
  "crates/canic/README.md": "7d60cad556a81d8b27ecd66ef7f29fe549b1275365407bfdd87997ec68dc4bdc",
  "crates/canic/build.rs": "6fe4e260deacba99c4a9b75249497254ec6fc6a471a79d1054d07af6729c8551",
  "crates/canic/candid/fleet_coordinator.did": "78785672fb33f8dd1030f4f48c69d97ca0cf16b52052752476a230253c28e25a",
  "crates/canic/candid/wasm_store.did": "48d82eca36b235d128ca41ad91ed2924409cddb2eca69085426bbb6ebc4453f7",
  "crates/canic/src/access/mod.rs": "dc5f2f3f3314a30fa9161582f62cd1c7b228306e13c85d44398aa72418edb937",
  "crates/canic/src/api/mod.rs": "f45169ab32ee559be302444d8a078dc19694bec5993d9f078c77277d557b6aef",
  "crates/canic/src/build_support/cfg_catalog.rs": "069cda01f5308927c561744784026ad501f0332d3bfc02da605bed24d99a4adc",
  "crates/canic/src/build_support/config.rs": "c5d8587b3e3a84668569eb355870da9bea34a776585e8536eeee71a6512dd15f",
  "crates/canic/src/build_support/metrics.rs": "49834b2b9b550016af38f474af6377a93d960607a0f711b8d1f6ca9170e89450",
  "crates/canic/src/build_support/mod.rs": "b70ec296783e9ac0ff2aa1cb015c6738c449550558d64e8265dbfb558a1b5240",
  "crates/canic/src/diagnostics/mod.rs": "de21822c65d8c2b5b53ef71b3998b8fa32a61d10ec47747cf28a0e212d83266d",
  "crates/canic/src/dto/mod.rs": "ab4cdadfb69af9d08387c23c58054fac419133761f47dbec3f638739515273cf",
  "crates/canic/src/fleet_admission/mod.rs": "c07e101ccf10807f25cb76d584a50be5be33279f2fcc32fb4d729c1759aff7ef",
  "crates/canic/src/ids/mod.rs": "b11d9c597b530b7670c978caf3d973d332350c3826c9540d6fe05b82eac10eb8",
  "crates/canic/src/instructions/mod.rs": "7066dc36da98741239a4593ca47d86efaa5f94476911fb00080c76be8787fe54",
  "crates/canic/src/lib.rs": "6fe09d6756c655e187d95a95ebb069a10f34ffafa1e449d736daaad9c6b908df",
  "crates/canic/src/macros/build.rs": "7a8a4bb8ab38fc45208cff76d9ff6d6deeca05dbc05bb43c84f0050217537506",
  "crates/canic/src/macros/endpoints/blob_storage.rs": "03ccc6f00c2f0015034aeaba4ef20a61f460d0a177a62e0f39f901f11b62234c",
  "crates/canic/src/macros/endpoints/blob_storage_billing.rs": "2ba9115090d5bf4dc4d6bdd5d356f41ae5a63fe7f2f689c19e6fd2e3d839d988",
  "crates/canic/src/macros/endpoints/bundles.rs": "479232e187976cd0024cba7bbbe6d281a30018768dc6fbde82698d77ab5ebbb8",
  "crates/canic/src/macros/endpoints/fleet_coordinator.rs": "63d7c3639ca710262efd2018f4f82eedf209f3b151bccfe571560a4a6456647b",
  "crates/canic/src/macros/endpoints/mod.rs": "e21b84b1eec2dcdd6996f4620348768394d76b839b90dc0d0bcc327788c8b9df",
  "crates/canic/src/macros/endpoints/role.rs": "432afad0ca7d1ee1207064b0b15b0559a988c0812f8ede630bb9309b757d1885",
  "crates/canic/src/macros/endpoints/root.rs": "3b5928e764cca21b9905f1ce5f1898d73f166e563c8e38fb8a928cd60cdfb9c7",
  "crates/canic/src/macros/endpoints/standards.rs": "9ef1e5b07e0e3b55660159341ddc8ef349447442b82c37d0c55fe12d0200f629",
  "crates/canic/src/macros/endpoints/wasm_store.rs": "1c3bf55a8e360791d35c6ffac5377781e7cda79ed94d6fbb492fe297664ca6fc",
  "crates/canic/src/macros/mod.rs": "8ee29c7567ae67eea85bcc8840374941557e6c9dddce98f6ab04558ae52056cd",
  "crates/canic/src/macros/start.rs": "92ea0403759eb2e165620a9f1b8e1ace3e996d403e0435a50e8bd3de08aba77c",
  "crates/canic/src/prelude/mod.rs": "c295c06e0b0db49e01e6f62983c96d096db3f2dfc7643489015d4b4eb290fbbe",
  "crates/canic/src/protocol.rs": "f6187c8d5c7f254ffc44b0bdabe37cca23597479ad829e927e984c49e8aff050",
  "crates/canic/src/testing/managed_app/mod.rs": "099449043c4ae9800fb49c951a7891c5cc629db96ff6f9163d3e9c6506589091",
  "crates/canic/src/testing/managed_app/tests.rs": "43140286e6110d666ff5d8dfe0f68f8d2713f1321b0b88d46be3984dfbb4cb5e",
  "crates/canic/src/testing/managed_component_group/fixture/README.md": "96a7c4d5252705607c73107c649e92d41870b30aa81f60bf457970de711205ca",
  "crates/canic/src/testing/managed_component_group/fixture/sharding_root_stub.wasm": "fc2c6d931733e9946464059f39066d580c8f259a0d20862a17ee2f11be2e982f",
  "crates/canic/src/testing/managed_component_group/mod.rs": "2ee8cc41b147f28ce0e1e72a102c51de42332e9da7dbfa95bd8ee18e96c71135",
  "crates/canic/src/testing/managed_component_group/model.rs": "ea7c3144fa80e9f3eba30cd9eaaec96408b31ebc7a8705bb690acce9ca8bfc1b",
  "crates/canic/src/testing/managed_component_group/tests.rs": "b14495a06489a223d6b705be9615f74bcc91aa842e52eceb9a786838a7878653",
  "crates/canic/src/testing/mod.rs": "91d2da5d0231208c403503e0578962378c9ab58ba6f2c77629aa357b8f364ee0",
  "crates/canic/tests/blob_storage_endpoint_macro.rs": "5765063379a877de726c6c682939119cf5048e690dbb692064f010e7097cb32a",
  "crates/canic/tests/build_cfg_surface.rs": "e4177121068a9c8550f31b596d858c1329504115d41ebe26cbee243650875ca7",
  "crates/canic/tests/call_facade.rs": "266d4ca79c494aa48dd29ae36520cbbf72e851faf0093e57a8e7b5db93033b75",
  "crates/canic/tests/changelog_governance.rs": "0b126f5a420276e51a919e6bb1cf92fd8dd17305d5e16a969f9bcd480e0bc260",
  "crates/canic/tests/component_deployment_ids.rs": "0547da9ff9c117468b4a05f7f7a58c1f1ba42e8c75a3b17bda3c547e7148d466",
  "crates/canic/tests/config_guide.rs": "9fd093ca049d2950f8cc41937986e4d76f662ccf5f2a5318a434395da00edfa6",
  "crates/canic/tests/control_plane_facade.rs": "89f371823e5f9e8aa5ba8352399eb5ea8249afce1ef9368151e456f4d7754ff4",
  "crates/canic/tests/endpoint_macro.rs": "a8a92df228f218cc3fdff9a4a3b277dc53467effc5e36bbdfec84ae42aa6d352",
  "crates/canic/tests/fixtures/blob_storage_cashier.did": "49bfb163b956974cbf7021f1aa9dd19459a4365362d01e785d68f15c8e5882db",
  "crates/canic/tests/fixtures/blob_storage_gateway.did": "595ceb64871c952f15d66df9bf3298326685137d167a19d9a433d68a8d5508a9",
  "crates/canic/tests/fleet_coordinator_surface.rs": "147d3eb8b60e386ec0de564e2526fd18004354f45ff9d423265809e1460e72c9",
  "crates/canic/tests/install_script_surface.rs": "003ed8819da714a0c7a01e7175ff9c921aa3d823825971628a8da38cd1913b17",
  "crates/canic/tests/managed_endpoint_gate.rs": "845e2573d1e3667b427e697a6e2c8127f156977b9d545abb3038eb52fab39ca0",
  "crates/canic/tests/metrics_facade.rs": "8347cc5aad88712a086ec4852c0db206aca7cdac7962a735bf951864dd07340d",
  "crates/canic/tests/protocol_inventory_gate.rs": "e44543b3b2df8ad492c0dbae0d3d3b7cfdbf04637243fa5be1824281545bcca5",
  "crates/canic/tests/protocol_surface.rs": "fab7291591024a60cbb9bdb121d4c60b8466a1e192e9164d18cfe38cdaa1f5a8",
  "crates/canic/tests/reason_register.rs": "6a7eb76c6f967d92929abe75792fed6bed3c493ccee277919af61633082eabd1",
  "crates/canic/tests/reference_surface.rs": "0d112e0d666d9b8e0cf9798cacb3bca3d525b6a9cae37f9d8a95b7fdd01c1946",
  "crates/canic/tests/release_flow_guard.rs": "5767816e780744de193c22f1e4a49bc1c1212d6fbb9b2794619dddcaf9e7c780",
  "crates/canic/tests/release_index_guard.rs": "ed5960d63a4b5172810587ce72e759e9c928cacaeebef7c5d9dfd4f8151db8a6",
  "crates/canic/tests/workspace_manifest.rs": "58d5af842b6d2ef46aae3f45bbd681b50a2a7331f5b2d606ea369bed2e9fc047",
  "rust-toolchain.toml": "7553618f800829444096beea3dce84c3d07585efda504c19adb6787369bbd9e8",
  "scripts/app/README.md": "82323a96d8fc6ef2bf4a3f2f32c842ad62536369fc9265c2ef7ac9f3b4ca53c0",
  "scripts/ci/audit-product-tree-hash.sh": "ac7ab348d0e9a18df9def45f89f1c403f7c23e523eaf58da03b5099fb2634417",
  "scripts/ci/auth-renewal-cli-proof-lib.sh": "de87b2a71ec319d7f6639e217f1dac3173279d8f24574471d42c970432bceb6c",
  "scripts/ci/blob-storage-cli-proof-lib.sh": "85c2ca832e34bff5f0e9c7ce8e5d8f3f619d937c9d76f205c6e72a3ec1df33be",
  "scripts/ci/build-ci-wasm-artifacts.sh": "4afebdcd21cdbd0fd8309cb2a0efcd57d97aa37df1b75ca8b147e36c8d6f9464",
  "scripts/ci/bump-version.sh": "0c44f00bb394d92ee471ebed150e55a676b15a161d9d5e2af7f45e2dd744242b",
  "scripts/ci/check-audit-method-catalog.sh": "82a9247dd34694903cac42171786eb02b943ce72c4ff04d1acbde1a42c2658ab",
  "scripts/ci/check-blob-storage-cashier-inventory-gate.sh": "bdedbbb6e29bc7059c6ea596f96fce233c6be373d89b6a13ec2d40e6d2d4467c",
  "scripts/ci/check-blob-storage-inventory-gate.sh": "67277bdacc4bfa7d484517a7022c941f478035a5f3667672cbee1930f69bea74",
  "scripts/ci/check-control-plane-feature-matrix.sh": "c02864b59e845236a8533faf95826011c2376a6b062c5de9473456aac70c2a69",
  "scripts/ci/check-current-document-semantics.sh": "49b9ea3108d4b003b5013ed33e2868e3a08845ebda05373399ee74188227419c",
  "scripts/ci/check-dependency-risk-inventory.sh": "6d3c50a1630a15c4c5224315cf41ada2f7106aaca9cf94d28c1e904432c602cb",
  "scripts/ci/check-fast-patch-eligibility.sh": "8c83676e897d2ab6d5fc7e58596eed182c0d30ca9b4d6b007e24260c39ab63e9",
  "scripts/ci/check-pocketic-version-alignment.sh": "6467fe66efa3a23eb230d7cf844656844bd02d28123647065cac52e490712c38",
  "scripts/ci/check-pre-1-0-hard-cut.sh": "250a64f4588a5cc1bd6417eddba4a15f4abb297641da74fcc8fd27331af6e67c",
  "scripts/ci/check-publish-manifest-boundary.sh": "f04d6f9e64afd9fb389361813af5c1a5b4493f145d87d85c991780fef81d0a7b",
  "scripts/ci/check-recovery-runbooks.sh": "6940400d47bbdfe650389bf2856d2cbd27bcb9a7058e2d384e918ec713d89721",
  "scripts/ci/check-release-candidate.sh": "ae6f85fe77168af32fe01a5678b4513ed75771a3cbe774a7c8ddae4aa0c2d8c8",
  "scripts/ci/check-release-draft-ready.sh": "ccac9b07391a2f46aab77064120f8159413f4fee6af4f60a3250e8fadf189564",
  "scripts/ci/check-release-index.sh": "3b54a68e983a90c20b0f2151812e46532aeb9c6b166eb8d90f026d7957b1495f",
  "scripts/ci/check-release-integrity-contract.sh": "abdbe4f82987c985fbc896bbd71c88c002a5b6900b4dd7f4a53cde2a016b1d83",
  "scripts/ci/check-release-push-ready.sh": "0e45ff634ecb416a130d406d207933061890125e9e3352ba73e4b2146da2d73b",
  "scripts/ci/check-release-remote-state.sh": "77b3b4ec19969ce06082e05f109dd0f8d2c2f230e1fbc4fb776961e8f50c213e",
  "scripts/ci/check-release-validation-matrix.sh": "84eacc0cb041fee384639a743ce14d0c4200f830b87b9ea3a48f39b8398ef276",
  "scripts/ci/check-runner-disk-space.sh": "3e1621f771957fd58b8184f39872d651b4dadc7c685d35042ae2b90222df6621",
  "scripts/ci/check-wasm-crypto-closure.sh": "ef16af2fcc6687481af6907167cafe7bda2c06851642a44c77cb5525aefc5590",
  "scripts/ci/check-workspace-test-inventory.sh": "9638a8311580d4978e52f0661c9ae0db95f430ac058634094a7fb78f9f2521aa",
  "scripts/ci/cleanup-release-artifacts.sh": "e9abbe17410cf29bbf12bbbdd94ba7282249565bda6d0b7b6596efba4e1da29d",
  "scripts/ci/dependency-risk-inventory.tsv": "49d2fb2347cb9b9181509cfd4cc0d500114d0fcffa2f5f28e80089adec846757",
  "scripts/ci/doc-guard-lib.sh": "8b9771e006539b7f098eed84abc5261fa2f47b8be22341880896d410996bfb11",
  "scripts/ci/install-actionlint.sh": "be3c7f0b574dc474437d08d0bf9563adfcb361d625a768440b1c557091d7f0b7",
  "scripts/ci/install-binaryen.sh": "20899b9723277489a0c4a790bba5265cd4b1f20ce6c5c394f5ef1c286c168e90",
  "scripts/ci/install-gitleaks.sh": "8704997b69cd7799b730b4a02a1c60c5c3aa87b15bbc2526974d455b7c21fb07",
  "scripts/ci/install-ic-wasm.sh": "dbcfeeb78f4308fe947056f3d77f3a78912ebe222ddf0da8481200b0e3cf6bc3",
  "scripts/ci/install-icp-cli.sh": "796f97bb9a128951302a1c2ccd7b1c2662566c72ba61ff312cb253994a5ab6bc",
  "scripts/ci/install-pocketic.sh": "d6095276888c08555fa3e1878df77e8c6bdece2a26ac34023a799cd10ad12910",
  "scripts/ci/install-shellcheck.sh": "214e7675681221cf6bbaf08a6b8e4b9cd41b2dbc4a5df06b84955ff0237b1ada",
  "scripts/ci/instruction-audit-report.sh": "eee02a45e2fd6512b2641209c12ad33e08b9d1659114bf9a828face730a044cc",
  "scripts/ci/list-config-canisters.sh": "d4923f84ce221736e71619a148069f7e77b42e1270689224716fa28ede7e4542",
  "scripts/ci/native-icp-lib.sh": "27e26c3bb97def7c3e409dd580036665ea01ad50818d6c9c311c0819ebe7572a",
  "scripts/ci/publish-workspace.sh": "fb45e2b00ea186d2f69b9d1fd0e3ba158a374be37040d92f9159d3c8f7d69517",
  "scripts/ci/push-release.sh": "f577e98a179d40c41ec621390471bc35ff9432316103fdf2ae99ded1cb5200f8",
  "scripts/ci/read-workspace-version.sh": "eebc7218f8d7f213f071aedc4ff35cfa97744e927eecdd5db1d51d9c9ea1352f",
  "scripts/ci/require_icp.sh": "089e5408ede48b45d95813d96ed7ad9bfa9814453a0630af7eff3fa80b5636b2",
  "scripts/ci/run-layering-guards.sh": "93ac1f3c77d9d58009cae84c4570e51306a077a207262c9316aea6f2fdae122c",
  "scripts/ci/run-release-validation-lane.sh": "44a98bb191b29952419069932a073b8de6af43c02d0677ec19e82302195707cc",
  "scripts/ci/run-sccache.sh": "4de57ebce109e5fab884bd476a40bef26bc1b3b7a669a3a3b28a830e6c9f735b",
  "scripts/ci/run-secret-scan.sh": "1496d94ee52753d1bad79b47bd1c600b643dd037e218b5dece718b9f19c87480",
  "scripts/ci/run-validation-targets.sh": "a5af63c3066d47dfe75c5ae2359c6feb874768ec2d8f9b77bf8c051c8d7858d6",
  "scripts/ci/run-with-test-scratch.sh": "cbf36dfec2325664bdabd72f8a934107fe4f2387a91a01236313d2fdfdf6d654",
  "scripts/ci/run-workspace-tests.sh": "5a68f8c21a2e0a6cdf44dff620c6b5d0c9a1c9303785064e14af61cc54034cd1",
  "scripts/ci/stop-owned-pocketic-servers.sh": "a25f31b88a5f77edbce451a2ab8572e12d84505f2a8de31b8ca1e64d259e8ba1",
  "scripts/ci/sync-release-surface-version.sh": "c22496432f343c0436ecf1cc74dbe85f715991ef3996666f8e6f3837102efc3e",
  "scripts/ci/test-binaryen-update-check.sh": "4c91c89b7695c59d10255845b0d555820b7ecb0ccc74fcb61b2e4e7a19d40b3a",
  "scripts/ci/test-delete-github-tags-up-to.sh": "3853204418b656fa0700a82c12af6815f71f7af7712a1d13cad276162574cc18",
  "scripts/ci/test-dependency-risk-inventory.sh": "8c5cd3ec4004a7665a3c626a43608e692d537dcab0b03743417f9c7b7a13afae",
  "scripts/ci/test-native-icp.sh": "d4b4d6f5364d98ea9db4b7405171c36518da833cd528a324a2b15147ca80a058",
  "scripts/ci/test-pre-commit-hook.sh": "6f85b50622c8ad1547ce634186ec04a237b662b0ab9d6febe1cbe73a9155091e",
  "scripts/ci/test-publish-manifest-boundary.sh": "c6f694f4bad2a66fecd68663fdfd5f1eef303339cc79138355f0bcbac5b6378a",
  "scripts/ci/test-publish-workspace.sh": "98df217c0a3fd48733b9dbcd045ad50bf96a6e99a933764bd3d65626eb72df4c",
  "scripts/ci/test-release-remote-state.sh": "5bc87ccefd380f6f09f6efec0e7bcc7e8a455b3608e361f83a91403143fd482b",
  "scripts/ci/test-release-validation-lane.sh": "2069b115eb85d8ad8dde28c3bb9292838e63e4a6400717282197d6616f7dffa9",
  "scripts/ci/test-validation-target-runner.sh": "af9d08398639f5cff5f69166b9fed0a73ca63d7df97d51bcbe1e4cf42ba8f2ed",
  "scripts/ci/test-wasm-ablation-report.sh": "cf1b21da6209f691bc70b105dc528c101274bac013d9accfb00cdc6fe794ec61",
  "scripts/ci/test-wasm-capability-size-report.sh": "eeed4a4e4964a43d35e92e0597bffe8a259fbb49e2d6e0e802b26efcd0fb379d",
  "scripts/ci/v1-readiness-smoke.sh": "fbef4a94546f9c50ecbf3eebfad64e5e74c0261c3c643019b341cb127627d818",
  "scripts/ci/verify-file-checksum.sh": "99de53db4bbe7af00d2da5591b18f65e6022d474769d1e3b9a8424010e0eccf6",
  "scripts/ci/verify-installed-canic-cli.sh": "6a598ad892c7f2eb500a4188c679f1fbc81695940a2568b51ab1a07cc4434185",
  "scripts/ci/verify-packaged-downstream-cli.sh": "5234f99d0ee546129c3b27171ff0e6e265012e56d2fa71822fbcc462c5d26aaa",
  "scripts/ci/verify-packaged-downstream-wasm-store.sh": "8cca1113e95d4d0ed0b3f26f5c0416b6e2167c1736d96d00458e27d3133064b2",
  "scripts/ci/wasm-ablation-artifacts.tsv": "2296c270af0681188ee5fd1338d279d1254b0505a046d8bcbf0bb811446bbec2",
  "scripts/ci/wasm-ablation-build-artifact.rs": "58f2453cae5124246666f8b53eca37040ef3bd2c829e624d7dec0e3864056f91",
  "scripts/ci/wasm-ablation-experiments.tsv": "94b16d80322ac73e95b5c86f70091612e69845f5bcd8712bd48c09fb4f85f156",
  "scripts/ci/wasm-ablation-patches/b1-02-global-storage-registration.patch": "9b66e1d344c4f73df993e50fba243dbf6f601fe876ead62b155868649cce7c13",
  "scripts/ci/wasm-ablation-patches/b1-03-activation-record-codecs.patch": "a328aa466efe264d4edd497b105121e3c055235081fc3d63e227abb55199f79b",
  "scripts/ci/wasm-ablation-patches/b1-04-authorization-record-codecs.patch": "0acbbfc0677aaab1e078e6ba8de203a2da0470d6e4a55e66e209e41c89f13f2b",
  "scripts/ci/wasm-ablation-patches/b1-05-relevant-cbor-stub.patch": "1f9f218fb741940c477b4e5b4a457f3f3fd17269d9f0e215da7fc484c55e25b7",
  "scripts/ci/wasm-ablation-patches/b1-06-unconditional-recovery-dispatch.patch": "37bcd14362830bf8cf6fd154309660c5dde951681a0c8cd318c2d1b14f58cf50",
  "scripts/ci/wasm-ablation-patches/b1-08-endpoint-candid-type-construction.patch": "e89c5a1488d7f87bc6bb1ea96913ea72307ed2769f9c59b47973fd12c91af39f",
  "scripts/ci/wasm-ablation-patches/b1-10-candid-serialization-newtypes.patch": "d3f9497af1bf9e23db5cf45881bb6ca3c59ee2676900d1063d8389f165d2a813",
  "scripts/ci/wasm-ablation-patches/b1-11-payload-limited-async-adapters.patch": "5807cfe5496f8b4ca4cf965475ad19777221311afd6f378ad3f2c51741bd4abd",
  "scripts/ci/wasm-ablation-patches/b1-12-metrics-providers.patch": "03fa9ecaf96e7edc2506a34859a65dafbe02b3f064322044bfa6919e508a0c9e",
  "scripts/ci/wasm-ablation-report.sh": "1855017579669c14df734160298f51cf6397c387d563948f6d515fc03fefe91c",
  "scripts/ci/wasm-audit-report.sh": "68c3164708aab17a5a58217f9f9374c3505130e0b8eb36c3a435cc4f779366d0",
  "scripts/ci/wasm-capability-size-report.jq": "04800afb42b9669fb968d5aed8f8b346488b4f673078dde82012f481b951d7d1",
  "scripts/ci/wasm-capability-size-report.sh": "f2a2371fcf167889a31e111e3ea183bf84f30934bc1a3544c9b994babf43f1d4",
  "scripts/ci/wasm-replica-function-count.rs": "bcab127a0a188a1f013eb70c09e595b023fecd6ff55cddaa9a2eb1e40abb6e01",
  "scripts/ci/workspace-test-inventory.tsv": "b5e988a13a211eb38bae8484af0e0f756c461dd570332e9f66c8630cde2549d4",
  "scripts/dev/README.md": "635aeacd35457e9a1fde3d9e904826f19b85c1f4882a1e975d34956c71df9605",
  "scripts/dev/check-binaryen-update.sh": "faa7c3f605b1af85e11b5076c046473eb5df429cb96c80e8d3d6f59ac87d9b7d",
  "scripts/dev/cloc.sh": "d2198d05bf7f363c6b891f9112ce4ea4be9c11f5cbb54f816f084762ace12dcd",
  "scripts/dev/delete-github-tags-up-to.sh": "3b9e812757f80ed0a77e4e161fbc9afac990057041760ff9b47476f16cc650fe",
  "scripts/dev/gh-ci.sh": "e6c6d7bda3a3f0b02cc7448829624cd591886a353ff48b642d258765653fe431",
  "scripts/dev/install-git-hooks.sh": "9a704c07fa1c0b13f037f83d36e16b1f247712cae5e48da157e27ff7afae19df",
  "scripts/dev/install_dev.sh": "f162a982354eee74aa39dd29785b215454ff7f6890ef21e19e52eb7ced97f97a",
  "scripts/dev/report-release-cadence.sh": "9beb92707b12cbc567cc9798d05167d63d58c74676912d5f700fd1b2dea643be",
  "scripts/dev/update-icp-cli-pin.sh": "88412fea835c9e8582d75fdb74a891a71567a19a7885bc3ea6a6eeac1317c237",
  "tool-versions.env": "e35c156fee0e329f70522e54471b7254205a0307d16f24cda03d61a61c897490"
}

Command: bash scripts/ci/check-current-document-semantics.sh
Result: pass
Log SHA-256: e5461a7e167c24d033c30e1681c7e5e8488491ac04ba78c1c6f43bb5407f97d0
current document semantics guard passed (0 advisory layout warning(s))

Command: bash scripts/ci/check-release-draft-ready.sh patch
Result: pass
Log SHA-256: 2685396ded446b1170b2c5c4ccc9373fbc4e4eea4fc3cc715c34f26da2b92605
✅ Release-notes preflight passed for 0.110.14

Local document links and git diff --check: pass
